{
    "bindings": [
        {
            "font": "{4a330ee8-f16b-4f70-8beb-b35f18d11505}",
            "language": "{9ac912ec-e49e-49c8-8315-53662ac0d34d}",
            "string": "{039e1392-5cef-4b10-bec4-f10c58ac7d34}"
        },
        {
            "font": "{4a330ee8-f16b-4f70-8beb-b35f18d11505}",
            "language": "{9ac912ec-e49e-49c8-8315-53662ac0d34d}",
            "string": "{03c05de3-6c2e-450e-93c4-ec78b6472fc4}"
        },
        {
            "font": "{4a330ee8-f16b-4f70-8beb-b35f18d11505}",
            "language": "{9ac912ec-e49e-49c8-8315-53662ac0d34d}",
            "string": "{0e194d54-8648-4af9-8813-3736d35ec2f0}"
        },
        {
            "font": "{4a330ee8-f16b-4f70-8beb-b35f18d11505}",
            "language": "{9ac912ec-e49e-49c8-8315-53662ac0d34d}",
            "string": "{1cea53e3-ac34-44cd-b3f5-650897480323}"
        },
        {
            "font": "{4a330ee8-f16b-4f70-8beb-b35f18d11505}",
            "language": "{9ac912ec-e49e-49c8-8315-53662ac0d34d}",
            "string": "{512b01e0-cb1a-4559-97be-60be2b9f9227}"
        },
        {
            "font": "{4a330ee8-f16b-4f70-8beb-b35f18d11505}",
            "language": "{9ac912ec-e49e-49c8-8315-53662ac0d34d}",
            "string": "{52fb05e6-6764-4f16-8dbd-cf4155523c8c}"
        },
        {
            "font": "{4a330ee8-f16b-4f70-8beb-b35f18d11505}",
            "language": "{9ac912ec-e49e-49c8-8315-53662ac0d34d}",
            "string": "{657ff41d-f61b-4bd2-84f4-913bedc5da07}"
        },
        {
            "font": "{4a330ee8-f16b-4f70-8beb-b35f18d11505}",
            "language": "{9ac912ec-e49e-49c8-8315-53662ac0d34d}",
            "string": "{6b11676c-2073-4122-a8bd-8e14e873f046}"
        },
        {
            "font": "{4a330ee8-f16b-4f70-8beb-b35f18d11505}",
            "language": "{9ac912ec-e49e-49c8-8315-53662ac0d34d}",
            "string": "{6c27ae7e-ad6b-42be-b80b-1988adf88018}"
        },
        {
            "font": "{4a330ee8-f16b-4f70-8beb-b35f18d11505}",
            "language": "{9ac912ec-e49e-49c8-8315-53662ac0d34d}",
            "string": "{7f14754a-51db-41fa-b08f-4861f17e768e}"
        },
        {
            "font": "{4a330ee8-f16b-4f70-8beb-b35f18d11505}",
            "language": "{9ac912ec-e49e-49c8-8315-53662ac0d34d}",
            "string": "{835c90d2-3985-4cc1-b041-bc14f4c2892a}"
        },
        {
            "font": "{4a330ee8-f16b-4f70-8beb-b35f18d11505}",
            "language": "{9ac912ec-e49e-49c8-8315-53662ac0d34d}",
            "string": "{85c4d10d-ca9d-49b2-b4b6-3f0014819691}"
        },
        {
            "font": "{4a330ee8-f16b-4f70-8beb-b35f18d11505}",
            "language": "{9ac912ec-e49e-49c8-8315-53662ac0d34d}",
            "string": "{9160fd7a-f5cb-4a8d-b05c-69c7cdb8f1b9}"
        },
        {
            "font": "{4a330ee8-f16b-4f70-8beb-b35f18d11505}",
            "language": "{9ac912ec-e49e-49c8-8315-53662ac0d34d}",
            "string": "{99aa704c-0ffa-421d-b501-dcf305a219c7}"
        },
        {
            "font": "{4a330ee8-f16b-4f70-8beb-b35f18d11505}",
            "language": "{9ac912ec-e49e-49c8-8315-53662ac0d34d}",
            "string": "{9b103df4-f058-4041-8b1a-1c0676a584af}"
        },
        {
            "font": "{4a330ee8-f16b-4f70-8beb-b35f18d11505}",
            "language": "{9ac912ec-e49e-49c8-8315-53662ac0d34d}",
            "string": "{a095eb9d-ad83-4989-b714-9268d2c886d9}"
        },
        {
            "font": "{4a330ee8-f16b-4f70-8beb-b35f18d11505}",
            "language": "{9ac912ec-e49e-49c8-8315-53662ac0d34d}",
            "string": "{b246e176-a752-4899-803c-92017bd0cada}"
        },
        {
            "font": "{4a330ee8-f16b-4f70-8beb-b35f18d11505}",
            "language": "{9ac912ec-e49e-49c8-8315-53662ac0d34d}",
            "string": "{b661cdd9-da15-45c9-8011-32867be5d463}"
        },
        {
            "font": "{4a330ee8-f16b-4f70-8beb-b35f18d11505}",
            "language": "{9ac912ec-e49e-49c8-8315-53662ac0d34d}",
            "string": "{bbb1d748-26ab-42f7-ad9a-a855175fb09b}"
        },
        {
            "font": "{4a330ee8-f16b-4f70-8beb-b35f18d11505}",
            "language": "{9ac912ec-e49e-49c8-8315-53662ac0d34d}",
            "string": "{bd9ac97d-cf36-4c47-a5e9-dcffda823d9e}"
        },
        {
            "font": "{4a330ee8-f16b-4f70-8beb-b35f18d11505}",
            "language": "{9ac912ec-e49e-49c8-8315-53662ac0d34d}",
            "string": "{c57aad22-87c3-4687-ae78-ffcfa62c4df2}"
        },
        {
            "font": "{4a330ee8-f16b-4f70-8beb-b35f18d11505}",
            "language": "{9ac912ec-e49e-49c8-8315-53662ac0d34d}",
            "string": "{cba6e708-2e8c-44ff-a091-8af08b091238}"
        },
        {
            "font": "{4a330ee8-f16b-4f70-8beb-b35f18d11505}",
            "language": "{9ac912ec-e49e-49c8-8315-53662ac0d34d}",
            "string": "{cf04c4e1-ffe7-4cee-a9c0-e9824f8e912e}"
        },
        {
            "font": "{4a330ee8-f16b-4f70-8beb-b35f18d11505}",
            "language": "{9ac912ec-e49e-49c8-8315-53662ac0d34d}",
            "string": "{da1edb51-9ffc-472a-996a-c6a48d3eb900}"
        },
        {
            "font": "{4a330ee8-f16b-4f70-8beb-b35f18d11505}",
            "language": "{9ac912ec-e49e-49c8-8315-53662ac0d34d}",
            "string": "{e6e3ac85-ab3b-4e48-a704-2c62b58cfed0}"
        },
        {
            "font": "{4a330ee8-f16b-4f70-8beb-b35f18d11505}",
            "language": "{9ac912ec-e49e-49c8-8315-53662ac0d34d}",
            "string": "{f5b8af15-ade8-4918-a898-7690ab6a469a}"
        }
    ],
    "defaultLanguage": "{9ac912ec-e49e-49c8-8315-53662ac0d34d}",
    "encoding": "ASCII",
    "languages": [
        {
            "properties": {
                "__categories": [
                ],
                "__groups": [
                ],
                "enabled": {
                    "enabled": true,
                    "type": "boolean",
                    "value": true,
                    "visible": true
                },
                "id": {
                    "enabled": true,
                    "type": "uuid",
                    "value": "{9ac912ec-e49e-49c8-8315-53662ac0d34d}",
                    "visible": true
                },
                "name": {
                    "enabled": true,
                    "type": "text",
                    "value": "Default",
                    "visible": true
                }
            }
        }
    ],
    "paths": [
    ],
    "strings": [
        {
            "properties": {
                "__categories": [
                ],
                "__groups": [
                ],
                "description": {
                    "enabled": true,
                    "type": "text",
                    "value": "",
                    "visible": true
                },
                "id": {
                    "enabled": true,
                    "type": "uuid",
                    "value": "{039e1392-5cef-4b10-bec4-f10c58ac7d34}",
                    "visible": true
                },
                "name": {
                    "enabled": true,
                    "type": "text",
                    "value": "strJun",
                    "visible": true
                },
                "path": {
                    "enabled": true,
                    "type": "text",
                    "value": "/",
                    "visible": true
                }
            },
            "values": [
                {
                    "language": "{9ac912ec-e49e-49c8-8315-53662ac0d34d}",
                    "value": "June"
                }
            ]
        },
        {
            "properties": {
                "__categories": [
                ],
                "__groups": [
                ],
                "description": {
                    "enabled": true,
                    "type": "text",
                    "value": "",
                    "visible": true
                },
                "id": {
                    "enabled": true,
                    "type": "uuid",
                    "value": "{03c05de3-6c2e-450e-93c4-ec78b6472fc4}",
                    "visible": true
                },
                "name": {
                    "enabled": true,
                    "type": "text",
                    "value": "strSat",
                    "visible": true
                },
                "path": {
                    "enabled": true,
                    "type": "text",
                    "value": "/",
                    "visible": true
                }
            },
            "values": [
                {
                    "language": "{9ac912ec-e49e-49c8-8315-53662ac0d34d}",
                    "value": "Sat"
                }
            ]
        },
        {
            "properties": {
                "__categories": [
                ],
                "__groups": [
                ],
                "description": {
                    "enabled": true,
                    "type": "text",
                    "value": "",
                    "visible": true
                },
                "id": {
                    "enabled": true,
                    "type": "uuid",
                    "value": "{0e194d54-8648-4af9-8813-3736d35ec2f0}",
                    "visible": true
                },
                "name": {
                    "enabled": true,
                    "type": "text",
                    "value": "strThu",
                    "visible": true
                },
                "path": {
                    "enabled": true,
                    "type": "text",
                    "value": "/",
                    "visible": true
                }
            },
            "values": [
                {
                    "language": "{9ac912ec-e49e-49c8-8315-53662ac0d34d}",
                    "value": "Thu"
                }
            ]
        },
        {
            "properties": {
                "__categories": [
                ],
                "__groups": [
                ],
                "description": {
                    "enabled": true,
                    "type": "text",
                    "value": "",
                    "visible": true
                },
                "id": {
                    "enabled": true,
                    "type": "uuid",
                    "value": "{12a767f1-7dc4-4dd3-baff-ef00dc520cf3}",
                    "visible": true
                },
                "name": {
                    "enabled": true,
                    "type": "text",
                    "value": "String",
                    "visible": true
                },
                "path": {
                    "enabled": true,
                    "type": "text",
                    "value": "/",
                    "visible": true
                }
            },
            "values": [
            ]
        },
        {
            "properties": {
                "__categories": [
                ],
                "__groups": [
                ],
                "description": {
                    "enabled": true,
                    "type": "text",
                    "value": "",
                    "visible": true
                },
                "id": {
                    "enabled": true,
                    "type": "uuid",
                    "value": "{1cea53e3-ac34-44cd-b3f5-650897480323}",
                    "visible": true
                },
                "name": {
                    "enabled": true,
                    "type": "text",
                    "value": "strSetDate",
                    "visible": true
                },
                "path": {
                    "enabled": true,
                    "type": "text",
                    "value": "/",
                    "visible": true
                }
            },
            "values": [
                {
                    "language": "{9ac912ec-e49e-49c8-8315-53662ac0d34d}",
                    "value": "Set Date"
                }
            ]
        },
        {
            "properties": {
                "__categories": [
                ],
                "__groups": [
                ],
                "description": {
                    "enabled": true,
                    "type": "text",
                    "value": "",
                    "visible": true
                },
                "id": {
                    "enabled": true,
                    "type": "uuid",
                    "value": "{512b01e0-cb1a-4559-97be-60be2b9f9227}",
                    "visible": true
                },
                "name": {
                    "enabled": true,
                    "type": "text",
                    "value": "strNextMonth",
                    "visible": true
                },
                "path": {
                    "enabled": true,
                    "type": "text",
                    "value": "/",
                    "visible": true
                }
            },
            "values": [
                {
                    "language": "{9ac912ec-e49e-49c8-8315-53662ac0d34d}",
                    "value": ">"
                }
            ]
        },
        {
            "properties": {
                "__categories": [
                ],
                "__groups": [
                ],
                "description": {
                    "enabled": true,
                    "type": "text",
                    "value": "",
                    "visible": true
                },
                "id": {
                    "enabled": true,
                    "type": "uuid",
                    "value": "{52fb05e6-6764-4f16-8dbd-cf4155523c8c}",
                    "visible": true
                },
                "name": {
                    "enabled": true,
                    "type": "text",
                    "value": "strMon",
                    "visible": true
                },
                "path": {
                    "enabled": true,
                    "type": "text",
                    "value": "/",
                    "visible": true
                }
            },
            "values": [
                {
                    "language": "{9ac912ec-e49e-49c8-8315-53662ac0d34d}",
                    "value": "Mon"
                }
            ]
        },
        {
            "properties": {
                "__categories": [
                ],
                "__groups": [
                ],
                "description": {
                    "enabled": true,
                    "type": "text",
                    "value": "",
                    "visible": true
                },
                "id": {
                    "enabled": true,
                    "type": "uuid",
                    "value": "{657ff41d-f61b-4bd2-84f4-913bedc5da07}",
                    "visible": true
                },
                "name": {
                    "enabled": true,
                    "type": "text",
                    "value": "strJan",
                    "visible": true
                },
                "path": {
                    "enabled": true,
                    "type": "text",
                    "value": "/",
                    "visible": true
                }
            },
            "values": [
                {
                    "language": "{9ac912ec-e49e-49c8-8315-53662ac0d34d}",
                    "value": "January"
                }
            ]
        },
        {
            "properties": {
                "__categories": [
                ],
                "__groups": [
                ],
                "description": {
                    "enabled": true,
                    "type": "text",
                    "value": "",
                    "visible": true
                },
                "id": {
                    "enabled": true,
                    "type": "uuid",
                    "value": "{6b11676c-2073-4122-a8bd-8e14e873f046}",
                    "visible": true
                },
                "name": {
                    "enabled": true,
                    "type": "text",
                    "value": "strTue",
                    "visible": true
                },
                "path": {
                    "enabled": true,
                    "type": "text",
                    "value": "/",
                    "visible": true
                }
            },
            "values": [
                {
                    "language": "{9ac912ec-e49e-49c8-8315-53662ac0d34d}",
                    "value": "Tue"
                }
            ]
        },
        {
            "properties": {
                "__categories": [
                ],
                "__groups": [
                ],
                "description": {
                    "enabled": true,
                    "type": "text",
                    "value": "",
                    "visible": true
                },
                "id": {
                    "enabled": true,
                    "type": "uuid",
                    "value": "{6c27ae7e-ad6b-42be-b80b-1988adf88018}",
                    "visible": true
                },
                "name": {
                    "enabled": true,
                    "type": "text",
                    "value": "strPrevMonth",
                    "visible": true
                },
                "path": {
                    "enabled": true,
                    "type": "text",
                    "value": "/",
                    "visible": true
                }
            },
            "values": [
                {
                    "language": "{9ac912ec-e49e-49c8-8315-53662ac0d34d}",
                    "value": "<"
                }
            ]
        },
        {
            "properties": {
                "__categories": [
                ],
                "__groups": [
                ],
                "description": {
                    "enabled": true,
                    "type": "text",
                    "value": "",
                    "visible": true
                },
                "id": {
                    "enabled": true,
                    "type": "uuid",
                    "value": "{7f14754a-51db-41fa-b08f-4861f17e768e}",
                    "visible": true
                },
                "name": {
                    "enabled": true,
                    "type": "text",
                    "value": "strDec",
                    "visible": true
                },
                "path": {
                    "enabled": true,
                    "type": "text",
                    "value": "/",
                    "visible": true
                }
            },
            "values": [
                {
                    "language": "{9ac912ec-e49e-49c8-8315-53662ac0d34d}",
                    "value": "December"
                }
            ]
        },
        {
            "properties": {
                "__categories": [
                ],
                "__groups": [
                ],
                "description": {
                    "enabled": true,
                    "type": "text",
                    "value": "",
                    "visible": true
                },
                "id": {
                    "enabled": true,
                    "type": "uuid",
                    "value": "{835c90d2-3985-4cc1-b041-bc14f4c2892a}",
                    "visible": true
                },
                "name": {
                    "enabled": true,
                    "type": "text",
                    "value": "strNextYear",
                    "visible": true
                },
                "path": {
                    "enabled": true,
                    "type": "text",
                    "value": "/",
                    "visible": true
                }
            },
            "values": [
                {
                    "language": "{9ac912ec-e49e-49c8-8315-53662ac0d34d}",
                    "value": ">>"
                }
            ]
        },
        {
            "properties": {
                "__categories": [
                ],
                "__groups": [
                ],
                "description": {
                    "enabled": true,
                    "type": "text",
                    "value": "",
                    "visible": true
                },
                "id": {
                    "enabled": true,
                    "type": "uuid",
                    "value": "{85c4d10d-ca9d-49b2-b4b6-3f0014819691}",
                    "visible": true
                },
                "name": {
                    "enabled": true,
                    "type": "text",
                    "value": "strDefaultYear",
                    "visible": true
                },
                "path": {
                    "enabled": true,
                    "type": "text",
                    "value": "/",
                    "visible": true
                }
            },
            "values": [
                {
                    "language": "{9ac912ec-e49e-49c8-8315-53662ac0d34d}",
                    "value": "2025"
                }
            ]
        },
        {
            "properties": {
                "__categories": [
                ],
                "__groups": [
                ],
                "description": {
                    "enabled": true,
                    "type": "text",
                    "value": "",
                    "visible": true
                },
                "id": {
                    "enabled": true,
                    "type": "uuid",
                    "value": "{9160fd7a-f5cb-4a8d-b05c-69c7cdb8f1b9}",
                    "visible": true
                },
                "name": {
                    "enabled": true,
                    "type": "text",
                    "value": "strAug",
                    "visible": true
                },
                "path": {
                    "enabled": true,
                    "type": "text",
                    "value": "/",
                    "visible": true
                }
            },
            "values": [
                {
                    "language": "{9ac912ec-e49e-49c8-8315-53662ac0d34d}",
                    "value": "August"
                }
            ]
        },
        {
            "properties": {
                "__categories": [
                ],
                "__groups": [
                ],
                "description": {
                    "enabled": true,
                    "type": "text",
                    "value": "",
                    "visible": true
                },
                "id": {
                    "enabled": true,
                    "type": "uuid",
                    "value": "{99aa704c-0ffa-421d-b501-dcf305a219c7}",
                    "visible": true
                },
                "name": {
                    "enabled": true,
                    "type": "text",
                    "value": "strWed",
                    "visible": true
                },
                "path": {
                    "enabled": true,
                    "type": "text",
                    "value": "/",
                    "visible": true
                }
            },
            "values": [
                {
                    "language": "{9ac912ec-e49e-49c8-8315-53662ac0d34d}",
                    "value": "Wed"
                }
            ]
        },
        {
            "properties": {
                "__categories": [
                ],
                "__groups": [
                ],
                "description": {
                    "enabled": true,
                    "type": "text",
                    "value": "",
                    "visible": true
                },
                "id": {
                    "enabled": true,
                    "type": "uuid",
                    "value": "{9b103df4-f058-4041-8b1a-1c0676a584af}",
                    "visible": true
                },
                "name": {
                    "enabled": true,
                    "type": "text",
                    "value": "strSun",
                    "visible": true
                },
                "path": {
                    "enabled": true,
                    "type": "text",
                    "value": "/",
                    "visible": true
                }
            },
            "values": [
                {
                    "language": "{9ac912ec-e49e-49c8-8315-53662ac0d34d}",
                    "value": "Sun"
                }
            ]
        },
        {
            "properties": {
                "__categories": [
                ],
                "__groups": [
                ],
                "description": {
                    "enabled": true,
                    "type": "text",
                    "value": "",
                    "visible": true
                },
                "id": {
                    "enabled": true,
                    "type": "uuid",
                    "value": "{a095eb9d-ad83-4989-b714-9268d2c886d9}",
                    "visible": true
                },
                "name": {
                    "enabled": true,
                    "type": "text",
                    "value": "strMar",
                    "visible": true
                },
                "path": {
                    "enabled": true,
                    "type": "text",
                    "value": "/",
                    "visible": true
                }
            },
            "values": [
                {
                    "language": "{9ac912ec-e49e-49c8-8315-53662ac0d34d}",
                    "value": "March"
                }
            ]
        },
        {
            "properties": {
                "__categories": [
                ],
                "__groups": [
                ],
                "description": {
                    "enabled": true,
                    "type": "text",
                    "value": "",
                    "visible": true
                },
                "id": {
                    "enabled": true,
                    "type": "uuid",
                    "value": "{b246e176-a752-4899-803c-92017bd0cada}",
                    "visible": true
                },
                "name": {
                    "enabled": true,
                    "type": "text",
                    "value": "strNov",
                    "visible": true
                },
                "path": {
                    "enabled": true,
                    "type": "text",
                    "value": "/",
                    "visible": true
                }
            },
            "values": [
                {
                    "language": "{9ac912ec-e49e-49c8-8315-53662ac0d34d}",
                    "value": "November"
                }
            ]
        },
        {
            "properties": {
                "__categories": [
                ],
                "__groups": [
                ],
                "description": {
                    "enabled": true,
                    "type": "text",
                    "value": "",
                    "visible": true
                },
                "id": {
                    "enabled": true,
                    "type": "uuid",
                    "value": "{b661cdd9-da15-45c9-8011-32867be5d463}",
                    "visible": true
                },
                "name": {
                    "enabled": true,
                    "type": "text",
                    "value": "strFri",
                    "visible": true
                },
                "path": {
                    "enabled": true,
                    "type": "text",
                    "value": "/",
                    "visible": true
                }
            },
            "values": [
                {
                    "language": "{9ac912ec-e49e-49c8-8315-53662ac0d34d}",
                    "value": "Fri"
                }
            ]
        },
        {
            "properties": {
                "__categories": [
                ],
                "__groups": [
                ],
                "description": {
                    "enabled": true,
                    "type": "text",
                    "value": "",
                    "visible": true
                },
                "id": {
                    "enabled": true,
                    "type": "uuid",
                    "value": "{bbb1d748-26ab-42f7-ad9a-a855175fb09b}",
                    "visible": true
                },
                "name": {
                    "enabled": true,
                    "type": "text",
                    "value": "strJul",
                    "visible": true
                },
                "path": {
                    "enabled": true,
                    "type": "text",
                    "value": "/",
                    "visible": true
                }
            },
            "values": [
                {
                    "language": "{9ac912ec-e49e-49c8-8315-53662ac0d34d}",
                    "value": "July"
                }
            ]
        },
        {
            "properties": {
                "__categories": [
                ],
                "__groups": [
                ],
                "description": {
                    "enabled": true,
                    "type": "text",
                    "value": "",
                    "visible": true
                },
                "id": {
                    "enabled": true,
                    "type": "uuid",
                    "value": "{bd9ac97d-cf36-4c47-a5e9-dcffda823d9e}",
                    "visible": true
                },
                "name": {
                    "enabled": true,
                    "type": "text",
                    "value": "strSept",
                    "visible": true
                },
                "path": {
                    "enabled": true,
                    "type": "text",
                    "value": "/",
                    "visible": true
                }
            },
            "values": [
                {
                    "language": "{9ac912ec-e49e-49c8-8315-53662ac0d34d}",
                    "value": "September"
                }
            ]
        },
        {
            "properties": {
                "__categories": [
                ],
                "__groups": [
                ],
                "description": {
                    "enabled": true,
                    "type": "text",
                    "value": "",
                    "visible": true
                },
                "id": {
                    "enabled": true,
                    "type": "uuid",
                    "value": "{c57aad22-87c3-4687-ae78-ffcfa62c4df2}",
                    "visible": true
                },
                "name": {
                    "enabled": true,
                    "type": "text",
                    "value": "strOct",
                    "visible": true
                },
                "path": {
                    "enabled": true,
                    "type": "text",
                    "value": "/",
                    "visible": true
                }
            },
            "values": [
                {
                    "language": "{9ac912ec-e49e-49c8-8315-53662ac0d34d}",
                    "value": "October"
                }
            ]
        },
        {
            "properties": {
                "__categories": [
                ],
                "__groups": [
                ],
                "description": {
                    "enabled": true,
                    "type": "text",
                    "value": "",
                    "visible": true
                },
                "id": {
                    "enabled": true,
                    "type": "uuid",
                    "value": "{cba6e708-2e8c-44ff-a091-8af08b091238}",
                    "visible": true
                },
                "name": {
                    "enabled": true,
                    "type": "text",
                    "value": "strPrevYear",
                    "visible": true
                },
                "path": {
                    "enabled": true,
                    "type": "text",
                    "value": "/",
                    "visible": true
                }
            },
            "values": [
                {
                    "language": "{9ac912ec-e49e-49c8-8315-53662ac0d34d}",
                    "value": "<<"
                }
            ]
        },
        {
            "properties": {
                "__categories": [
                ],
                "__groups": [
                ],
                "description": {
                    "enabled": true,
                    "type": "text",
                    "value": "",
                    "visible": true
                },
                "id": {
                    "enabled": true,
                    "type": "uuid",
                    "value": "{cf04c4e1-ffe7-4cee-a9c0-e9824f8e912e}",
                    "visible": true
                },
                "name": {
                    "enabled": true,
                    "type": "text",
                    "value": "strClose",
                    "visible": true
                },
                "path": {
                    "enabled": true,
                    "type": "text",
                    "value": "/",
                    "visible": true
                }
            },
            "values": [
                {
                    "language": "{9ac912ec-e49e-49c8-8315-53662ac0d34d}",
                    "value": "Close"
                }
            ]
        },
        {
            "properties": {
                "__categories": [
                ],
                "__groups": [
                ],
                "description": {
                    "enabled": true,
                    "type": "text",
                    "value": "",
                    "visible": true
                },
                "id": {
                    "enabled": true,
                    "type": "uuid",
                    "value": "{da1edb51-9ffc-472a-996a-c6a48d3eb900}",
                    "visible": true
                },
                "name": {
                    "enabled": true,
                    "type": "text",
                    "value": "strApr",
                    "visible": true
                },
                "path": {
                    "enabled": true,
                    "type": "text",
                    "value": "/",
                    "visible": true
                }
            },
            "values": [
                {
                    "language": "{9ac912ec-e49e-49c8-8315-53662ac0d34d}",
                    "value": "April"
                }
            ]
        },
        {
            "properties": {
                "__categories": [
                ],
                "__groups": [
                ],
                "description": {
                    "enabled": true,
                    "type": "text",
                    "value": "",
                    "visible": true
                },
                "id": {
                    "enabled": true,
                    "type": "uuid",
                    "value": "{e6e3ac85-ab3b-4e48-a704-2c62b58cfed0}",
                    "visible": true
                },
                "name": {
                    "enabled": true,
                    "type": "text",
                    "value": "strFeb",
                    "visible": true
                },
                "path": {
                    "enabled": true,
                    "type": "text",
                    "value": "/",
                    "visible": true
                }
            },
            "values": [
                {
                    "language": "{9ac912ec-e49e-49c8-8315-53662ac0d34d}",
                    "value": "February"
                }
            ]
        },
        {
            "properties": {
                "__categories": [
                ],
                "__groups": [
                ],
                "description": {
                    "enabled": true,
                    "type": "text",
                    "value": "",
                    "visible": true
                },
                "id": {
                    "enabled": true,
                    "type": "uuid",
                    "value": "{f5b8af15-ade8-4918-a898-7690ab6a469a}",
                    "visible": true
                },
                "name": {
                    "enabled": true,
                    "type": "text",
                    "value": "strMay",
                    "visible": true
                },
                "path": {
                    "enabled": true,
                    "type": "text",
                    "value": "/",
                    "visible": true
                }
            },
            "values": [
                {
                    "language": "{9ac912ec-e49e-49c8-8315-53662ac0d34d}",
                    "value": "May"
                }
            ]
        }
    ]
}
