{
    "bindings": [
        {
            "font": "{21371a47-b188-4bba-9ec6-e84a68855da2}",
            "language": "{107e7b01-5452-42fc-a539-6a46c7cabd17}",
            "string": "{08ad79a3-b124-4861-bbce-eb1380650142}"
        },
        {
            "font": "{21371a47-b188-4bba-9ec6-e84a68855da2}",
            "language": "{107e7b01-5452-42fc-a539-6a46c7cabd17}",
            "string": "{ee446a38-a8f6-4e24-a99a-385c4364a134}"
        },
        {
            "font": "{21371a47-b188-4bba-9ec6-e84a68855da2}",
            "language": "{107e7b01-5452-42fc-a539-6a46c7cabd17}",
            "string": "{f4359605-3b88-45fd-b8ee-ee73c9e290b1}"
        }
    ],
    "defaultLanguage": "{107e7b01-5452-42fc-a539-6a46c7cabd17}",
    "encoding": "ASCII",
    "languages": [
        {
            "properties": {
                "__categories": [
                ],
                "__groups": [
                ],
                "enabled": {
                    "enabled": true,
                    "type": "boolean",
                    "value": true,
                    "visible": true
                },
                "id": {
                    "enabled": true,
                    "type": "uuid",
                    "value": "{107e7b01-5452-42fc-a539-6a46c7cabd17}",
                    "visible": true
                },
                "name": {
                    "enabled": true,
                    "type": "text",
                    "value": "Default",
                    "visible": true
                }
            }
        }
    ],
    "paths": [
    ],
    "strings": [
        {
            "properties": {
                "__categories": [
                ],
                "__groups": [
                ],
                "description": {
                    "enabled": true,
                    "type": "text",
                    "value": "",
                    "visible": true
                },
                "id": {
                    "enabled": true,
                    "type": "uuid",
                    "value": "{08ad79a3-b124-4861-bbce-eb1380650142}",
                    "visible": true
                },
                "name": {
                    "enabled": true,
                    "type": "text",
                    "value": "String_Label",
                    "visible": true
                },
                "path": {
                    "enabled": true,
                    "type": "text",
                    "value": "/",
                    "visible": true
                }
            },
            "values": [
                {
                    "language": "{107e7b01-5452-42fc-a539-6a46c7cabd17}",
                    "value": "Move the slider to change\\nthe fill of the progress bar"
                }
            ]
        },
        {
            "properties": {
                "__categories": [
                ],
                "__groups": [
                ],
                "description": {
                    "enabled": true,
                    "type": "text",
                    "value": "",
                    "visible": true
                },
                "id": {
                    "enabled": true,
                    "type": "uuid",
                    "value": "{ee446a38-a8f6-4e24-a99a-385c4364a134}",
                    "visible": true
                },
                "name": {
                    "enabled": true,
                    "type": "text",
                    "value": "String_Label1",
                    "visible": true
                },
                "path": {
                    "enabled": true,
                    "type": "text",
                    "value": "/",
                    "visible": true
                }
            },
            "values": [
                {
                    "language": "{107e7b01-5452-42fc-a539-6a46c7cabd17}",
                    "value": "50"
                }
            ]
        },
        {
            "properties": {
                "__categories": [
                ],
                "__groups": [
                ],
                "description": {
                    "enabled": true,
                    "type": "text",
                    "value": "",
                    "visible": true
                },
                "id": {
                    "enabled": true,
                    "type": "uuid",
                    "value": "{f4359605-3b88-45fd-b8ee-ee73c9e290b1}",
                    "visible": true
                },
                "name": {
                    "enabled": true,
                    "type": "text",
                    "value": "String_Label2",
                    "visible": true
                },
                "path": {
                    "enabled": true,
                    "type": "text",
                    "value": "/",
                    "visible": true
                }
            },
            "values": [
                {
                    "language": "{107e7b01-5452-42fc-a539-6a46c7cabd17}",
                    "value": "%"
                }
            ]
        }
    ]
}
