{
    "fonts": [
        {
            "id": "{cdf90b54-b5a3-499e-b359-aadf1b8de50d}",
            "name": "FontSmallStatic"
        },
        {
            "id": "{d5ae845f-0a56-4fe3-8c10-d8d5602851a1}",
            "name": "FontBigDynamic"
        },
        {
            "id": "{6b91c518-14c2-488a-a10e-79f7d8dd74c3}",
            "name": "FontBigStatic"
        },
        {
            "id": "{ac9f5a4f-a53b-4349-98df-41c0c6252876}",
            "name": "FontChinese"
        }
    ],
    "paths": [
    ]
}
