{
    "systemLocations": [
        {
            "properties": {
                "__categories": [
                    {
                        "expanded": true,
                        "id": "System Location Properties",
                        "visible": true
                    }
                ],
                "__groups": [
                ],
                "capacity": {
                    "enabled": true,
                    "type": "integer",
                    "value": 0,
                    "visible": true
                },
                "id": {
                    "enabled": true,
                    "type": "uuid",
                    "value": "{9454e1ea-f26b-481f-8dc2-58e84029504f}",
                    "visible": true
                },
                "name": {
                    "enabled": true,
                    "type": "text",
                    "value": "Internal Flash",
                    "visible": true
                }
            }
        },
        {
            "properties": {
                "__categories": [
                    {
                        "expanded": true,
                        "id": "System Location Properties",
                        "visible": true
                    }
                ],
                "__groups": [
                ],
                "capacity": {
                    "enabled": true,
                    "type": "integer",
                    "value": 0,
                    "visible": true
                },
                "id": {
                    "enabled": true,
                    "type": "uuid",
                    "value": "{8df431c2-7a87-47d7-aae2-c8b2135e5659}",
                    "visible": true
                },
                "name": {
                    "enabled": true,
                    "type": "text",
                    "value": "Internal SRAM",
                    "visible": true
                }
            }
        }
    ],
    "userLocations": [
    ]
}
