<?xml version="1.0" encoding="UTF-8" standalone="no"?><configurationDescriptor version="65">
  <logicalFolder displayName="root" name="root" projectFiles="true">
    <logicalFolder displayName="Header Files" name="HeaderFiles" projectFiles="true">
      <logicalFolder displayName="config" name="config" projectFiles="true">
        <logicalFolder displayName="default" name="default" projectFiles="true">
          <logicalFolder displayName="driver" name="driver" projectFiles="true">
            <itemPath>../src/config/default/driver/driver.h</itemPath>
            <itemPath>../src/config/default/driver/driver_common.h</itemPath>
          </logicalFolder>
          <logicalFolder displayName="gfx" name="gfx" projectFiles="true">
            <logicalFolder displayName="driver" name="driver" projectFiles="true">
              <itemPath>../src/config/default/gfx/driver/gfx_driver.h</itemPath>
            </logicalFolder>
            <logicalFolder displayName="legato" name="legato" projectFiles="true">
              <logicalFolder displayName="common" name="common" projectFiles="true">
                <itemPath>../src/config/default/gfx/legato/common/legato_error.h</itemPath>
                <itemPath>../src/config/default/gfx/legato/common/legato_color.h</itemPath>
                <itemPath>../src/config/default/gfx/legato/common/legato_pixelbuffer.h</itemPath>
                <itemPath>../src/config/default/gfx/legato/common/legato_rect.h</itemPath>
                <itemPath>../src/config/default/gfx/legato/common/legato_math.h</itemPath>
                <itemPath>../src/config/default/gfx/legato/common/legato_utils.h</itemPath>
                <itemPath>../src/config/default/gfx/legato/common/legato_common.h</itemPath>
              </logicalFolder>
              <logicalFolder displayName="core" name="core" projectFiles="true">
                <itemPath>../src/config/default/gfx/legato/core/legato_stream.h</itemPath>
                <itemPath>../src/config/default/gfx/legato/core/legato_event.h</itemPath>
                <itemPath>../src/config/default/gfx/legato/core/legato_state.h</itemPath>
                <itemPath>../src/config/default/gfx/legato/core/legato_input.h</itemPath>
                <itemPath>../src/config/default/gfx/legato/core/legato_scheme.h</itemPath>
              </logicalFolder>
              <logicalFolder displayName="datastructure" name="datastructure" projectFiles="true">
                <itemPath>../src/config/default/gfx/legato/datastructure/legato_rectarray.h</itemPath>
                <itemPath>../src/config/default/gfx/legato/datastructure/legato_list.h</itemPath>
                <itemPath>../src/config/default/gfx/legato/datastructure/legato_array.h</itemPath>
              </logicalFolder>
              <logicalFolder displayName="font" name="font" projectFiles="true">
                <itemPath>../src/config/default/gfx/legato/font/legato_font.h</itemPath>
              </logicalFolder>
              <logicalFolder displayName="generated" name="generated" projectFiles="true">
                <logicalFolder displayName="screen" name="screen" projectFiles="true">
                  <itemPath>../src/config/default/gfx/legato/generated/screen/le_gen_screen_Screen0.h</itemPath>
                </logicalFolder>
                <itemPath>../src/config/default/gfx/legato/generated/le_gen_init.h</itemPath>
                <itemPath>../src/config/default/gfx/legato/generated/le_gen_harmony.h</itemPath>
                <itemPath>../src/config/default/gfx/legato/generated/le_gen_assets.h</itemPath>
                <itemPath>../src/config/default/gfx/legato/generated/le_gen_scheme.h</itemPath>
              </logicalFolder>
              <logicalFolder displayName="image" name="image" projectFiles="true">
                <logicalFolder displayName="jpeg" name="jpeg" projectFiles="true">
                  <itemPath>../src/config/default/gfx/legato/image/jpeg/legato_imagedecoder_jpeg_common.h</itemPath>
                  <itemPath>../src/config/default/gfx/legato/image/jpeg/legato_imagedecoder_jpeg.h</itemPath>
                </logicalFolder>
                <logicalFolder displayName="mono" name="mono" projectFiles="true">
                  <itemPath>../src/config/default/gfx/legato/image/mono/legato_imagedecoder_mono.h</itemPath>
                </logicalFolder>
                <logicalFolder displayName="png" name="png" projectFiles="true">
                  <itemPath>../src/config/default/gfx/legato/image/png/legato_imagedecoder_png.h</itemPath>
                  <itemPath>../src/config/default/gfx/legato/image/png/lodepng.h</itemPath>
                </logicalFolder>
                <logicalFolder displayName="raw" name="raw" projectFiles="true">
                  <itemPath>../src/config/default/gfx/legato/image/raw/legato_imagedecoder_raw.h</itemPath>
                </logicalFolder>
                <itemPath>../src/config/default/gfx/legato/image/legato_image.h</itemPath>
                <itemPath>../src/config/default/gfx/legato/image/legato_palette.h</itemPath>
                <itemPath>../src/config/default/gfx/legato/image/legato_image_utils.h</itemPath>
              </logicalFolder>
              <logicalFolder displayName="memory" name="memory" projectFiles="true">
                <itemPath>../src/config/default/gfx/legato/memory/legato_variableheap.h</itemPath>
                <itemPath>../src/config/default/gfx/legato/memory/legato_fixedheap.h</itemPath>
                <itemPath>../src/config/default/gfx/legato/memory/legato_memory.h</itemPath>
              </logicalFolder>
              <logicalFolder displayName="renderer" name="renderer" projectFiles="true">
                <itemPath>../src/config/default/gfx/legato/renderer/legato_renderer.h</itemPath>
                <itemPath>../src/config/default/gfx/legato/renderer/legato_gpu.h</itemPath>
              </logicalFolder>
              <logicalFolder displayName="string" name="string" projectFiles="true">
                <itemPath>../src/config/default/gfx/legato/string/legato_tablestring.h</itemPath>
                <itemPath>../src/config/default/gfx/legato/string/legato_fixedstring.h</itemPath>
                <itemPath>../src/config/default/gfx/legato/string/legato_stringtable.h</itemPath>
                <itemPath>../src/config/default/gfx/legato/string/legato_string_renderer.h</itemPath>
                <itemPath>../src/config/default/gfx/legato/string/legato_stringutils.h</itemPath>
                <itemPath>../src/config/default/gfx/legato/string/legato_string.h</itemPath>
                <itemPath>../src/config/default/gfx/legato/string/legato_dynamicstring.h</itemPath>
              </logicalFolder>
              <logicalFolder displayName="widget" name="widget" projectFiles="true">
                <logicalFolder displayName="arc" name="arc" projectFiles="true">
                  <itemPath>../src/config/default/gfx/legato/widget/arc/legato_widget_arc.h</itemPath>
                </logicalFolder>
                <logicalFolder displayName="bargraph" name="bargraph" projectFiles="true">
                  <itemPath>../src/config/default/gfx/legato/widget/bargraph/legato_widget_bar_graph.h</itemPath>
                </logicalFolder>
                <logicalFolder displayName="button" name="button" projectFiles="true">
                  <itemPath>../src/config/default/gfx/legato/widget/button/legato_widget_button.h</itemPath>
                </logicalFolder>
                <logicalFolder displayName="checkbox" name="checkbox" projectFiles="true">
                  <itemPath>../src/config/default/gfx/legato/widget/checkbox/legato_widget_checkbox.h</itemPath>
                </logicalFolder>
                <logicalFolder displayName="circle" name="circle" projectFiles="true">
                  <itemPath>../src/config/default/gfx/legato/widget/circle/legato_widget_circle.h</itemPath>
                </logicalFolder>
                <logicalFolder displayName="circulargauge" name="circulargauge" projectFiles="true">
                  <itemPath>../src/config/default/gfx/legato/widget/circulargauge/legato_widget_circular_gauge.h</itemPath>
                </logicalFolder>
                <logicalFolder displayName="circularslider" name="circularslider" projectFiles="true">
                  <itemPath>../src/config/default/gfx/legato/widget/circularslider/legato_widget_circular_slider.h</itemPath>
                </logicalFolder>
                <logicalFolder displayName="drawsurface" name="drawsurface" projectFiles="true">
                  <itemPath>../src/config/default/gfx/legato/widget/drawsurface/legato_widget_drawsurface.h</itemPath>
                </logicalFolder>
                <logicalFolder displayName="gradient" name="gradient" projectFiles="true">
                  <itemPath>../src/config/default/gfx/legato/widget/gradient/legato_widget_gradient.h</itemPath>
                </logicalFolder>
                <logicalFolder displayName="groupbox" name="groupbox" projectFiles="true">
                  <itemPath>../src/config/default/gfx/legato/widget/groupbox/legato_widget_groupbox.h</itemPath>
                </logicalFolder>
                <logicalFolder displayName="image" name="image" projectFiles="true">
                  <itemPath>../src/config/default/gfx/legato/widget/image/legato_widget_image.h</itemPath>
                </logicalFolder>
                <logicalFolder displayName="imagerotate" name="imagerotate" projectFiles="true">
                  <itemPath>../src/config/default/gfx/legato/widget/imagerotate/legato_widget_imagerotate.h</itemPath>
                </logicalFolder>
                <logicalFolder displayName="imagescale" name="imagescale" projectFiles="true">
                  <itemPath>../src/config/default/gfx/legato/widget/imagescale/legato_widget_imagescale.h</itemPath>
                </logicalFolder>
                <logicalFolder displayName="imagesequence" name="imagesequence" projectFiles="true">
                  <itemPath>../src/config/default/gfx/legato/widget/imagesequence/legato_widget_imagesequence.h</itemPath>
                </logicalFolder>
                <logicalFolder displayName="keypad" name="keypad" projectFiles="true">
                  <itemPath>../src/config/default/gfx/legato/widget/keypad/legato_widget_keypad.h</itemPath>
                </logicalFolder>
                <logicalFolder displayName="label" name="label" projectFiles="true">
                  <itemPath>../src/config/default/gfx/legato/widget/label/legato_widget_label.h</itemPath>
                </logicalFolder>
                <logicalFolder displayName="line" name="line" projectFiles="true">
                  <itemPath>../src/config/default/gfx/legato/widget/line/legato_widget_line.h</itemPath>
                </logicalFolder>
                <logicalFolder displayName="linegraph" name="linegraph" projectFiles="true">
                  <itemPath>../src/config/default/gfx/legato/widget/linegraph/legato_widget_line_graph.h</itemPath>
                </logicalFolder>
                <logicalFolder displayName="list" name="list" projectFiles="true">
                  <itemPath>../src/config/default/gfx/legato/widget/list/legato_widget_list.h</itemPath>
                </logicalFolder>
                <logicalFolder displayName="listwheel" name="listwheel" projectFiles="true">
                  <itemPath>../src/config/default/gfx/legato/widget/listwheel/legato_widget_listwheel.h</itemPath>
                </logicalFolder>
                <logicalFolder displayName="piechart" name="piechart" projectFiles="true">
                  <itemPath>../src/config/default/gfx/legato/widget/piechart/legato_widget_pie_chart.h</itemPath>
                </logicalFolder>
                <logicalFolder displayName="progressbar" name="progressbar" projectFiles="true">
                  <itemPath>../src/config/default/gfx/legato/widget/progressbar/legato_widget_progressbar.h</itemPath>
                </logicalFolder>
                <logicalFolder displayName="radialmenu" name="radialmenu" projectFiles="true">
                  <itemPath>../src/config/default/gfx/legato/widget/radialmenu/legato_widget_radial_menu.h</itemPath>
                </logicalFolder>
                <logicalFolder displayName="radiobutton" name="radiobutton" projectFiles="true">
                  <itemPath>../src/config/default/gfx/legato/widget/radiobutton/legato_radiobutton_group.h</itemPath>
                  <itemPath>../src/config/default/gfx/legato/widget/radiobutton/legato_widget_radiobutton.h</itemPath>
                </logicalFolder>
                <logicalFolder displayName="rectangle" name="rectangle" projectFiles="true">
                  <itemPath>../src/config/default/gfx/legato/widget/rectangle/legato_widget_rectangle.h</itemPath>
                </logicalFolder>
                <logicalFolder displayName="scrollbar" name="scrollbar" projectFiles="true">
                  <itemPath>../src/config/default/gfx/legato/widget/scrollbar/legato_widget_scrollbar.h</itemPath>
                </logicalFolder>
                <logicalFolder displayName="slider" name="slider" projectFiles="true">
                  <itemPath>../src/config/default/gfx/legato/widget/slider/legato_widget_slider.h</itemPath>
                </logicalFolder>
                <logicalFolder displayName="textfield" name="textfield" projectFiles="true">
                  <itemPath>../src/config/default/gfx/legato/widget/textfield/legato_widget_textfield.h</itemPath>
                </logicalFolder>
                <logicalFolder displayName="touchtest" name="touchtest" projectFiles="true">
                  <itemPath>../src/config/default/gfx/legato/widget/touchtest/legato_widget_touchtest.h</itemPath>
                </logicalFolder>
                <logicalFolder displayName="window" name="window" projectFiles="true">
                  <itemPath>../src/config/default/gfx/legato/widget/window/legato_widget_window.h</itemPath>
                </logicalFolder>
                <itemPath>../src/config/default/gfx/legato/widget/legato_editwidget.h</itemPath>
                <itemPath>../src/config/default/gfx/legato/widget/legato_widget_skin_classic_common.h</itemPath>
                <itemPath>../src/config/default/gfx/legato/widget/legato_widget.h</itemPath>
              </logicalFolder>
              <itemPath>../src/config/default/gfx/legato/legato_config.h</itemPath>
              <itemPath>../src/config/default/gfx/legato/legato.h</itemPath>
            </logicalFolder>
            <logicalFolder displayName="simulator" name="simulator" projectFiles="true">
              <itemPath>../src/config/default/gfx/simulator/gfx_simulator.h</itemPath>
            </logicalFolder>
          </logicalFolder>
          <logicalFolder displayName="osal" name="osal" projectFiles="true">
            <itemPath>../src/config/default/osal/osal.h</itemPath>
            <itemPath>../src/config/default/osal/osal_impl_basic.h</itemPath>
            <itemPath>../src/config/default/osal/osal_definitions.h</itemPath>
          </logicalFolder>
          <logicalFolder displayName="peripheral" name="peripheral" projectFiles="true">
            <logicalFolder displayName="clk" name="clk" projectFiles="true">
              <itemPath>../src/config/default/peripheral/clk/plib_clk.h</itemPath>
            </logicalFolder>
            <logicalFolder displayName="evic" name="evic" projectFiles="true">
              <itemPath>../src/config/default/peripheral/evic/plib_evic.h</itemPath>
            </logicalFolder>
            <logicalFolder displayName="gpio" name="gpio" projectFiles="true">
              <itemPath>../src/config/default/peripheral/gpio/plib_gpio.h</itemPath>
            </logicalFolder>
          </logicalFolder>
          <logicalFolder displayName="system" name="system" projectFiles="true">
            <logicalFolder displayName="debug" name="debug" projectFiles="true">
              <itemPath>../src/config/default/system/debug/sys_debug.h</itemPath>
            </logicalFolder>
            <logicalFolder displayName="input" name="input" projectFiles="true">
              <itemPath>../src/config/default/system/input/sys_input_touch.h</itemPath>
              <itemPath>../src/config/default/system/input/sys_input.h</itemPath>
              <itemPath>../src/config/default/system/input/sys_input_listener.h</itemPath>
              <itemPath>../src/config/default/system/input/sys_input_keyboard.h</itemPath>
              <itemPath>../src/config/default/system/input/sys_input_gesture.h</itemPath>
              <itemPath>../src/config/default/system/input/sys_input_mouse.h</itemPath>
            </logicalFolder>
            <logicalFolder displayName="int" name="int" projectFiles="true">
              <itemPath>../src/config/default/system/int/sys_int_mapping.h</itemPath>
              <itemPath>../src/config/default/system/int/sys_int.h</itemPath>
            </logicalFolder>
            <logicalFolder displayName="time" name="time" projectFiles="true">
              <itemPath>../src/config/default/system/time/sys_time.h</itemPath>
              <itemPath>../src/config/default/system/time/src/sys_time_local.h</itemPath>
              <itemPath>../src/config/default/system/time/sys_time_definitions.h</itemPath>
            </logicalFolder>
            <itemPath>../src/config/default/system/system_module.h</itemPath>
            <itemPath>../src/config/default/system/system_common.h</itemPath>
            <itemPath>../src/config/default/system/system.h</itemPath>
          </logicalFolder>
          <itemPath>../src/config/default/toolchain_specifics.h</itemPath>
          <itemPath>../src/config/default/interrupts.h</itemPath>
          <itemPath>../src/config/default/user.h</itemPath>
          <itemPath>../src/config/default/device.h</itemPath>
          <itemPath>../src/config/default/configuration.h</itemPath>
          <itemPath>../src/config/default/definitions.h</itemPath>
        </logicalFolder>
      </logicalFolder>
      <itemPath>../src/app.h</itemPath>
    </logicalFolder>
    <logicalFolder displayName="Linker Files" name="LinkerScript" projectFiles="true">
      <logicalFolder displayName="config" name="config" projectFiles="true">
        <logicalFolder displayName="default" name="default" projectFiles="true">
          <itemPath>../src/config/default/p32MZ2064DAR176.ld</itemPath>
        </logicalFolder>
      </logicalFolder>
    </logicalFolder>
    <logicalFolder displayName="Source Files" name="SourceFiles" projectFiles="true">
      <logicalFolder displayName="config" name="config" projectFiles="true">
        <logicalFolder displayName="default" name="default" projectFiles="true">
          <logicalFolder displayName="gfx" name="gfx" projectFiles="true">
            <logicalFolder displayName="driver" name="driver" projectFiles="true">
              <itemPath>../src/config/default/gfx/driver/gfx_driver.c</itemPath>
            </logicalFolder>
            <logicalFolder displayName="legato" name="legato" projectFiles="true">
              <logicalFolder displayName="common" name="common" projectFiles="true">
                <itemPath>../src/config/default/gfx/legato/common/legato_color_convert.c</itemPath>
                <itemPath>../src/config/default/gfx/legato/common/legato_error.c</itemPath>
                <itemPath>../src/config/default/gfx/legato/common/legato_color.c</itemPath>
                <itemPath>../src/config/default/gfx/legato/common/legato_pixelbuffer.c</itemPath>
                <itemPath>../src/config/default/gfx/legato/common/legato_color_lerp.c</itemPath>
                <itemPath>../src/config/default/gfx/legato/common/legato_color_value.c</itemPath>
                <itemPath>../src/config/default/gfx/legato/common/legato_rect.c</itemPath>
                <itemPath>../src/config/default/gfx/legato/common/legato_math.c</itemPath>
                <itemPath>../src/config/default/gfx/legato/common/legato_utils.c</itemPath>
                <itemPath>../src/config/default/gfx/legato/common/legato_color_blend.c</itemPath>
              </logicalFolder>
              <logicalFolder displayName="core" name="core" projectFiles="true">
                <itemPath>../src/config/default/gfx/legato/core/legato_stream.c</itemPath>
                <itemPath>../src/config/default/gfx/legato/core/legato_state.c</itemPath>
                <itemPath>../src/config/default/gfx/legato/core/legato_event.c</itemPath>
                <itemPath>../src/config/default/gfx/legato/core/legato_scheme.c</itemPath>
                <itemPath>../src/config/default/gfx/legato/core/legato_input.c</itemPath>
              </logicalFolder>
              <logicalFolder displayName="datastructure" name="datastructure" projectFiles="true">
                <itemPath>../src/config/default/gfx/legato/datastructure/legato_rectarray.c</itemPath>
                <itemPath>../src/config/default/gfx/legato/datastructure/legato_list.c</itemPath>
                <itemPath>../src/config/default/gfx/legato/datastructure/legato_array.c</itemPath>
              </logicalFolder>
              <logicalFolder displayName="font" name="font" projectFiles="true">
                <itemPath>../src/config/default/gfx/legato/font/legato_rasterfont_liberationmono8.c</itemPath>
                <itemPath>../src/config/default/gfx/legato/font/legato_rasterfont_liberationmono1.c</itemPath>
                <itemPath>../src/config/default/gfx/legato/font/legato_font.c</itemPath>
                <itemPath>../src/config/default/gfx/legato/font/legato_rasterfont_stream.c</itemPath>
              </logicalFolder>
              <logicalFolder displayName="generated" name="generated" projectFiles="true">
                <logicalFolder displayName="font" name="font" projectFiles="true">
                  <itemPath>../src/config/default/gfx/legato/generated/font/le_gen_fonts.c</itemPath>
                </logicalFolder>
                <logicalFolder displayName="image" name="image" projectFiles="true">
                  <itemPath>../src/config/default/gfx/legato/generated/image/le_gen_images.c</itemPath>
                </logicalFolder>
                <logicalFolder displayName="screen" name="screen" projectFiles="true">
                  <itemPath>../src/config/default/gfx/legato/generated/screen/le_gen_screen_Screen0.c</itemPath>
                </logicalFolder>
                <itemPath>../src/config/default/gfx/legato/generated/le_gen_init.c</itemPath>
                <itemPath>../src/config/default/gfx/legato/generated/le_gen_stringtable.c</itemPath>
                <itemPath>../src/config/default/gfx/legato/generated/le_gen_harmony.c</itemPath>
                <itemPath>../src/config/default/gfx/legato/generated/le_gen_globalpalette.c</itemPath>
                <itemPath>../src/config/default/gfx/legato/generated/le_gen_scheme.c</itemPath>
              </logicalFolder>
              <logicalFolder displayName="image" name="image" projectFiles="true">
                <logicalFolder displayName="jpeg" name="jpeg" projectFiles="true">
                  <itemPath>../src/config/default/gfx/legato/image/jpeg/jidctint.c</itemPath>
                  <itemPath>../src/config/default/gfx/legato/image/jpeg/legato_imagedecoder_jpeg_common.c</itemPath>
                  <itemPath>../src/config/default/gfx/legato/image/jpeg/legato_imagedecoder_jpeg.c</itemPath>
                </logicalFolder>
                <logicalFolder displayName="mono" name="mono" projectFiles="true">
                  <itemPath>../src/config/default/gfx/legato/image/mono/legato_imagedecoder_mono_read_stream.c</itemPath>
                  <itemPath>../src/config/default/gfx/legato/image/mono/legato_imagedecoder_mono.c</itemPath>
                  <itemPath>../src/config/default/gfx/legato/image/mono/legato_imagedecoder_mono_read_internal.c</itemPath>
                </logicalFolder>
                <logicalFolder displayName="png" name="png" projectFiles="true">
                  <itemPath>../src/config/default/gfx/legato/image/png/legato_imagedecoder_png.c</itemPath>
                  <itemPath>../src/config/default/gfx/legato/image/png/lodepng.c</itemPath>
                </logicalFolder>
                <logicalFolder displayName="raw" name="raw" projectFiles="true">
                  <itemPath>../src/config/default/gfx/legato/image/raw/legato_imagedecoder_raw_read_stream_rleindex.c</itemPath>
                  <itemPath>../src/config/default/gfx/legato/image/raw/legato_imagedecoder_raw_blend.c</itemPath>
                  <itemPath>../src/config/default/gfx/legato/image/raw/legato_imagedecoder_raw_read_stream_color.c</itemPath>
                  <itemPath>../src/config/default/gfx/legato/image/raw/legato_imagedecoder_raw_read_internal.c</itemPath>
                  <itemPath>../src/config/default/gfx/legato/image/raw/legato_imagedecoder_raw.c</itemPath>
                  <itemPath>../src/config/default/gfx/legato/image/raw/legato_imagedecoder_raw_palette_internal.c</itemPath>
                  <itemPath>../src/config/default/gfx/legato/image/raw/legato_imagedecoder_raw_mask.c</itemPath>
                  <itemPath>../src/config/default/gfx/legato/image/raw/legato_imagedecoder_raw_convert.c</itemPath>
                  <itemPath>../src/config/default/gfx/legato/image/raw/legato_imagedecoder_raw_rotate.c</itemPath>
                  <itemPath>../src/config/default/gfx/legato/image/raw/legato_imagedecoder_raw_scale.c</itemPath>
                  <itemPath>../src/config/default/gfx/legato/image/raw/legato_imagedecoder_raw_write.c</itemPath>
                  <itemPath>../src/config/default/gfx/legato/image/raw/legato_imagedecoder_raw_palette_stream.c</itemPath>
                  <itemPath>../src/config/default/gfx/legato/image/raw/legato_imagedecoder_raw_setup.c</itemPath>
                  <itemPath>../src/config/default/gfx/legato/image/raw/legato_imagedecoder_raw_read_stream_index.c</itemPath>
                  <itemPath>../src/config/default/gfx/legato/image/raw/legato_imagedecoder_raw_read_stream_rlecolor.c</itemPath>
                </logicalFolder>
                <itemPath>../src/config/default/gfx/legato/image/legato_image.c</itemPath>
                <itemPath>../src/config/default/gfx/legato/image/legato_image_utils.c</itemPath>
                <itemPath>../src/config/default/gfx/legato/image/legato_palette.c</itemPath>
              </logicalFolder>
              <logicalFolder displayName="memory" name="memory" projectFiles="true">
                <itemPath>../src/config/default/gfx/legato/memory/legato_variableheap.c</itemPath>
                <itemPath>../src/config/default/gfx/legato/memory/legato_fixedheap.c</itemPath>
                <itemPath>../src/config/default/gfx/legato/memory/legato_memory.c</itemPath>
              </logicalFolder>
              <logicalFolder displayName="renderer" name="renderer" projectFiles="true">
                <itemPath>../src/config/default/gfx/legato/renderer/legato_draw_line.c</itemPath>
                <itemPath>../src/config/default/gfx/legato/renderer/legato_draw_rect.c</itemPath>
                <itemPath>../src/config/default/gfx/legato/renderer/legato_renderer.c</itemPath>
                <itemPath>../src/config/default/gfx/legato/renderer/legato_draw_arc.c</itemPath>
                <itemPath>../src/config/default/gfx/legato/renderer/legato_gpu.c</itemPath>
                <itemPath>../src/config/default/gfx/legato/renderer/legato_draw.c</itemPath>
              </logicalFolder>
              <logicalFolder displayName="string" name="string" projectFiles="true">
                <itemPath>../src/config/default/gfx/legato/string/legato_tablestring.c</itemPath>
                <itemPath>../src/config/default/gfx/legato/string/legato_stringtable.c</itemPath>
                <itemPath>../src/config/default/gfx/legato/string/legato_string_renderer.c</itemPath>
                <itemPath>../src/config/default/gfx/legato/string/legato_stringutils.c</itemPath>
                <itemPath>../src/config/default/gfx/legato/string/legato_string.c</itemPath>
                <itemPath>../src/config/default/gfx/legato/string/legato_fixedstring.c</itemPath>
                <itemPath>../src/config/default/gfx/legato/string/legato_string_renderer_stream.c</itemPath>
                <itemPath>../src/config/default/gfx/legato/string/legato_dynamicstring.c</itemPath>
              </logicalFolder>
              <logicalFolder displayName="widget" name="widget" projectFiles="true">
                <logicalFolder displayName="arc" name="arc" projectFiles="true">
                  <itemPath>../src/config/default/gfx/legato/widget/arc/legato_widget_arc.c</itemPath>
                  <itemPath>../src/config/default/gfx/legato/widget/arc/legato_widget_arc_skin_classic.c</itemPath>
                </logicalFolder>
                <logicalFolder displayName="bargraph" name="bargraph" projectFiles="true">
                  <itemPath>../src/config/default/gfx/legato/widget/bargraph/legato_widget_bar_graph.c</itemPath>
                  <itemPath>../src/config/default/gfx/legato/widget/bargraph/legato_widget_bar_graph_skin_classic.c</itemPath>
                </logicalFolder>
                <logicalFolder displayName="button" name="button" projectFiles="true">
                  <itemPath>../src/config/default/gfx/legato/widget/button/legato_widget_button.c</itemPath>
                  <itemPath>../src/config/default/gfx/legato/widget/button/legato_widget_button_skin_classic.c</itemPath>
                </logicalFolder>
                <logicalFolder displayName="checkbox" name="checkbox" projectFiles="true">
                  <itemPath>../src/config/default/gfx/legato/widget/checkbox/legato_widget_checkbox_skin_classic.c</itemPath>
                  <itemPath>../src/config/default/gfx/legato/widget/checkbox/legato_widget_checkbox.c</itemPath>
                </logicalFolder>
                <logicalFolder displayName="circle" name="circle" projectFiles="true">
                  <itemPath>../src/config/default/gfx/legato/widget/circle/legato_widget_circle.c</itemPath>
                  <itemPath>../src/config/default/gfx/legato/widget/circle/legato_widget_circle_skin_classic.c</itemPath>
                </logicalFolder>
                <logicalFolder displayName="circulargauge" name="circulargauge" projectFiles="true">
                  <itemPath>../src/config/default/gfx/legato/widget/circulargauge/legato_widget_circular_gauge_skin_classic.c</itemPath>
                  <itemPath>../src/config/default/gfx/legato/widget/circulargauge/legato_widget_circular_gauge.c</itemPath>
                </logicalFolder>
                <logicalFolder displayName="circularslider" name="circularslider" projectFiles="true">
                  <itemPath>../src/config/default/gfx/legato/widget/circularslider/legato_widget_circular_slider.c</itemPath>
                  <itemPath>../src/config/default/gfx/legato/widget/circularslider/legato_widget_circular_slider_skin_classic.c</itemPath>
                </logicalFolder>
                <logicalFolder displayName="drawsurface" name="drawsurface" projectFiles="true">
                  <itemPath>../src/config/default/gfx/legato/widget/drawsurface/legato_widget_drawsurface_skin_classic.c</itemPath>
                  <itemPath>../src/config/default/gfx/legato/widget/drawsurface/legato_widget_drawsurface.c</itemPath>
                </logicalFolder>
                <logicalFolder displayName="gradient" name="gradient" projectFiles="true">
                  <itemPath>../src/config/default/gfx/legato/widget/gradient/legato_widget_gradient.c</itemPath>
                  <itemPath>../src/config/default/gfx/legato/widget/gradient/legato_widget_gradient_skin_classic.c</itemPath>
                </logicalFolder>
                <logicalFolder displayName="groupbox" name="groupbox" projectFiles="true">
                  <itemPath>../src/config/default/gfx/legato/widget/groupbox/legato_widget_groupbox.c</itemPath>
                  <itemPath>../src/config/default/gfx/legato/widget/groupbox/legato_widget_groupbox_skin_classic.c</itemPath>
                </logicalFolder>
                <logicalFolder displayName="image" name="image" projectFiles="true">
                  <itemPath>../src/config/default/gfx/legato/widget/image/legato_widget_image.c</itemPath>
                  <itemPath>../src/config/default/gfx/legato/widget/image/legato_widget_image_skin_classic.c</itemPath>
                </logicalFolder>
                <logicalFolder displayName="imagerotate" name="imagerotate" projectFiles="true">
                  <itemPath>../src/config/default/gfx/legato/widget/imagerotate/legato_widget_imagerotate.c</itemPath>
                  <itemPath>../src/config/default/gfx/legato/widget/imagerotate/legato_widget_imagerotate_skin_classic.c</itemPath>
                </logicalFolder>
                <logicalFolder displayName="imagescale" name="imagescale" projectFiles="true">
                  <itemPath>../src/config/default/gfx/legato/widget/imagescale/legato_widget_imagescale_skin_classic.c</itemPath>
                  <itemPath>../src/config/default/gfx/legato/widget/imagescale/legato_widget_imagescale.c</itemPath>
                </logicalFolder>
                <logicalFolder displayName="imagesequence" name="imagesequence" projectFiles="true">
                  <itemPath>../src/config/default/gfx/legato/widget/imagesequence/legato_widget_imagesequence.c</itemPath>
                  <itemPath>../src/config/default/gfx/legato/widget/imagesequence/legato_widget_imagesequence_skin_classic.c</itemPath>
                </logicalFolder>
                <logicalFolder displayName="keypad" name="keypad" projectFiles="true">
                  <itemPath>../src/config/default/gfx/legato/widget/keypad/legato_widget_keypad_skin_classic.c</itemPath>
                  <itemPath>../src/config/default/gfx/legato/widget/keypad/legato_widget_keypad.c</itemPath>
                </logicalFolder>
                <logicalFolder displayName="label" name="label" projectFiles="true">
                  <itemPath>../src/config/default/gfx/legato/widget/label/legato_widget_label_skin_classic.c</itemPath>
                  <itemPath>../src/config/default/gfx/legato/widget/label/legato_widget_label.c</itemPath>
                </logicalFolder>
                <logicalFolder displayName="line" name="line" projectFiles="true">
                  <itemPath>../src/config/default/gfx/legato/widget/line/legato_widget_line_skin_classic.c</itemPath>
                  <itemPath>../src/config/default/gfx/legato/widget/line/legato_widget_line.c</itemPath>
                </logicalFolder>
                <logicalFolder displayName="linegraph" name="linegraph" projectFiles="true">
                  <itemPath>../src/config/default/gfx/legato/widget/linegraph/legato_widget_line_graph.c</itemPath>
                  <itemPath>../src/config/default/gfx/legato/widget/linegraph/legato_widget_line_graph_skin_classic.c</itemPath>
                </logicalFolder>
                <logicalFolder displayName="list" name="list" projectFiles="true">
                  <itemPath>../src/config/default/gfx/legato/widget/list/legato_widget_list.c</itemPath>
                  <itemPath>../src/config/default/gfx/legato/widget/list/legato_widget_list_skin_classic.c</itemPath>
                </logicalFolder>
                <logicalFolder displayName="listwheel" name="listwheel" projectFiles="true">
                  <itemPath>../src/config/default/gfx/legato/widget/listwheel/legato_widget_listwheel.c</itemPath>
                  <itemPath>../src/config/default/gfx/legato/widget/listwheel/legato_widget_listwheel_skin_classic.c</itemPath>
                </logicalFolder>
                <logicalFolder displayName="piechart" name="piechart" projectFiles="true">
                  <itemPath>../src/config/default/gfx/legato/widget/piechart/legato_widget_pie_chart_skin_classic.c</itemPath>
                  <itemPath>../src/config/default/gfx/legato/widget/piechart/legato_widget_pie_chart.c</itemPath>
                </logicalFolder>
                <logicalFolder displayName="progressbar" name="progressbar" projectFiles="true">
                  <itemPath>../src/config/default/gfx/legato/widget/progressbar/legato_widget_progressbar.c</itemPath>
                  <itemPath>../src/config/default/gfx/legato/widget/progressbar/legato_widget_progressbar_skin_classic.c</itemPath>
                </logicalFolder>
                <logicalFolder displayName="radialmenu" name="radialmenu" projectFiles="true">
                  <itemPath>../src/config/default/gfx/legato/widget/radialmenu/legato_widget_radial_menu_skin_classic.c</itemPath>
                  <itemPath>../src/config/default/gfx/legato/widget/radialmenu/legato_widget_radial_menu.c</itemPath>
                </logicalFolder>
                <logicalFolder displayName="radiobutton" name="radiobutton" projectFiles="true">
                  <itemPath>../src/config/default/gfx/legato/widget/radiobutton/legato_widget_radiobutton_skin_classic.c</itemPath>
                  <itemPath>../src/config/default/gfx/legato/widget/radiobutton/legato_radiobutton_group.c</itemPath>
                  <itemPath>../src/config/default/gfx/legato/widget/radiobutton/legato_widget_radiobutton.c</itemPath>
                </logicalFolder>
                <logicalFolder displayName="rectangle" name="rectangle" projectFiles="true">
                  <itemPath>../src/config/default/gfx/legato/widget/rectangle/legato_widget_rectangle.c</itemPath>
                  <itemPath>../src/config/default/gfx/legato/widget/rectangle/legato_widget_rectangle_skin_classic.c</itemPath>
                </logicalFolder>
                <logicalFolder displayName="scrollbar" name="scrollbar" projectFiles="true">
                  <itemPath>../src/config/default/gfx/legato/widget/scrollbar/legato_widget_scrollbar_skin_classic.c</itemPath>
                  <itemPath>../src/config/default/gfx/legato/widget/scrollbar/legato_widget_scrollbar.c</itemPath>
                </logicalFolder>
                <logicalFolder displayName="slider" name="slider" projectFiles="true">
                  <itemPath>../src/config/default/gfx/legato/widget/slider/legato_widget_slider_skin_classic.c</itemPath>
                  <itemPath>../src/config/default/gfx/legato/widget/slider/legato_widget_slider.c</itemPath>
                </logicalFolder>
                <logicalFolder displayName="textfield" name="textfield" projectFiles="true">
                  <itemPath>../src/config/default/gfx/legato/widget/textfield/legato_widget_textfield_skin_classic.c</itemPath>
                  <itemPath>../src/config/default/gfx/legato/widget/textfield/legato_widget_textfield.c</itemPath>
                </logicalFolder>
                <logicalFolder displayName="touchtest" name="touchtest" projectFiles="true">
                  <itemPath>../src/config/default/gfx/legato/widget/touchtest/legato_widget_touchtest_skin_classic.c</itemPath>
                  <itemPath>../src/config/default/gfx/legato/widget/touchtest/legato_widget_touchtest.c</itemPath>
                </logicalFolder>
                <logicalFolder displayName="window" name="window" projectFiles="true">
                  <itemPath>../src/config/default/gfx/legato/widget/window/legato_widget_window.c</itemPath>
                  <itemPath>../src/config/default/gfx/legato/widget/window/legato_widget_window_skin_classic.c</itemPath>
                </logicalFolder>
                <itemPath>../src/config/default/gfx/legato/widget/legato_editwidget.c</itemPath>
                <itemPath>../src/config/default/gfx/legato/widget/legato_widget_skin_classic_common.c</itemPath>
                <itemPath>../src/config/default/gfx/legato/widget/legato_widget.c</itemPath>
                <itemPath>../src/config/default/gfx/legato/widget/legato_widget_skin_classic.c</itemPath>
              </logicalFolder>
            </logicalFolder>
            <logicalFolder displayName="simulator" name="simulator" projectFiles="true">
              <itemPath>../src/config/default/gfx/simulator/gfx_simulator.c</itemPath>
            </logicalFolder>
          </logicalFolder>
          <logicalFolder displayName="peripheral" name="peripheral" projectFiles="true">
            <logicalFolder displayName="clk" name="clk" projectFiles="true">
              <itemPath>../src/config/default/peripheral/clk/plib_clk.c</itemPath>
            </logicalFolder>
            <logicalFolder displayName="evic" name="evic" projectFiles="true">
              <itemPath>../src/config/default/peripheral/evic/plib_evic.c</itemPath>
            </logicalFolder>
            <logicalFolder displayName="gpio" name="gpio" projectFiles="true">
              <itemPath>../src/config/default/peripheral/gpio/plib_gpio.c</itemPath>
            </logicalFolder>
          </logicalFolder>
          <logicalFolder displayName="stdio" name="stdio" projectFiles="true">
            <itemPath>../src/config/default/stdio/xc32_monitor.c</itemPath>
          </logicalFolder>
          <logicalFolder displayName="system" name="system" projectFiles="true">
            <logicalFolder displayName="input" name="input" projectFiles="true">
              <itemPath>../src/config/default/system/input/sys_input.c</itemPath>
              <itemPath>../src/config/default/system/input/sys_input_listener.c</itemPath>
            </logicalFolder>
            <logicalFolder displayName="int" name="int" projectFiles="true">
              <itemPath>../src/config/default/system/int/src/sys_int.c</itemPath>
            </logicalFolder>
            <logicalFolder displayName="time" name="time" projectFiles="true">
              <itemPath>../src/config/default/system/time/src/sys_time.c</itemPath>
            </logicalFolder>
          </logicalFolder>
          <itemPath>../src/config/default/interrupts.c</itemPath>
          <itemPath>../src/config/default/default.mgsws</itemPath>
          <itemPath>../src/config/default/tasks.c</itemPath>
          <itemPath>../src/config/default/initialization.c</itemPath>
          <itemPath>../src/config/default/exceptions.c</itemPath>
        </logicalFolder>
      </logicalFolder>
      <itemPath>../src/main.c</itemPath>
      <itemPath>../src/app.c</itemPath>
    </logicalFolder>
    <logicalFolder displayName="Important Files" name="ExternalFiles" projectFiles="false">
      <itemPath>Makefile</itemPath>
      <itemPath>GFXImage.mc3</itemPath>
    </logicalFolder>
  </logicalFolder>
  <projectmakefile>Makefile</projectmakefile>
  <confs>
    <conf name="default" type="2">
      <toolsSet>
        <developmentServer>localhost</developmentServer>
        <targetDevice>PIC32MZ2064DAR176</targetDevice>
        <targetHeader/>
        <targetPluginBoard/>
        <platformTool/>
        <languageToolchain>XC32</languageToolchain>
        <languageToolchainVersion>4.30</languageToolchainVersion>
        <platform>3</platform>
      </toolsSet>
      <packs>
        <pack name="PIC32MZ-DA_DFP" vendor="Microchip" version="1.5.231"/>
      </packs>
      <ScriptingSettings>
      </ScriptingSettings>
      <compileType>
        <linkerTool>
          <linkerLibItems>
          </linkerLibItems>
        </linkerTool>
        <archiverTool>
        </archiverTool>
        <loading>
          <useAlternateLoadableFile>false</useAlternateLoadableFile>
          <parseOnProdLoad>false</parseOnProdLoad>
          <alternateLoadableFile/>
        </loading>
        <subordinates>
        </subordinates>
      </compileType>
      <makeCustomizationType>
        <makeCustomizationPreStepEnabled>false</makeCustomizationPreStepEnabled>
        <makeUseCleanTarget>false</makeUseCleanTarget>
        <makeCustomizationPreStep/>
        <makeCustomizationPostStepEnabled>false</makeCustomizationPostStepEnabled>
        <makeCustomizationPostStep/>
        <makeCustomizationPutChecksumInUserID>false</makeCustomizationPutChecksumInUserID>
        <makeCustomizationEnableLongLines>false</makeCustomizationEnableLongLines>
        <makeCustomizationNormalizeHexFile>false</makeCustomizationNormalizeHexFile>
      </makeCustomizationType>
      <C32>
        <property key="additional-warnings" value="true"/>
        <property key="addresss-attribute-use" value="false"/>
        <property key="appendMe" value=""/>
        <property key="enable-app-io" value="false"/>
        <property key="enable-omit-frame-pointer" value="false"/>
        <property key="enable-symbols" value="true"/>
        <property key="enable-unroll-loops" value="false"/>
        <property key="exclude-floating-point" value="false"/>
        <property key="extra-include-directories" value="../src;../src/config/default"/>
        <property key="generate-16-bit-code" value="false"/>
        <property key="generate-micro-compressed-code" value="false"/>
        <property key="isolate-each-function" value="true"/>
        <property key="make-warnings-into-errors" value="true"/>
        <property key="optimization-level" value="-O1"/>
        <property key="place-data-into-section" value="true"/>
        <property key="post-instruction-scheduling" value="default"/>
        <property key="pre-instruction-scheduling" value="default"/>
        <property key="preprocessor-macros" value=""/>
        <property key="strict-ansi" value="false"/>
        <property key="support-ansi" value="false"/>
        <property key="tentative-definitions" value="-fno-common"/>
        <property key="toplevel-reordering" value=""/>
        <property key="unaligned-access" value=""/>
        <property key="use-cci" value="false"/>
        <property key="use-iar" value="false"/>
        <property key="use-indirect-calls" value="false"/>
      </C32>
      <C32-AR>
        <property key="additional-options-chop-files" value="false"/>
      </C32-AR>
      <C32-AS>
        <property key="assembler-symbols" value=""/>
        <property key="enable-symbols" value="true"/>
        <property key="exclude-floating-point-library" value="false"/>
        <property key="expand-macros" value="false"/>
        <property key="extra-include-directories-for-assembler" value=""/>
        <property key="extra-include-directories-for-preprocessor" value=""/>
        <property key="false-conditionals" value="false"/>
        <property key="generate-16-bit-code" value="false"/>
        <property key="generate-micro-compressed-code" value="false"/>
        <property key="keep-locals" value="false"/>
        <property key="list-assembly" value="false"/>
        <property key="list-source" value="false"/>
        <property key="list-symbols" value="false"/>
        <property key="oXC32asm-list-to-file" value="false"/>
        <property key="omit-debug-dirs" value="false"/>
        <property key="omit-forms" value="false"/>
        <property key="preprocessor-macros" value=""/>
        <property key="warning-level" value=""/>
      </C32-AS>
      <C32-CO>
        <property key="coverage-enable" value=""/>
        <property key="stack-guidance" value="false"/>
      </C32-CO>
      <C32-LD>
        <property key="additional-options-use-response-files" value="false"/>
        <property key="additional-options-write-sla" value="false"/>
        <property key="allocate-dinit" value="false"/>
        <property key="appendMe" value=""/>
        <property key="code-dinit" value="false"/>
        <property key="ebase-addr" value=""/>
        <property key="enable-check-sections" value="false"/>
        <property key="exclude-floating-point-library" value="false"/>
        <property key="exclude-standard-libraries" value="false"/>
        <property key="extra-lib-directories" value=""/>
        <property key="fill-flash-options-addr" value=""/>
        <property key="fill-flash-options-const" value=""/>
        <property key="fill-flash-options-how" value="0"/>
        <property key="fill-flash-options-inc-const" value="1"/>
        <property key="fill-flash-options-increment" value=""/>
        <property key="fill-flash-options-seq" value=""/>
        <property key="fill-flash-options-what" value="0"/>
        <property key="generate-16-bit-code" value="false"/>
        <property key="generate-cross-reference-file" value="false"/>
        <property key="generate-micro-compressed-code" value="false"/>
        <property key="heap-size" value="512"/>
        <property key="input-libraries" value=""/>
        <property key="kseg-length" value=""/>
        <property key="kseg-origin" value=""/>
        <property key="linker-symbols" value=""/>
        <property key="map-file" value="${DISTDIR}/${PROJECTNAME}.${IMAGE_TYPE}.map"/>
        <property key="no-device-startup-code" value="true"/>
        <property key="no-startup-files" value="false"/>
        <property key="oXC32ld-extra-opts" value=""/>
        <property key="optimization-level" value=""/>
        <property key="preprocessor-macros" value=""/>
        <property key="remove-unused-sections" value="true"/>
        <property key="report-memory-usage" value="false"/>
        <property key="serial-length" value=""/>
        <property key="serial-origin" value=""/>
        <property key="stack-size" value=""/>
        <property key="symbol-stripping" value=""/>
        <property key="trace-symbols" value=""/>
        <property key="warn-section-align" value="false"/>
      </C32-LD>
      <C32CPP>
        <property key="additional-warnings" value="false"/>
        <property key="addresss-attribute-use" value="false"/>
        <property key="appendMe" value=""/>
        <property key="check-new" value="false"/>
        <property key="eh-specs" value="true"/>
        <property key="enable-app-io" value="false"/>
        <property key="enable-omit-frame-pointer" value="false"/>
        <property key="enable-symbols" value="true"/>
        <property key="enable-unroll-loops" value="false"/>
        <property key="exceptions" value="true"/>
        <property key="exclude-floating-point" value="false"/>
        <property key="extra-include-directories" value="../src;../src/config/default"/>
        <property key="generate-16-bit-code" value="false"/>
        <property key="generate-micro-compressed-code" value="false"/>
        <property key="isolate-each-function" value="true"/>
        <property key="make-warnings-into-errors" value="false"/>
        <property key="optimization-level" value="-O1"/>
        <property key="place-data-into-section" value="false"/>
        <property key="post-instruction-scheduling" value="default"/>
        <property key="pre-instruction-scheduling" value="default"/>
        <property key="preprocessor-macros" value=""/>
        <property key="rtti" value="true"/>
        <property key="strict-ansi" value="false"/>
        <property key="toplevel-reordering" value=""/>
        <property key="unaligned-access" value=""/>
        <property key="use-cci" value="false"/>
        <property key="use-iar" value="false"/>
        <property key="use-indirect-calls" value="false"/>
      </C32CPP>
      <C32Global>
        <property key="common-include-directories" value=""/>
        <property key="gp-relative-option" value=""/>
        <property key="legacy-libc" value="true"/>
        <property key="mdtcm" value=""/>
        <property key="mitcm" value=""/>
        <property key="mstacktcm" value="false"/>
        <property key="omit-pack-options" value="1"/>
        <property key="relaxed-math" value="false"/>
        <property key="save-temps" value="false"/>
        <property key="stack-smashing" value=""/>
        <property key="wpo-lto" value="false"/>
      </C32Global>
    </conf>
  </confs>
</configurationDescriptor>