{
    "0": {
        "advance": 11,
        "bearingX": 0,
        "bearingY": 14,
        "codePoint": 48,
        "height": 14,
        "width": 11
    },
    "1": {
        "advance": 11,
        "bearingX": 1,
        "bearingY": 14,
        "codePoint": 49,
        "height": 14,
        "width": 7
    },
    "2": {
        "advance": 11,
        "bearingX": 0,
        "bearingY": 14,
        "codePoint": 50,
        "height": 14,
        "width": 11
    },
    "3": {
        "advance": 11,
        "bearingX": 0,
        "bearingY": 14,
        "codePoint": 51,
        "height": 14,
        "width": 11
    },
    "4": {
        "advance": 11,
        "bearingX": 0,
        "bearingY": 14,
        "codePoint": 52,
        "height": 14,
        "width": 12
    },
    "5": {
        "advance": 11,
        "bearingX": 1,
        "bearingY": 14,
        "codePoint": 53,
        "height": 14,
        "width": 10
    },
    "6": {
        "advance": 11,
        "bearingX": 0,
        "bearingY": 14,
        "codePoint": 54,
        "height": 14,
        "width": 11
    },
    "7": {
        "advance": 11,
        "bearingX": 0,
        "bearingY": 14,
        "codePoint": 55,
        "height": 14,
        "width": 11
    },
    "8": {
        "advance": 11,
        "bearingX": 0,
        "bearingY": 14,
        "codePoint": 56,
        "height": 14,
        "width": 11
    },
    "9": {
        "advance": 11,
        "bearingX": 0,
        "bearingY": 14,
        "codePoint": 57,
        "height": 14,
        "width": 11
    },
    "C": {
        "advance": 13,
        "bearingX": 1,
        "bearingY": 14,
        "codePoint": 67,
        "height": 14,
        "width": 12
    },
    "P": {
        "advance": 12,
        "bearingX": 1,
        "bearingY": 14,
        "codePoint": 80,
        "height": 14,
        "width": 11
    },
    "S": {
        "advance": 11,
        "bearingX": 1,
        "bearingY": 14,
        "codePoint": 83,
        "height": 14,
        "width": 10
    },
    "a": {
        "advance": 11,
        "bearingX": 0,
        "bearingY": 11,
        "codePoint": 97,
        "height": 11,
        "width": 10
    },
    "d": {
        "advance": 12,
        "bearingX": 1,
        "bearingY": 15,
        "codePoint": 100,
        "height": 15,
        "width": 10
    },
    "e": {
        "advance": 11,
        "bearingX": 1,
        "bearingY": 11,
        "codePoint": 101,
        "height": 11,
        "width": 10
    },
    "m": {
        "advance": 19,
        "bearingX": 1,
        "bearingY": 11,
        "codePoint": 109,
        "height": 11,
        "width": 17
    },
    "n": {
        "advance": 13,
        "bearingX": 1,
        "bearingY": 11,
        "codePoint": 110,
        "height": 11,
        "width": 10
    },
    "o": {
        "advance": 12,
        "bearingX": 1,
        "bearingY": 11,
        "codePoint": 111,
        "height": 11,
        "width": 11
    },
    "p": {
        "advance": 12,
        "bearingX": 1,
        "bearingY": 11,
        "codePoint": 112,
        "height": 16,
        "width": 11
    },
    "r": {
        "advance": 9,
        "bearingX": 1,
        "bearingY": 11,
        "codePoint": 114,
        "height": 11,
        "width": 8
    },
    "t": {
        "advance": 8,
        "bearingX": 0,
        "bearingY": 14,
        "codePoint": 116,
        "height": 14,
        "width": 8
    },
    "z": {
        "advance": 10,
        "bearingX": 0,
        "bearingY": 11,
        "codePoint": 122,
        "height": 11,
        "width": 9
    }
}
