{
    "systemLocations": [
        {
            "properties": {
                "__categories": [
                    {
                        "expanded": true,
                        "id": "System Location Properties",
                        "visible": true
                    }
                ],
                "__groups": [
                ],
                "capacity": {
                    "enabled": true,
                    "type": "integer",
                    "value": 0,
                    "visible": true
                },
                "id": {
                    "enabled": true,
                    "type": "uuid",
                    "value": "{5f70c9b7-d5c7-445a-a026-480f4d36a907}",
                    "visible": true
                },
                "name": {
                    "enabled": true,
                    "type": "text",
                    "value": "Internal Flash",
                    "visible": true
                }
            }
        },
        {
            "properties": {
                "__categories": [
                    {
                        "expanded": true,
                        "id": "System Location Properties",
                        "visible": true
                    }
                ],
                "__groups": [
                ],
                "capacity": {
                    "enabled": true,
                    "type": "integer",
                    "value": 0,
                    "visible": true
                },
                "id": {
                    "enabled": true,
                    "type": "uuid",
                    "value": "{9fc837a9-f5e5-4b4c-932f-8a4fa8423a55}",
                    "visible": true
                },
                "name": {
                    "enabled": true,
                    "type": "text",
                    "value": "Internal SRAM",
                    "visible": true
                }
            }
        }
    ],
    "userLocations": [
    ]
}
