{
    "schemes": [
        {
            "backgroundTable": {
                "background": false,
                "backgroundDisabled": false,
                "backgroundInactive": false,
                "base": false,
                "foreground": false,
                "foregroundDisabled": false,
                "foregroundInactive": false,
                "highlight": false,
                "highlightLight": false,
                "shadow": false,
                "shadowDark": false,
                "text": false,
                "textDisabled": false,
                "textHighlight": false,
                "textHighlightText": false,
                "textInactive": false
            },
            "foregroundTable": {
                "background": false,
                "backgroundDisabled": false,
                "backgroundInactive": false,
                "base": false,
                "foreground": false,
                "foregroundDisabled": false,
                "foregroundInactive": false,
                "highlight": false,
                "highlightLight": false,
                "shadow": false,
                "shadowDark": false,
                "text": false,
                "textDisabled": false,
                "textHighlight": false,
                "textHighlightText": false,
                "textInactive": false
            },
            "properties": {
                "__categories": [
                    {
                        "expanded": true,
                        "id": "Scheme",
                        "visible": true
                    },
                    {
                        "expanded": true,
                        "id": "Color Table",
                        "visible": true
                    },
                    {
                        "expanded": true,
                        "id": "Monochrome Table",
                        "visible": false
                    }
                ],
                "__groups": [
                ],
                "background": {
                    "alpha": 1,
                    "blue": 1,
                    "enabled": true,
                    "green": 1,
                    "red": 1,
                    "type": "color",
                    "visible": true
                },
                "backgroundDisabled": {
                    "alpha": 1,
                    "blue": 0.8313725490196079,
                    "enabled": true,
                    "green": 0.8156862745098039,
                    "red": 0.7843137254901961,
                    "type": "color",
                    "visible": true
                },
                "backgroundDisabled_mono": {
                    "enabled": true,
                    "type": "boolean",
                    "value": false,
                    "visible": true
                },
                "backgroundInactive": {
                    "alpha": 1,
                    "blue": 0.9058823529411765,
                    "enabled": true,
                    "green": 0.8901960784313725,
                    "red": 0.8392156862745098,
                    "type": "color",
                    "visible": true
                },
                "backgroundInactive_mono": {
                    "enabled": true,
                    "type": "boolean",
                    "value": false,
                    "visible": true
                },
                "background_mono": {
                    "enabled": true,
                    "type": "boolean",
                    "value": false,
                    "visible": true
                },
                "base": {
                    "alpha": 1,
                    "blue": 0,
                    "enabled": true,
                    "green": 0,
                    "red": 1,
                    "type": "color",
                    "visible": true
                },
                "base_mono": {
                    "enabled": true,
                    "type": "boolean",
                    "value": false,
                    "visible": true
                },
                "colorMode": {
                    "enabled": true,
                    "type": "combo",
                    "value": 6,
                    "visible": true
                },
                "foreground": {
                    "alpha": 1,
                    "blue": 0,
                    "enabled": true,
                    "green": 0,
                    "red": 1,
                    "type": "color",
                    "visible": true
                },
                "foregroundDisabled": {
                    "alpha": 1,
                    "blue": 0.5019607843137255,
                    "enabled": true,
                    "green": 0.5019607843137255,
                    "red": 0.5019607843137255,
                    "type": "color",
                    "visible": true
                },
                "foregroundDisabled_mono": {
                    "enabled": true,
                    "type": "boolean",
                    "value": false,
                    "visible": true
                },
                "foregroundInactive": {
                    "alpha": 1,
                    "blue": 0.9058823529411765,
                    "enabled": true,
                    "green": 0.8901960784313725,
                    "red": 0.8392156862745098,
                    "type": "color",
                    "visible": true
                },
                "foregroundInactive_mono": {
                    "enabled": true,
                    "type": "boolean",
                    "value": false,
                    "visible": true
                },
                "foreground_mono": {
                    "enabled": true,
                    "type": "boolean",
                    "value": false,
                    "visible": true
                },
                "highlight": {
                    "alpha": 1,
                    "blue": 0.8313725490196079,
                    "enabled": true,
                    "green": 0.8156862745098039,
                    "red": 0.7843137254901961,
                    "type": "color",
                    "visible": true
                },
                "highlightLight": {
                    "alpha": 1,
                    "blue": 1,
                    "enabled": true,
                    "green": 1,
                    "red": 1,
                    "type": "color",
                    "visible": true
                },
                "highlightLight_mono": {
                    "enabled": true,
                    "type": "boolean",
                    "value": false,
                    "visible": true
                },
                "highlight_mono": {
                    "enabled": true,
                    "type": "boolean",
                    "value": false,
                    "visible": true
                },
                "id": {
                    "enabled": true,
                    "type": "uuid",
                    "value": "{bb8a637c-c0c5-4c7f-bd40-e81685c4af81}",
                    "visible": true
                },
                "name": {
                    "enabled": true,
                    "type": "text",
                    "value": "RedScheme",
                    "visible": true
                },
                "shadow": {
                    "alpha": 1,
                    "blue": 0.5019607843137255,
                    "enabled": true,
                    "green": 0.5019607843137255,
                    "red": 0.5019607843137255,
                    "type": "color",
                    "visible": true
                },
                "shadowDark": {
                    "alpha": 1,
                    "blue": 0.25098039215686274,
                    "enabled": true,
                    "green": 0.25098039215686274,
                    "red": 0.25098039215686274,
                    "type": "color",
                    "visible": true
                },
                "shadowDark_mono": {
                    "enabled": true,
                    "type": "boolean",
                    "value": false,
                    "visible": true
                },
                "shadow_mono": {
                    "enabled": true,
                    "type": "boolean",
                    "value": false,
                    "visible": true
                },
                "text": {
                    "alpha": 1,
                    "blue": 0,
                    "enabled": true,
                    "green": 0,
                    "red": 1,
                    "type": "color",
                    "visible": true
                },
                "textDisabled": {
                    "alpha": 1,
                    "blue": 0.5803921568627451,
                    "enabled": true,
                    "green": 0.5725490196078431,
                    "red": 0.5490196078431373,
                    "type": "color",
                    "visible": true
                },
                "textDisabled_mono": {
                    "enabled": true,
                    "type": "boolean",
                    "value": false,
                    "visible": true
                },
                "textHighlight": {
                    "alpha": 1,
                    "blue": 1,
                    "enabled": true,
                    "green": 0,
                    "red": 0,
                    "type": "color",
                    "visible": true
                },
                "textHighlightText": {
                    "alpha": 1,
                    "blue": 1,
                    "enabled": true,
                    "green": 1,
                    "red": 1,
                    "type": "color",
                    "visible": true
                },
                "textHighlightText_mono": {
                    "enabled": true,
                    "type": "boolean",
                    "value": false,
                    "visible": true
                },
                "textHighlight_mono": {
                    "enabled": true,
                    "type": "boolean",
                    "value": false,
                    "visible": true
                },
                "textInactive": {
                    "alpha": 1,
                    "blue": 0.9058823529411765,
                    "enabled": true,
                    "green": 0.8901960784313725,
                    "red": 0.8392156862745098,
                    "type": "color",
                    "visible": true
                },
                "textInactive_mono": {
                    "enabled": true,
                    "type": "boolean",
                    "value": false,
                    "visible": true
                },
                "text_mono": {
                    "enabled": true,
                    "type": "boolean",
                    "value": false,
                    "visible": true
                }
            }
        },
        {
            "backgroundTable": {
                "background": false,
                "backgroundDisabled": false,
                "backgroundInactive": false,
                "base": false,
                "foreground": false,
                "foregroundDisabled": false,
                "foregroundInactive": false,
                "highlight": false,
                "highlightLight": false,
                "shadow": false,
                "shadowDark": false,
                "text": false,
                "textDisabled": false,
                "textHighlight": false,
                "textHighlightText": false,
                "textInactive": false
            },
            "foregroundTable": {
                "background": false,
                "backgroundDisabled": false,
                "backgroundInactive": false,
                "base": false,
                "foreground": false,
                "foregroundDisabled": false,
                "foregroundInactive": false,
                "highlight": false,
                "highlightLight": false,
                "shadow": false,
                "shadowDark": false,
                "text": false,
                "textDisabled": false,
                "textHighlight": false,
                "textHighlightText": false,
                "textInactive": false
            },
            "properties": {
                "__categories": [
                    {
                        "expanded": true,
                        "id": "Scheme",
                        "visible": true
                    },
                    {
                        "expanded": true,
                        "id": "Color Table",
                        "visible": true
                    },
                    {
                        "expanded": true,
                        "id": "Monochrome Table",
                        "visible": false
                    }
                ],
                "__groups": [
                ],
                "background": {
                    "alpha": 1,
                    "blue": 1,
                    "enabled": true,
                    "green": 1,
                    "red": 1,
                    "type": "color",
                    "visible": true
                },
                "backgroundDisabled": {
                    "alpha": 1,
                    "blue": 0.8313725490196079,
                    "enabled": true,
                    "green": 0.8156862745098039,
                    "red": 0.7843137254901961,
                    "type": "color",
                    "visible": true
                },
                "backgroundDisabled_mono": {
                    "enabled": true,
                    "type": "boolean",
                    "value": false,
                    "visible": true
                },
                "backgroundInactive": {
                    "alpha": 1,
                    "blue": 0.9058823529411765,
                    "enabled": true,
                    "green": 0.8901960784313725,
                    "red": 0.8392156862745098,
                    "type": "color",
                    "visible": true
                },
                "backgroundInactive_mono": {
                    "enabled": true,
                    "type": "boolean",
                    "value": false,
                    "visible": true
                },
                "background_mono": {
                    "enabled": true,
                    "type": "boolean",
                    "value": false,
                    "visible": true
                },
                "base": {
                    "alpha": 1,
                    "blue": 0.5686274509803921,
                    "enabled": true,
                    "green": 0.30994125276569773,
                    "red": 0.11372549019607843,
                    "type": "color",
                    "visible": true
                },
                "base_mono": {
                    "enabled": true,
                    "type": "boolean",
                    "value": false,
                    "visible": true
                },
                "colorMode": {
                    "enabled": true,
                    "type": "combo",
                    "value": 6,
                    "visible": true
                },
                "foreground": {
                    "alpha": 1,
                    "blue": 0,
                    "enabled": true,
                    "green": 1,
                    "red": 0,
                    "type": "color",
                    "visible": true
                },
                "foregroundDisabled": {
                    "alpha": 1,
                    "blue": 0.5019607843137255,
                    "enabled": true,
                    "green": 0.5019607843137255,
                    "red": 0.5019607843137255,
                    "type": "color",
                    "visible": true
                },
                "foregroundDisabled_mono": {
                    "enabled": true,
                    "type": "boolean",
                    "value": false,
                    "visible": true
                },
                "foregroundInactive": {
                    "alpha": 1,
                    "blue": 0.9058823529411765,
                    "enabled": true,
                    "green": 0.8901960784313725,
                    "red": 0.8392156862745098,
                    "type": "color",
                    "visible": true
                },
                "foregroundInactive_mono": {
                    "enabled": true,
                    "type": "boolean",
                    "value": false,
                    "visible": true
                },
                "foreground_mono": {
                    "enabled": true,
                    "type": "boolean",
                    "value": false,
                    "visible": true
                },
                "highlight": {
                    "alpha": 1,
                    "blue": 0.8313725490196079,
                    "enabled": true,
                    "green": 0.8156862745098039,
                    "red": 0.7843137254901961,
                    "type": "color",
                    "visible": true
                },
                "highlightLight": {
                    "alpha": 1,
                    "blue": 1,
                    "enabled": true,
                    "green": 1,
                    "red": 1,
                    "type": "color",
                    "visible": true
                },
                "highlightLight_mono": {
                    "enabled": true,
                    "type": "boolean",
                    "value": false,
                    "visible": true
                },
                "highlight_mono": {
                    "enabled": true,
                    "type": "boolean",
                    "value": false,
                    "visible": true
                },
                "id": {
                    "enabled": true,
                    "type": "uuid",
                    "value": "{9a6451af-42a9-4658-befa-f192fd5a6da6}",
                    "visible": true
                },
                "name": {
                    "enabled": true,
                    "type": "text",
                    "value": "PrimaryScheme",
                    "visible": true
                },
                "shadow": {
                    "alpha": 1,
                    "blue": 0.5019607843137255,
                    "enabled": true,
                    "green": 0.5019607843137255,
                    "red": 0.5019607843137255,
                    "type": "color",
                    "visible": true
                },
                "shadowDark": {
                    "alpha": 1,
                    "blue": 0.25098039215686274,
                    "enabled": true,
                    "green": 0.25098039215686274,
                    "red": 0.25098039215686274,
                    "type": "color",
                    "visible": true
                },
                "shadowDark_mono": {
                    "enabled": true,
                    "type": "boolean",
                    "value": false,
                    "visible": true
                },
                "shadow_mono": {
                    "enabled": true,
                    "type": "boolean",
                    "value": false,
                    "visible": true
                },
                "text": {
                    "alpha": 1,
                    "blue": 0,
                    "enabled": true,
                    "green": 1,
                    "red": 0,
                    "type": "color",
                    "visible": true
                },
                "textDisabled": {
                    "alpha": 1,
                    "blue": 0.5803921568627451,
                    "enabled": true,
                    "green": 0.5725490196078431,
                    "red": 0.5490196078431373,
                    "type": "color",
                    "visible": true
                },
                "textDisabled_mono": {
                    "enabled": true,
                    "type": "boolean",
                    "value": false,
                    "visible": true
                },
                "textHighlight": {
                    "alpha": 1,
                    "blue": 1,
                    "enabled": true,
                    "green": 0,
                    "red": 0,
                    "type": "color",
                    "visible": true
                },
                "textHighlightText": {
                    "alpha": 1,
                    "blue": 1,
                    "enabled": true,
                    "green": 1,
                    "red": 1,
                    "type": "color",
                    "visible": true
                },
                "textHighlightText_mono": {
                    "enabled": true,
                    "type": "boolean",
                    "value": false,
                    "visible": true
                },
                "textHighlight_mono": {
                    "enabled": true,
                    "type": "boolean",
                    "value": false,
                    "visible": true
                },
                "textInactive": {
                    "alpha": 1,
                    "blue": 0.9058823529411765,
                    "enabled": true,
                    "green": 0.8901960784313725,
                    "red": 0.8392156862745098,
                    "type": "color",
                    "visible": true
                },
                "textInactive_mono": {
                    "enabled": true,
                    "type": "boolean",
                    "value": false,
                    "visible": true
                },
                "text_mono": {
                    "enabled": true,
                    "type": "boolean",
                    "value": false,
                    "visible": true
                }
            }
        },
        {
            "backgroundTable": {
                "background": false,
                "backgroundDisabled": false,
                "backgroundInactive": false,
                "base": false,
                "foreground": false,
                "foregroundDisabled": false,
                "foregroundInactive": false,
                "highlight": false,
                "highlightLight": false,
                "shadow": false,
                "shadowDark": false,
                "text": false,
                "textDisabled": false,
                "textHighlight": false,
                "textHighlightText": false,
                "textInactive": false
            },
            "foregroundTable": {
                "background": false,
                "backgroundDisabled": false,
                "backgroundInactive": false,
                "base": false,
                "foreground": false,
                "foregroundDisabled": false,
                "foregroundInactive": false,
                "highlight": false,
                "highlightLight": false,
                "shadow": false,
                "shadowDark": false,
                "text": false,
                "textDisabled": false,
                "textHighlight": false,
                "textHighlightText": false,
                "textInactive": false
            },
            "properties": {
                "__categories": [
                    {
                        "expanded": true,
                        "id": "Scheme",
                        "visible": true
                    },
                    {
                        "expanded": true,
                        "id": "Color Table",
                        "visible": true
                    },
                    {
                        "expanded": true,
                        "id": "Monochrome Table",
                        "visible": false
                    }
                ],
                "__groups": [
                ],
                "background": {
                    "alpha": 1,
                    "blue": 1,
                    "enabled": true,
                    "green": 1,
                    "red": 1,
                    "type": "color",
                    "visible": true
                },
                "backgroundDisabled": {
                    "alpha": 1,
                    "blue": 0.8313725490196079,
                    "enabled": true,
                    "green": 0.8156862745098039,
                    "red": 0.7843137254901961,
                    "type": "color",
                    "visible": true
                },
                "backgroundDisabled_mono": {
                    "enabled": true,
                    "type": "boolean",
                    "value": false,
                    "visible": true
                },
                "backgroundInactive": {
                    "alpha": 1,
                    "blue": 0.9058823529411765,
                    "enabled": true,
                    "green": 0.8901960784313725,
                    "red": 0.8392156862745098,
                    "type": "color",
                    "visible": true
                },
                "backgroundInactive_mono": {
                    "enabled": true,
                    "type": "boolean",
                    "value": false,
                    "visible": true
                },
                "background_mono": {
                    "enabled": true,
                    "type": "boolean",
                    "value": false,
                    "visible": true
                },
                "base": {
                    "alpha": 1,
                    "blue": 1,
                    "enabled": true,
                    "green": 0,
                    "red": 0,
                    "type": "color",
                    "visible": true
                },
                "base_mono": {
                    "enabled": true,
                    "type": "boolean",
                    "value": false,
                    "visible": true
                },
                "colorMode": {
                    "enabled": true,
                    "type": "combo",
                    "value": 6,
                    "visible": true
                },
                "foreground": {
                    "alpha": 1,
                    "blue": 1,
                    "enabled": true,
                    "green": 0,
                    "red": 0,
                    "type": "color",
                    "visible": true
                },
                "foregroundDisabled": {
                    "alpha": 1,
                    "blue": 0.5019607843137255,
                    "enabled": true,
                    "green": 0.5019607843137255,
                    "red": 0.5019607843137255,
                    "type": "color",
                    "visible": true
                },
                "foregroundDisabled_mono": {
                    "enabled": true,
                    "type": "boolean",
                    "value": false,
                    "visible": true
                },
                "foregroundInactive": {
                    "alpha": 1,
                    "blue": 0.9058823529411765,
                    "enabled": true,
                    "green": 0.8901960784313725,
                    "red": 0.8392156862745098,
                    "type": "color",
                    "visible": true
                },
                "foregroundInactive_mono": {
                    "enabled": true,
                    "type": "boolean",
                    "value": false,
                    "visible": true
                },
                "foreground_mono": {
                    "enabled": true,
                    "type": "boolean",
                    "value": false,
                    "visible": true
                },
                "highlight": {
                    "alpha": 1,
                    "blue": 0.8313725490196079,
                    "enabled": true,
                    "green": 0.8156862745098039,
                    "red": 0.7843137254901961,
                    "type": "color",
                    "visible": true
                },
                "highlightLight": {
                    "alpha": 1,
                    "blue": 1,
                    "enabled": true,
                    "green": 1,
                    "red": 1,
                    "type": "color",
                    "visible": true
                },
                "highlightLight_mono": {
                    "enabled": true,
                    "type": "boolean",
                    "value": false,
                    "visible": true
                },
                "highlight_mono": {
                    "enabled": true,
                    "type": "boolean",
                    "value": false,
                    "visible": true
                },
                "id": {
                    "enabled": true,
                    "type": "uuid",
                    "value": "{474c24ab-e603-4926-9ed3-6db00fb02d9b}",
                    "visible": true
                },
                "name": {
                    "enabled": true,
                    "type": "text",
                    "value": "BlueScheme",
                    "visible": true
                },
                "shadow": {
                    "alpha": 1,
                    "blue": 0.5019607843137255,
                    "enabled": true,
                    "green": 0.5019607843137255,
                    "red": 0.5019607843137255,
                    "type": "color",
                    "visible": true
                },
                "shadowDark": {
                    "alpha": 1,
                    "blue": 0.25098039215686274,
                    "enabled": true,
                    "green": 0.25098039215686274,
                    "red": 0.25098039215686274,
                    "type": "color",
                    "visible": true
                },
                "shadowDark_mono": {
                    "enabled": true,
                    "type": "boolean",
                    "value": false,
                    "visible": true
                },
                "shadow_mono": {
                    "enabled": true,
                    "type": "boolean",
                    "value": false,
                    "visible": true
                },
                "text": {
                    "alpha": 1,
                    "blue": 1,
                    "enabled": true,
                    "green": 0,
                    "red": 0,
                    "type": "color",
                    "visible": true
                },
                "textDisabled": {
                    "alpha": 1,
                    "blue": 0.5803921568627451,
                    "enabled": true,
                    "green": 0.5725490196078431,
                    "red": 0.5490196078431373,
                    "type": "color",
                    "visible": true
                },
                "textDisabled_mono": {
                    "enabled": true,
                    "type": "boolean",
                    "value": false,
                    "visible": true
                },
                "textHighlight": {
                    "alpha": 1,
                    "blue": 1,
                    "enabled": true,
                    "green": 0,
                    "red": 0,
                    "type": "color",
                    "visible": true
                },
                "textHighlightText": {
                    "alpha": 1,
                    "blue": 1,
                    "enabled": true,
                    "green": 1,
                    "red": 1,
                    "type": "color",
                    "visible": true
                },
                "textHighlightText_mono": {
                    "enabled": true,
                    "type": "boolean",
                    "value": false,
                    "visible": true
                },
                "textHighlight_mono": {
                    "enabled": true,
                    "type": "boolean",
                    "value": false,
                    "visible": true
                },
                "textInactive": {
                    "alpha": 1,
                    "blue": 0.9058823529411765,
                    "enabled": true,
                    "green": 0.8901960784313725,
                    "red": 0.8392156862745098,
                    "type": "color",
                    "visible": true
                },
                "textInactive_mono": {
                    "enabled": true,
                    "type": "boolean",
                    "value": false,
                    "visible": true
                },
                "text_mono": {
                    "enabled": true,
                    "type": "boolean",
                    "value": false,
                    "visible": true
                }
            }
        },
        {
            "backgroundTable": {
                "background": false,
                "backgroundDisabled": false,
                "backgroundInactive": false,
                "base": false,
                "foreground": false,
                "foregroundDisabled": false,
                "foregroundInactive": false,
                "highlight": false,
                "highlightLight": false,
                "shadow": false,
                "shadowDark": false,
                "text": false,
                "textDisabled": false,
                "textHighlight": false,
                "textHighlightText": false,
                "textInactive": false
            },
            "foregroundTable": {
                "background": false,
                "backgroundDisabled": false,
                "backgroundInactive": false,
                "base": false,
                "foreground": false,
                "foregroundDisabled": false,
                "foregroundInactive": false,
                "highlight": false,
                "highlightLight": false,
                "shadow": false,
                "shadowDark": false,
                "text": false,
                "textDisabled": false,
                "textHighlight": false,
                "textHighlightText": false,
                "textInactive": false
            },
            "properties": {
                "__categories": [
                    {
                        "expanded": true,
                        "id": "Scheme",
                        "visible": true
                    },
                    {
                        "expanded": true,
                        "id": "Color Table",
                        "visible": true
                    },
                    {
                        "expanded": true,
                        "id": "Monochrome Table",
                        "visible": false
                    }
                ],
                "__groups": [
                ],
                "background": {
                    "alpha": 1,
                    "blue": 1,
                    "enabled": true,
                    "green": 1,
                    "red": 1,
                    "type": "color",
                    "visible": true
                },
                "backgroundDisabled": {
                    "alpha": 1,
                    "blue": 0.8313725490196079,
                    "enabled": true,
                    "green": 0.8156862745098039,
                    "red": 0.7843137254901961,
                    "type": "color",
                    "visible": true
                },
                "backgroundDisabled_mono": {
                    "enabled": true,
                    "type": "boolean",
                    "value": false,
                    "visible": true
                },
                "backgroundInactive": {
                    "alpha": 1,
                    "blue": 0.9058823529411765,
                    "enabled": true,
                    "green": 0.8901960784313725,
                    "red": 0.8392156862745098,
                    "type": "color",
                    "visible": true
                },
                "backgroundInactive_mono": {
                    "enabled": true,
                    "type": "boolean",
                    "value": false,
                    "visible": true
                },
                "background_mono": {
                    "enabled": true,
                    "type": "boolean",
                    "value": false,
                    "visible": true
                },
                "base": {
                    "alpha": 1,
                    "blue": 1,
                    "enabled": true,
                    "green": 1,
                    "red": 1,
                    "type": "color",
                    "visible": true
                },
                "base_mono": {
                    "enabled": true,
                    "type": "boolean",
                    "value": false,
                    "visible": true
                },
                "colorMode": {
                    "enabled": true,
                    "type": "combo",
                    "value": 6,
                    "visible": true
                },
                "foreground": {
                    "alpha": 1,
                    "blue": 0,
                    "enabled": true,
                    "green": 0,
                    "red": 0,
                    "type": "color",
                    "visible": true
                },
                "foregroundDisabled": {
                    "alpha": 1,
                    "blue": 0.5019607843137255,
                    "enabled": true,
                    "green": 0.5019607843137255,
                    "red": 0.5019607843137255,
                    "type": "color",
                    "visible": true
                },
                "foregroundDisabled_mono": {
                    "enabled": true,
                    "type": "boolean",
                    "value": false,
                    "visible": true
                },
                "foregroundInactive": {
                    "alpha": 1,
                    "blue": 0.9058823529411765,
                    "enabled": true,
                    "green": 0.8901960784313725,
                    "red": 0.8392156862745098,
                    "type": "color",
                    "visible": true
                },
                "foregroundInactive_mono": {
                    "enabled": true,
                    "type": "boolean",
                    "value": false,
                    "visible": true
                },
                "foreground_mono": {
                    "enabled": true,
                    "type": "boolean",
                    "value": false,
                    "visible": true
                },
                "highlight": {
                    "alpha": 1,
                    "blue": 0.8313725490196079,
                    "enabled": true,
                    "green": 0.8156862745098039,
                    "red": 0.7843137254901961,
                    "type": "color",
                    "visible": true
                },
                "highlightLight": {
                    "alpha": 1,
                    "blue": 1,
                    "enabled": true,
                    "green": 1,
                    "red": 1,
                    "type": "color",
                    "visible": true
                },
                "highlightLight_mono": {
                    "enabled": true,
                    "type": "boolean",
                    "value": false,
                    "visible": true
                },
                "highlight_mono": {
                    "enabled": true,
                    "type": "boolean",
                    "value": false,
                    "visible": true
                },
                "id": {
                    "enabled": true,
                    "type": "uuid",
                    "value": "{a5697511-9c8a-472f-a6e6-2be672797a44}",
                    "visible": true
                },
                "name": {
                    "enabled": true,
                    "type": "text",
                    "value": "WhiteScheme",
                    "visible": true
                },
                "shadow": {
                    "alpha": 1,
                    "blue": 0.5019607843137255,
                    "enabled": true,
                    "green": 0.5019607843137255,
                    "red": 0.5019607843137255,
                    "type": "color",
                    "visible": true
                },
                "shadowDark": {
                    "alpha": 1,
                    "blue": 0.25098039215686274,
                    "enabled": true,
                    "green": 0.25098039215686274,
                    "red": 0.25098039215686274,
                    "type": "color",
                    "visible": true
                },
                "shadowDark_mono": {
                    "enabled": true,
                    "type": "boolean",
                    "value": false,
                    "visible": true
                },
                "shadow_mono": {
                    "enabled": true,
                    "type": "boolean",
                    "value": false,
                    "visible": true
                },
                "text": {
                    "alpha": 1,
                    "blue": 1,
                    "enabled": true,
                    "green": 1,
                    "red": 1,
                    "type": "color",
                    "visible": true
                },
                "textDisabled": {
                    "alpha": 1,
                    "blue": 0.5803921568627451,
                    "enabled": true,
                    "green": 0.5725490196078431,
                    "red": 0.5490196078431373,
                    "type": "color",
                    "visible": true
                },
                "textDisabled_mono": {
                    "enabled": true,
                    "type": "boolean",
                    "value": false,
                    "visible": true
                },
                "textHighlight": {
                    "alpha": 1,
                    "blue": 1,
                    "enabled": true,
                    "green": 0,
                    "red": 0,
                    "type": "color",
                    "visible": true
                },
                "textHighlightText": {
                    "alpha": 1,
                    "blue": 1,
                    "enabled": true,
                    "green": 1,
                    "red": 1,
                    "type": "color",
                    "visible": true
                },
                "textHighlightText_mono": {
                    "enabled": true,
                    "type": "boolean",
                    "value": false,
                    "visible": true
                },
                "textHighlight_mono": {
                    "enabled": true,
                    "type": "boolean",
                    "value": false,
                    "visible": true
                },
                "textInactive": {
                    "alpha": 1,
                    "blue": 0.9058823529411765,
                    "enabled": true,
                    "green": 0.8901960784313725,
                    "red": 0.8392156862745098,
                    "type": "color",
                    "visible": true
                },
                "textInactive_mono": {
                    "enabled": true,
                    "type": "boolean",
                    "value": false,
                    "visible": true
                },
                "text_mono": {
                    "enabled": true,
                    "type": "boolean",
                    "value": false,
                    "visible": true
                }
            }
        }
    ],
    "userDefault": "{00000000-0000-0000-0000-000000000000}"
}
