{
    "bindings": [
        {
            "font": "{272994d0-00d2-4550-ace4-67450d66c91c}",
            "language": "{60b38d19-9011-4751-bc72-0963ff6ecc92}",
            "string": "{3dd5caa1-40d5-4972-8205-41ab9c676206}"
        },
        {
            "font": "{272994d0-00d2-4550-ace4-67450d66c91c}",
            "language": "{60b38d19-9011-4751-bc72-0963ff6ecc92}",
            "string": "{3ef7137d-790a-4da9-8c7a-a2d351913af6}"
        },
        {
            "font": "{7da8a2b4-e636-4d2a-bbfb-e8b10101f4dc}",
            "language": "{60b38d19-9011-4751-bc72-0963ff6ecc92}",
            "string": "{554ec126-4679-4ff5-8e04-504cda26d8ec}"
        },
        {
            "font": "{7da8a2b4-e636-4d2a-bbfb-e8b10101f4dc}",
            "language": "{60b38d19-9011-4751-bc72-0963ff6ecc92}",
            "string": "{85763892-9f80-448e-bc32-d24fc5c4fae2}"
        },
        {
            "font": "{7da8a2b4-e636-4d2a-bbfb-e8b10101f4dc}",
            "language": "{60b38d19-9011-4751-bc72-0963ff6ecc92}",
            "string": "{9d78a62d-aa53-4846-ae8c-ec651ba95ccb}"
        },
        {
            "font": "{7da8a2b4-e636-4d2a-bbfb-e8b10101f4dc}",
            "language": "{60b38d19-9011-4751-bc72-0963ff6ecc92}",
            "string": "{f3440d74-da4e-4393-bdae-fbc0c8bb62e4}"
        },
        {
            "font": "{7da8a2b4-e636-4d2a-bbfb-e8b10101f4dc}",
            "language": "{60b38d19-9011-4751-bc72-0963ff6ecc92}",
            "string": "{f42a1cdc-2943-4860-8c5a-8b656432e5d3}"
        },
        {
            "font": "{7da8a2b4-e636-4d2a-bbfb-e8b10101f4dc}",
            "language": "{60b38d19-9011-4751-bc72-0963ff6ecc92}",
            "string": "{f78e3083-3e46-471a-8b97-5fcf076e2abf}"
        },
        {
            "font": "{7da8a2b4-e636-4d2a-bbfb-e8b10101f4dc}",
            "language": "{60b38d19-9011-4751-bc72-0963ff6ecc92}",
            "string": "{fc72c3be-1eed-474b-956b-db0b8d7bbdaa}"
        },
        {
            "font": "{e8e7d852-9a0a-4eb4-8447-7ffb279bc557}",
            "language": "{60b38d19-9011-4751-bc72-0963ff6ecc92}",
            "string": "{6819b89d-0584-4e47-8549-287d93682739}"
        },
        {
            "font": "{e8e7d852-9a0a-4eb4-8447-7ffb279bc557}",
            "language": "{60b38d19-9011-4751-bc72-0963ff6ecc92}",
            "string": "{f3b3f150-0cc0-46a3-8c95-0cc8f5ea840f}"
        }
    ],
    "defaultLanguage": "{60b38d19-9011-4751-bc72-0963ff6ecc92}",
    "encoding": "ASCII",
    "languages": [
        {
            "properties": {
                "__categories": [
                ],
                "__groups": [
                ],
                "enabled": {
                    "enabled": true,
                    "type": "boolean",
                    "value": true,
                    "visible": true
                },
                "id": {
                    "enabled": true,
                    "type": "uuid",
                    "value": "{60b38d19-9011-4751-bc72-0963ff6ecc92}",
                    "visible": true
                },
                "name": {
                    "enabled": true,
                    "type": "text",
                    "value": "Default",
                    "visible": true
                }
            }
        }
    ],
    "paths": [
    ],
    "strings": [
        {
            "properties": {
                "__categories": [
                ],
                "__groups": [
                ],
                "description": {
                    "enabled": true,
                    "type": "text",
                    "value": "",
                    "visible": true
                },
                "id": {
                    "enabled": true,
                    "type": "uuid",
                    "value": "{3dd5caa1-40d5-4972-8205-41ab9c676206}",
                    "visible": true
                },
                "name": {
                    "enabled": true,
                    "type": "text",
                    "value": "String",
                    "visible": true
                },
                "path": {
                    "enabled": true,
                    "type": "text",
                    "value": "/",
                    "visible": true
                }
            },
            "values": [
                {
                    "language": "{60b38d19-9011-4751-bc72-0963ff6ecc92}",
                    "value": "Click 'Add String' then 'Show List2'"
                }
            ]
        },
        {
            "properties": {
                "__categories": [
                ],
                "__groups": [
                ],
                "description": {
                    "enabled": true,
                    "type": "text",
                    "value": "",
                    "visible": true
                },
                "id": {
                    "enabled": true,
                    "type": "uuid",
                    "value": "{3ef7137d-790a-4da9-8c7a-a2d351913af6}",
                    "visible": true
                },
                "name": {
                    "enabled": true,
                    "type": "text",
                    "value": "String1",
                    "visible": true
                },
                "path": {
                    "enabled": true,
                    "type": "text",
                    "value": "/",
                    "visible": true
                }
            },
            "values": [
                {
                    "language": "{60b38d19-9011-4751-bc72-0963ff6ecc92}",
                    "value": "Click 'Show List1' "
                }
            ]
        },
        {
            "properties": {
                "__categories": [
                ],
                "__groups": [
                ],
                "description": {
                    "enabled": true,
                    "type": "text",
                    "value": "",
                    "visible": true
                },
                "id": {
                    "enabled": true,
                    "type": "uuid",
                    "value": "{554ec126-4679-4ff5-8e04-504cda26d8ec}",
                    "visible": true
                },
                "name": {
                    "enabled": true,
                    "type": "text",
                    "value": "clear",
                    "visible": true
                },
                "path": {
                    "enabled": true,
                    "type": "text",
                    "value": "/",
                    "visible": true
                }
            },
            "values": [
                {
                    "language": "{60b38d19-9011-4751-bc72-0963ff6ecc92}",
                    "value": "Clear List2"
                }
            ]
        },
        {
            "properties": {
                "__categories": [
                ],
                "__groups": [
                ],
                "description": {
                    "enabled": true,
                    "type": "text",
                    "value": "",
                    "visible": true
                },
                "id": {
                    "enabled": true,
                    "type": "uuid",
                    "value": "{6819b89d-0584-4e47-8549-287d93682739}",
                    "visible": true
                },
                "name": {
                    "enabled": true,
                    "type": "text",
                    "value": "static",
                    "visible": true
                },
                "path": {
                    "enabled": true,
                    "type": "text",
                    "value": "/",
                    "visible": true
                }
            },
            "values": [
                {
                    "language": "{60b38d19-9011-4751-bc72-0963ff6ecc92}",
                    "value": "Static List1"
                }
            ]
        },
        {
            "properties": {
                "__categories": [
                ],
                "__groups": [
                ],
                "description": {
                    "enabled": true,
                    "type": "text",
                    "value": "",
                    "visible": true
                },
                "id": {
                    "enabled": true,
                    "type": "uuid",
                    "value": "{85763892-9f80-448e-bc32-d24fc5c4fae2}",
                    "visible": true
                },
                "name": {
                    "enabled": true,
                    "type": "text",
                    "value": "dynamicBtn",
                    "visible": true
                },
                "path": {
                    "enabled": true,
                    "type": "text",
                    "value": "/",
                    "visible": true
                }
            },
            "values": [
                {
                    "language": "{60b38d19-9011-4751-bc72-0963ff6ecc92}",
                    "value": "Show List2"
                }
            ]
        },
        {
            "properties": {
                "__categories": [
                ],
                "__groups": [
                ],
                "description": {
                    "enabled": true,
                    "type": "text",
                    "value": "",
                    "visible": true
                },
                "id": {
                    "enabled": true,
                    "type": "uuid",
                    "value": "{9d78a62d-aa53-4846-ae8c-ec651ba95ccb}",
                    "visible": true
                },
                "name": {
                    "enabled": true,
                    "type": "text",
                    "value": "add",
                    "visible": true
                },
                "path": {
                    "enabled": true,
                    "type": "text",
                    "value": "/",
                    "visible": true
                }
            },
            "values": [
                {
                    "language": "{60b38d19-9011-4751-bc72-0963ff6ecc92}",
                    "value": "Add String"
                }
            ]
        },
        {
            "properties": {
                "__categories": [
                ],
                "__groups": [
                ],
                "description": {
                    "enabled": true,
                    "type": "text",
                    "value": "",
                    "visible": true
                },
                "id": {
                    "enabled": true,
                    "type": "uuid",
                    "value": "{f3440d74-da4e-4393-bdae-fbc0c8bb62e4}",
                    "visible": true
                },
                "name": {
                    "enabled": true,
                    "type": "text",
                    "value": "staticBtn",
                    "visible": true
                },
                "path": {
                    "enabled": true,
                    "type": "text",
                    "value": "/",
                    "visible": true
                }
            },
            "values": [
                {
                    "language": "{60b38d19-9011-4751-bc72-0963ff6ecc92}",
                    "value": "Show List1"
                }
            ]
        },
        {
            "properties": {
                "__categories": [
                ],
                "__groups": [
                ],
                "description": {
                    "enabled": true,
                    "type": "text",
                    "value": "",
                    "visible": true
                },
                "id": {
                    "enabled": true,
                    "type": "uuid",
                    "value": "{f3b3f150-0cc0-46a3-8c95-0cc8f5ea840f}",
                    "visible": true
                },
                "name": {
                    "enabled": true,
                    "type": "text",
                    "value": "dynamic",
                    "visible": true
                },
                "path": {
                    "enabled": true,
                    "type": "text",
                    "value": "/",
                    "visible": true
                }
            },
            "values": [
                {
                    "language": "{60b38d19-9011-4751-bc72-0963ff6ecc92}",
                    "value": "Dynamic List2"
                }
            ]
        },
        {
            "properties": {
                "__categories": [
                ],
                "__groups": [
                ],
                "description": {
                    "enabled": true,
                    "type": "text",
                    "value": "",
                    "visible": true
                },
                "id": {
                    "enabled": true,
                    "type": "uuid",
                    "value": "{f42a1cdc-2943-4860-8c5a-8b656432e5d3}",
                    "visible": true
                },
                "name": {
                    "enabled": true,
                    "type": "text",
                    "value": "StrC",
                    "visible": true
                },
                "path": {
                    "enabled": true,
                    "type": "text",
                    "value": "/",
                    "visible": true
                }
            },
            "values": [
                {
                    "language": "{60b38d19-9011-4751-bc72-0963ff6ecc92}",
                    "value": "ITEM C"
                }
            ]
        },
        {
            "properties": {
                "__categories": [
                ],
                "__groups": [
                ],
                "description": {
                    "enabled": true,
                    "type": "text",
                    "value": "",
                    "visible": true
                },
                "id": {
                    "enabled": true,
                    "type": "uuid",
                    "value": "{f78e3083-3e46-471a-8b97-5fcf076e2abf}",
                    "visible": true
                },
                "name": {
                    "enabled": true,
                    "type": "text",
                    "value": "StrA",
                    "visible": true
                },
                "path": {
                    "enabled": true,
                    "type": "text",
                    "value": "/",
                    "visible": true
                }
            },
            "values": [
                {
                    "language": "{60b38d19-9011-4751-bc72-0963ff6ecc92}",
                    "value": "ITEM A"
                }
            ]
        },
        {
            "properties": {
                "__categories": [
                ],
                "__groups": [
                ],
                "description": {
                    "enabled": true,
                    "type": "text",
                    "value": "",
                    "visible": true
                },
                "id": {
                    "enabled": true,
                    "type": "uuid",
                    "value": "{fc72c3be-1eed-474b-956b-db0b8d7bbdaa}",
                    "visible": true
                },
                "name": {
                    "enabled": true,
                    "type": "text",
                    "value": "StrB",
                    "visible": true
                },
                "path": {
                    "enabled": true,
                    "type": "text",
                    "value": "/",
                    "visible": true
                }
            },
            "values": [
                {
                    "language": "{60b38d19-9011-4751-bc72-0963ff6ecc92}",
                    "value": "ITEM B"
                }
            ]
        }
    ]
}
