{
    "bindings": [
        {
            "font": "{fedc3797-83b8-4c5e-b82c-96d6c8157349}",
            "language": "{4386afa1-8990-4628-a5db-9f0d179a3e9b}",
            "string": "{26086ce6-074e-48b1-bf12-9029e01c1cd5}"
        },
        {
            "font": "{76236f43-f9ea-4fd6-8869-d90db014dbb3}",
            "language": "{4386afa1-8990-4628-a5db-9f0d179a3e9b}",
            "string": "{38298baa-7193-4779-b154-68414c9e88ce}"
        },
        {
            "font": "{76236f43-f9ea-4fd6-8869-d90db014dbb3}",
            "language": "{4386afa1-8990-4628-a5db-9f0d179a3e9b}",
            "string": "{86d32094-db25-4a9c-92a5-7c3255d33c8b}"
        },
        {
            "font": "{76236f43-f9ea-4fd6-8869-d90db014dbb3}",
            "language": "{4386afa1-8990-4628-a5db-9f0d179a3e9b}",
            "string": "{ce46acf0-2e4a-4467-bee6-deaa2a024b80}"
        },
        {
            "font": "{fedc3797-83b8-4c5e-b82c-96d6c8157349}",
            "language": "{4386afa1-8990-4628-a5db-9f0d179a3e9b}",
            "string": "{c5466e03-0501-4257-a63c-166cb2ee5a41}"
        },
        {
            "font": "{fedc3797-83b8-4c5e-b82c-96d6c8157349}",
            "language": "{4386afa1-8990-4628-a5db-9f0d179a3e9b}",
            "string": "{e4e2aaea-064d-4670-8407-21fdbd926cce}"
        }
    ],
    "defaultLanguage": "{4386afa1-8990-4628-a5db-9f0d179a3e9b}",
    "encoding": "ASCII",
    "languages": [
        {
            "properties": {
                "__categories": [
                ],
                "__groups": [
                ],
                "enabled": {
                    "enabled": true,
                    "type": "boolean",
                    "value": true,
                    "visible": true
                },
                "id": {
                    "enabled": true,
                    "type": "uuid",
                    "value": "{4386afa1-8990-4628-a5db-9f0d179a3e9b}",
                    "visible": true
                },
                "name": {
                    "enabled": true,
                    "type": "text",
                    "value": "Default",
                    "visible": true
                }
            }
        }
    ],
    "paths": [
    ],
    "strings": [
        {
            "properties": {
                "__categories": [
                ],
                "__groups": [
                ],
                "description": {
                    "enabled": true,
                    "type": "text",
                    "value": "",
                    "visible": true
                },
                "id": {
                    "enabled": true,
                    "type": "uuid",
                    "value": "{26086ce6-074e-48b1-bf12-9029e01c1cd5}",
                    "visible": true
                },
                "name": {
                    "enabled": true,
                    "type": "text",
                    "value": "Timeline1",
                    "visible": true
                },
                "path": {
                    "enabled": true,
                    "type": "text",
                    "value": "/",
                    "visible": true
                }
            },
            "values": [
                {
                    "language": "{4386afa1-8990-4628-a5db-9f0d179a3e9b}",
                    "value": "Timeline1"
                }
            ]
        },
        {
            "properties": {
                "__categories": [
                ],
                "__groups": [
                ],
                "description": {
                    "enabled": true,
                    "type": "text",
                    "value": "",
                    "visible": true
                },
                "id": {
                    "enabled": true,
                    "type": "uuid",
                    "value": "{38298baa-7193-4779-b154-68414c9e88ce}",
                    "visible": true
                },
                "name": {
                    "enabled": true,
                    "type": "text",
                    "value": "GraphGenerate",
                    "visible": true
                },
                "path": {
                    "enabled": true,
                    "type": "text",
                    "value": "/",
                    "visible": true
                }
            },
            "values": [
                {
                    "language": "{4386afa1-8990-4628-a5db-9f0d179a3e9b}",
                    "value": "Generate Random Values "
                }
            ]
        },
        {
            "properties": {
                "__categories": [
                ],
                "__groups": [
                ],
                "description": {
                    "enabled": true,
                    "type": "text",
                    "value": "",
                    "visible": true
                },
                "id": {
                    "enabled": true,
                    "type": "uuid",
                    "value": "{86d32094-db25-4a9c-92a5-7c3255d33c8b}",
                    "visible": true
                },
                "name": {
                    "enabled": true,
                    "type": "text",
                    "value": "GraphStatic",
                    "visible": true
                },
                "path": {
                    "enabled": true,
                    "type": "text",
                    "value": "/",
                    "visible": true
                }
            },
            "values": [
                {
                    "language": "{4386afa1-8990-4628-a5db-9f0d179a3e9b}",
                    "value": "Generate Static Values"
                }
            ]
        },
        {
            "properties": {
                "__categories": [
                ],
                "__groups": [
                ],
                "description": {
                    "enabled": true,
                    "type": "text",
                    "value": "",
                    "visible": true
                },
                "id": {
                    "enabled": true,
                    "type": "uuid",
                    "value": "{c5466e03-0501-4257-a63c-166cb2ee5a41}",
                    "visible": true
                },
                "name": {
                    "enabled": true,
                    "type": "text",
                    "value": "Timeline3",
                    "visible": true
                },
                "path": {
                    "enabled": true,
                    "type": "text",
                    "value": "/",
                    "visible": true
                }
            },
            "values": [
                {
                    "language": "{4386afa1-8990-4628-a5db-9f0d179a3e9b}",
                    "value": "Timeline3"
                }
            ]
        },
        {
            "properties": {
                "__categories": [
                ],
                "__groups": [
                ],
                "description": {
                    "enabled": true,
                    "type": "text",
                    "value": "",
                    "visible": true
                },
                "id": {
                    "enabled": true,
                    "type": "uuid",
                    "value": "{ce46acf0-2e4a-4467-bee6-deaa2a024b80}",
                    "visible": true
                },
                "name": {
                    "enabled": true,
                    "type": "text",
                    "value": "GraphGenerating",
                    "visible": true
                },
                "path": {
                    "enabled": true,
                    "type": "text",
                    "value": "/",
                    "visible": true
                }
            },
            "values": [
                {
                    "language": "{4386afa1-8990-4628-a5db-9f0d179a3e9b}",
                    "value": "Generating Random Values"
                }
            ]
        },
        {
            "properties": {
                "__categories": [
                ],
                "__groups": [
                ],
                "description": {
                    "enabled": true,
                    "type": "text",
                    "value": "",
                    "visible": true
                },
                "id": {
                    "enabled": true,
                    "type": "uuid",
                    "value": "{e4e2aaea-064d-4670-8407-21fdbd926cce}",
                    "visible": true
                },
                "name": {
                    "enabled": true,
                    "type": "text",
                    "value": "Timeline2",
                    "visible": true
                },
                "path": {
                    "enabled": true,
                    "type": "text",
                    "value": "/",
                    "visible": true
                }
            },
            "values": [
                {
                    "language": "{4386afa1-8990-4628-a5db-9f0d179a3e9b}",
                    "value": "Timeline2"
                }
            ]
        }
    ]
}
