{
    "bindings": [
        {
            "font": "{957a3fe9-bfd7-4174-bf21-049e411ee73a}",
            "language": "{650841a0-6faa-4f44-bb63-dd5e64f8de34}",
            "string": "{2d21cb5e-3b97-48f8-9640-9eb663ba9620}"
        },
        {
            "font": "{957a3fe9-bfd7-4174-bf21-049e411ee73a}",
            "language": "{650841a0-6faa-4f44-bb63-dd5e64f8de34}",
            "string": "{e1d47b41-7391-48f8-b891-12e1fabfe775}"
        },
        {
            "font": "{957a3fe9-bfd7-4174-bf21-049e411ee73a}",
            "language": "{650841a0-6faa-4f44-bb63-dd5e64f8de34}",
            "string": "{f8dc5981-9de4-43a5-a018-80c6360ae0ca}"
        }
    ],
    "defaultLanguage": "{650841a0-6faa-4f44-bb63-dd5e64f8de34}",
    "encoding": "ASCII",
    "languages": [
        {
            "properties": {
                "__categories": [
                ],
                "__groups": [
                ],
                "enabled": {
                    "enabled": true,
                    "type": "boolean",
                    "value": true,
                    "visible": true
                },
                "id": {
                    "enabled": true,
                    "type": "uuid",
                    "value": "{650841a0-6faa-4f44-bb63-dd5e64f8de34}",
                    "visible": true
                },
                "name": {
                    "enabled": true,
                    "type": "text",
                    "value": "Default",
                    "visible": true
                }
            }
        }
    ],
    "paths": [
    ],
    "strings": [
        {
            "properties": {
                "__categories": [
                ],
                "__groups": [
                ],
                "description": {
                    "enabled": true,
                    "type": "text",
                    "value": "",
                    "visible": true
                },
                "id": {
                    "enabled": true,
                    "type": "uuid",
                    "value": "{2d21cb5e-3b97-48f8-9640-9eb663ba9620}",
                    "visible": true
                },
                "name": {
                    "enabled": true,
                    "type": "text",
                    "value": "Smart",
                    "visible": true
                },
                "path": {
                    "enabled": true,
                    "type": "text",
                    "value": "/",
                    "visible": true
                }
            },
            "values": [
                {
                    "language": "{650841a0-6faa-4f44-bb63-dd5e64f8de34}",
                    "value": "Smart."
                }
            ]
        },
        {
            "properties": {
                "__categories": [
                ],
                "__groups": [
                ],
                "description": {
                    "enabled": true,
                    "type": "text",
                    "value": "",
                    "visible": true
                },
                "id": {
                    "enabled": true,
                    "type": "uuid",
                    "value": "{e1d47b41-7391-48f8-b891-12e1fabfe775}",
                    "visible": true
                },
                "name": {
                    "enabled": true,
                    "type": "text",
                    "value": "Fast",
                    "visible": true
                },
                "path": {
                    "enabled": true,
                    "type": "text",
                    "value": "/",
                    "visible": true
                }
            },
            "values": [
                {
                    "language": "{650841a0-6faa-4f44-bb63-dd5e64f8de34}",
                    "value": "Fast."
                }
            ]
        },
        {
            "properties": {
                "__categories": [
                ],
                "__groups": [
                ],
                "description": {
                    "enabled": true,
                    "type": "text",
                    "value": "",
                    "visible": true
                },
                "id": {
                    "enabled": true,
                    "type": "uuid",
                    "value": "{f8dc5981-9de4-43a5-a018-80c6360ae0ca}",
                    "visible": true
                },
                "name": {
                    "enabled": true,
                    "type": "text",
                    "value": "Easy",
                    "visible": true
                },
                "path": {
                    "enabled": true,
                    "type": "text",
                    "value": "/",
                    "visible": true
                }
            },
            "values": [
                {
                    "language": "{650841a0-6faa-4f44-bb63-dd5e64f8de34}",
                    "value": "Easy."
                }
            ]
        }
    ]
}
