{
    "images": [
        {
            "id": "{ddfb9bcc-78bf-4d91-9561-e51213f769d5}",
            "name": "mchpLogo_small",
            "type": "RGB"
        },
        {
            "id": "{7ef94f75-b2f4-495c-b2af-895323870d1c}",
            "name": "MHGS_logo_smaller",
            "type": "RGB"
        },
        {
            "id": "{fc53bc7e-4f40-461d-933e-f4ac6e8ba073}",
            "name": "QuickstartDown_WQVGA",
            "type": "RGB"
        },
        {
            "id": "{fdc205b2-17dc-48db-b35c-a00654589f62}",
            "name": "QuickstartUp_WQVGA",
            "type": "RGB"
        }
    ],
    "paths": [
    ]
}
