{
    "images": [
        {
            "id": "{07b5702f-4ad3-48e1-b840-0c14b3e2c68d}",
            "name": "QuickstartDown_WVGA",
            "type": "RGB"
        },
        {
            "id": "{b1f3e368-6e9e-4640-9b9d-08fbf74c6914}",
            "name": "QuickstartUp_WVGA",
            "type": "RGB"
        },
        {
            "id": "{2cf6af2c-e363-4ef3-81d5-c43b85b078e9}",
            "name": "MHGS_logo_WVGA",
            "type": "RGB"
        },
        {
            "id": "{3bbe0a65-a736-40e0-911f-5b0b89002f5d}",
            "name": "mchpLogo_light",
            "type": "RGB"
        },
        {
            "id": "{d519cea9-f783-4b54-8c95-cc1df6c89d9f}",
            "name": "keydown",
            "type": "RGB"
        },
        {
            "id": "{a28965b3-64b3-4a0e-b726-0fbedf6eebfb}",
            "name": "keyup",
            "type": "RGB"
        },
        {
            "id": "{d46830fb-09ca-4413-9a81-60a6ae584fba}",
            "name": "BigKeyDown",
            "type": "RGB"
        },
        {
            "id": "{1b3b7037-93cd-4b0b-86e8-3603a28b858c}",
            "name": "BigKeyUp",
            "type": "RGB"
        }
    ],
    "paths": [
    ]
}
