{
    "images": [
        {
            "id": "{d519cea9-f783-4b54-8c95-cc1df6c89d9f}",
            "name": "keydown",
            "type": "RGB"
        },
        {
            "id": "{a28965b3-64b3-4a0e-b726-0fbedf6eebfb}",
            "name": "keyup",
            "type": "RGB"
        },
        {
            "id": "{d46830fb-09ca-4413-9a81-60a6ae584fba}",
            "name": "BigKeyDown",
            "type": "RGB"
        },
        {
            "id": "{1b3b7037-93cd-4b0b-86e8-3603a28b858c}",
            "name": "BigKeyUp",
            "type": "RGB"
        }
    ],
    "paths": [
    ]
}
