{
    "images": [
        {
            "id": "{6705bf83-0889-4f2d-9f91-7216dd939864}",
            "name": "mchpLogo_small",
            "type": "RGB"
        },
        {
            "id": "{5971f99f-b2e0-4f04-92af-3588bc8b2e38}",
            "name": "MHGS_logo_smaller",
            "type": "RGB"
        },
        {
            "id": "{cd17e5db-2423-4d5e-b2c7-477f336d8338}",
            "name": "QuickstartDown_WQVGA",
            "type": "RGB"
        },
        {
            "id": "{d8257a4f-2ba9-4019-8f25-a8791cde91af}",
            "name": "QuickstartUp_WQVGA",
            "type": "RGB"
        }
    ],
    "paths": [
    ]
}
