{
    "bindings": [
        {
            "font": "{79b51f4e-aac6-4b25-b8b4-882321888391}",
            "language": "{2e19e56b-718f-4d2c-a29a-778b5b379c58}",
            "string": "{1c420a00-fa3b-4071-8839-8832c42f152f}"
        },
        {
            "font": "{79b51f4e-aac6-4b25-b8b4-882321888391}",
            "language": "{2e19e56b-718f-4d2c-a29a-778b5b379c58}",
            "string": "{377dc596-ddc7-4f2d-847d-59e82083185b}"
        },
        {
            "font": "{79b51f4e-aac6-4b25-b8b4-882321888391}",
            "language": "{2e19e56b-718f-4d2c-a29a-778b5b379c58}",
            "string": "{3e617c00-7d98-467f-bdf7-1cfe6b15575a}"
        },
        {
            "font": "{79b51f4e-aac6-4b25-b8b4-882321888391}",
            "language": "{2e19e56b-718f-4d2c-a29a-778b5b379c58}",
            "string": "{4ed16fd9-fb94-47fe-84b7-93778adda29f}"
        },
        {
            "font": "{79b51f4e-aac6-4b25-b8b4-882321888391}",
            "language": "{2e19e56b-718f-4d2c-a29a-778b5b379c58}",
            "string": "{6ab8a20c-e772-4d78-9b73-80fd9a76d777}"
        },
        {
            "font": "{79b51f4e-aac6-4b25-b8b4-882321888391}",
            "language": "{2e19e56b-718f-4d2c-a29a-778b5b379c58}",
            "string": "{edab7b00-2a07-4a9a-a599-9534c315a59a}"
        }
    ],
    "defaultLanguage": "{2e19e56b-718f-4d2c-a29a-778b5b379c58}",
    "encoding": "ASCII",
    "languages": [
        {
            "properties": {
                "__categories": [
                ],
                "__groups": [
                ],
                "enabled": {
                    "enabled": true,
                    "type": "boolean",
                    "value": true,
                    "visible": true
                },
                "id": {
                    "enabled": true,
                    "type": "uuid",
                    "value": "{2e19e56b-718f-4d2c-a29a-778b5b379c58}",
                    "visible": true
                },
                "name": {
                    "enabled": true,
                    "type": "text",
                    "value": "Default",
                    "visible": true
                }
            }
        }
    ],
    "paths": [
    ],
    "strings": [
        {
            "properties": {
                "__categories": [
                ],
                "__groups": [
                ],
                "description": {
                    "enabled": true,
                    "type": "text",
                    "value": "",
                    "visible": true
                },
                "id": {
                    "enabled": true,
                    "type": "uuid",
                    "value": "{1c420a00-fa3b-4071-8839-8832c42f152f}",
                    "visible": true
                },
                "name": {
                    "enabled": true,
                    "type": "text",
                    "value": "Screen3",
                    "visible": true
                },
                "path": {
                    "enabled": true,
                    "type": "text",
                    "value": "/",
                    "visible": true
                }
            },
            "values": [
                {
                    "language": "{2e19e56b-718f-4d2c-a29a-778b5b379c58}",
                    "value": "3"
                }
            ]
        },
        {
            "properties": {
                "__categories": [
                ],
                "__groups": [
                ],
                "description": {
                    "enabled": true,
                    "type": "text",
                    "value": "",
                    "visible": true
                },
                "id": {
                    "enabled": true,
                    "type": "uuid",
                    "value": "{377dc596-ddc7-4f2d-847d-59e82083185b}",
                    "visible": true
                },
                "name": {
                    "enabled": true,
                    "type": "text",
                    "value": "Screen4",
                    "visible": true
                },
                "path": {
                    "enabled": true,
                    "type": "text",
                    "value": "/",
                    "visible": true
                }
            },
            "values": [
                {
                    "language": "{2e19e56b-718f-4d2c-a29a-778b5b379c58}",
                    "value": "4"
                }
            ]
        },
        {
            "properties": {
                "__categories": [
                ],
                "__groups": [
                ],
                "description": {
                    "enabled": true,
                    "type": "text",
                    "value": "",
                    "visible": true
                },
                "id": {
                    "enabled": true,
                    "type": "uuid",
                    "value": "{3e617c00-7d98-467f-bdf7-1cfe6b15575a}",
                    "visible": true
                },
                "name": {
                    "enabled": true,
                    "type": "text",
                    "value": "PopUpMessage",
                    "visible": true
                },
                "path": {
                    "enabled": true,
                    "type": "text",
                    "value": "/",
                    "visible": true
                }
            },
            "values": [
                {
                    "language": "{2e19e56b-718f-4d2c-a29a-778b5b379c58}",
                    "value": "Pop Up"
                }
            ]
        },
        {
            "properties": {
                "__categories": [
                ],
                "__groups": [
                ],
                "description": {
                    "enabled": true,
                    "type": "text",
                    "value": "",
                    "visible": true
                },
                "id": {
                    "enabled": true,
                    "type": "uuid",
                    "value": "{4ed16fd9-fb94-47fe-84b7-93778adda29f}",
                    "visible": true
                },
                "name": {
                    "enabled": true,
                    "type": "text",
                    "value": "Screen2",
                    "visible": true
                },
                "path": {
                    "enabled": true,
                    "type": "text",
                    "value": "/",
                    "visible": true
                }
            },
            "values": [
                {
                    "language": "{2e19e56b-718f-4d2c-a29a-778b5b379c58}",
                    "value": "2"
                }
            ]
        },
        {
            "properties": {
                "__categories": [
                ],
                "__groups": [
                ],
                "description": {
                    "enabled": true,
                    "type": "text",
                    "value": "",
                    "visible": true
                },
                "id": {
                    "enabled": true,
                    "type": "uuid",
                    "value": "{6ab8a20c-e772-4d78-9b73-80fd9a76d777}",
                    "visible": true
                },
                "name": {
                    "enabled": true,
                    "type": "text",
                    "value": "MainScreen",
                    "visible": true
                },
                "path": {
                    "enabled": true,
                    "type": "text",
                    "value": "/",
                    "visible": true
                }
            },
            "values": [
                {
                    "language": "{2e19e56b-718f-4d2c-a29a-778b5b379c58}",
                    "value": "Main Screen"
                }
            ]
        },
        {
            "properties": {
                "__categories": [
                ],
                "__groups": [
                ],
                "description": {
                    "enabled": true,
                    "type": "text",
                    "value": "",
                    "visible": true
                },
                "id": {
                    "enabled": true,
                    "type": "uuid",
                    "value": "{edab7b00-2a07-4a9a-a599-9534c315a59a}",
                    "visible": true
                },
                "name": {
                    "enabled": true,
                    "type": "text",
                    "value": "Screen1",
                    "visible": true
                },
                "path": {
                    "enabled": true,
                    "type": "text",
                    "value": "/",
                    "visible": true
                }
            },
            "values": [
                {
                    "language": "{2e19e56b-718f-4d2c-a29a-778b5b379c58}",
                    "value": "1"
                }
            ]
        }
    ]
}
