{
    "images": [
        {
            "id": "{783b067d-207a-477e-99b5-cf2befffe102}",
            "name": "mchpLogo_small",
            "type": "RGB"
        },
        {
            "id": "{83e2c617-25c5-4be9-a3d3-dd32a9969b0b}",
            "name": "MHGS_logo_smaller",
            "type": "RGB"
        },
        {
            "id": "{244a5be1-8708-406a-a0a0-4dde95d9b802}",
            "name": "QuickstartDown_WQVGA",
            "type": "RGB"
        },
        {
            "id": "{10b27a7b-63fa-47f9-a3af-0caad820566c}",
            "name": "QuickstartUp_WQVGA",
            "type": "RGB"
        },
        {
            "id": "{00bd3bcc-e6ef-47e4-ba63-9efbb049f144}",
            "name": "Battery0",
            "type": "RGB"
        },
        {
            "id": "{21028701-14a3-4c52-abf8-e1044b975bd5}",
            "name": "Battery1",
            "type": "RGB"
        },
        {
            "id": "{7c30e298-e483-4991-9dfa-0bc99f6ab364}",
            "name": "Battery2",
            "type": "RGB"
        },
        {
            "id": "{baf74f68-fad7-46e5-bff4-c2def2420272}",
            "name": "Battery3",
            "type": "RGB"
        },
        {
            "id": "{1e9fcce3-f0c6-437b-b45c-267134d7dd76}",
            "name": "Battery4",
            "type": "RGB"
        },
        {
            "id": "{c08b38e9-a9f8-4f14-8a5d-048494bfcc16}",
            "name": "Battery5",
            "type": "RGB"
        },
        {
            "id": "{58cd36ef-b3a4-46b4-8d36-8bc55bd446d1}",
            "name": "Battery6",
            "type": "RGB"
        },
        {
            "id": "{67637b35-a7af-472a-88a8-1e2e69fff56b}",
            "name": "Battery7",
            "type": "RGB"
        },
        {
            "id": "{f7362bf4-2c2c-4c2c-8227-89a7ad14e615}",
            "name": "Battery8",
            "type": "RGB"
        },
        {
            "id": "{8e7a5186-d69d-4399-8062-0d7228a22490}",
            "name": "Battery9",
            "type": "RGB"
        },
        {
            "id": "{6fe96d4f-20d1-4298-a9a5-46e4e507014d}",
            "name": "Battery10",
            "type": "RGB"
        },
        {
            "id": "{654fb4a1-208f-4c6d-b812-2aa83614da30}",
            "name": "ImageBatt2",
            "type": "RGB"
        },
        {
            "id": "{61573097-b1b3-466a-83db-ae430ca7f1fd}",
            "name": "ImageBatt0",
            "type": "RGB"
        },
        {
            "id": "{49da2448-4ad6-4bb3-8336-6e18ec421124}",
            "name": "ImageBatt1",
            "type": "RGB"
        },
        {
            "id": "{75cec06c-02d0-4fdd-94df-070fdb93d94b}",
            "name": "ImageBatt4",
            "type": "RGB"
        },
        {
            "id": "{b83ed805-f949-4c40-8f0a-f58a436a228e}",
            "name": "ImageSig2",
            "type": "RGB"
        },
        {
            "id": "{f8d89fc6-fbf9-4e32-843d-c2edb85022a9}",
            "name": "ImageBatt3",
            "type": "RGB"
        },
        {
            "id": "{313f023a-3129-4fb9-ac92-b41129732fde}",
            "name": "ImageSig1",
            "type": "RGB"
        },
        {
            "id": "{b8629faf-6f09-4b67-8cb3-2187fbe70f2d}",
            "name": "ImageWi1",
            "type": "RGB"
        },
        {
            "id": "{b4ccb6cb-ed96-4ca8-a09d-ef7f6a330819}",
            "name": "ImageSig0",
            "type": "RGB"
        },
        {
            "id": "{3d48020b-285b-49bd-945b-c3f736729d10}",
            "name": "ImageSig4",
            "type": "RGB"
        },
        {
            "id": "{d933e09d-960c-4795-b37a-87b0a7077f73}",
            "name": "ImageSig3",
            "type": "RGB"
        },
        {
            "id": "{7a77bba8-6311-460c-9763-db2dd7460328}",
            "name": "ImageWi3",
            "type": "RGB"
        },
        {
            "id": "{1d725fe2-dd3e-468b-b494-6b6f775e921b}",
            "name": "ImageWi2",
            "type": "RGB"
        },
        {
            "id": "{1d2e74e6-4027-4ba4-9313-a16004c8ec36}",
            "name": "ImageWi0",
            "type": "RGB"
        },
        {
            "id": "{853882cc-2450-45d1-a378-21852171a753}",
            "name": "ImageWi4",
            "type": "RGB"
        },
        {
            "id": "{cbb7de2c-d474-4358-9dc4-6272366365d3}",
            "name": "plus1",
            "type": "RGB"
        },
        {
            "id": "{f607750e-36ce-4228-b138-334f38ab2ce3}",
            "name": "minus1",
            "type": "RGB"
        },
        {
            "id": "{6185f3cf-cd8e-4dc1-acbb-a6aa9c341290}",
            "name": "Plus",
            "type": "RGB"
        },
        {
            "id": "{69eb5e98-12d2-4dd3-a525-ddbbde335529}",
            "name": "Minus",
            "type": "RGB"
        }
    ],
    "paths": [
    ]
}
