{
    "activeLayer": "{734e7158-2b57-4f80-a310-b22e88b8e024}",
    "events": {
        "hideEvent": {
            "enabled": "false",
            "properties": {
                "__categories": [
                ],
                "__groups": [
                ],
                "enabled": {
                    "enabled": true,
                    "type": "boolean",
                    "value": false,
                    "visible": true
                },
                "id": {
                    "enabled": true,
                    "type": "uuid",
                    "value": "{99ad08b6-ac55-493f-9d18-b7b1b07bfd29}",
                    "visible": true
                }
            }
        },
        "showEvent": {
            "enabled": "false",
            "properties": {
                "__categories": [
                ],
                "__groups": [
                ],
                "enabled": {
                    "enabled": true,
                    "type": "boolean",
                    "value": false,
                    "visible": true
                },
                "id": {
                    "enabled": true,
                    "type": "uuid",
                    "value": "{7b84073f-0c23-4e10-a752-9f26fb90ee24}",
                    "visible": true
                }
            }
        },
        "updateEvent": {
            "enabled": "false",
            "properties": {
                "__categories": [
                ],
                "__groups": [
                ],
                "enabled": {
                    "enabled": true,
                    "type": "boolean",
                    "value": false,
                    "visible": true
                },
                "id": {
                    "enabled": true,
                    "type": "uuid",
                    "value": "{da845a32-31e3-419b-b8d3-d5b19c5d1f46}",
                    "visible": true
                }
            }
        }
    },
    "layers": [
        {
            "children": [
                {
                    "properties": {
                        "__categories": [
                            {
                                "expanded": true,
                                "id": "widget",
                                "visible": true
                            },
                            {
                                "expanded": true,
                                "id": "editorOptions",
                                "visible": true
                            }
                        ],
                        "__groups": [
                            {
                                "expanded": true,
                                "id": "position",
                                "visible": true
                            },
                            {
                                "expanded": true,
                                "id": "size",
                                "visible": true
                            },
                            {
                                "expanded": true,
                                "id": "alignment",
                                "visible": true
                            },
                            {
                                "expanded": true,
                                "id": "margins",
                                "visible": true
                            }
                        ],
                        "alphaEnable": {
                            "enabled": true,
                            "type": "boolean",
                            "value": false,
                            "visible": true
                        },
                        "alphaLevel": {
                            "enabled": true,
                            "type": "integer",
                            "value": 255,
                            "visible": true
                        },
                        "background": {
                            "enabled": true,
                            "type": "combo",
                            "value": 1,
                            "visible": true
                        },
                        "border": {
                            "enabled": true,
                            "type": "combo",
                            "value": 2,
                            "visible": true
                        },
                        "editorExpanded": {
                            "enabled": true,
                            "type": "boolean",
                            "value": true,
                            "visible": true
                        },
                        "editorHidden": {
                            "enabled": true,
                            "type": "boolean",
                            "value": false,
                            "visible": true
                        },
                        "editorLocked": {
                            "enabled": true,
                            "type": "boolean",
                            "value": true,
                            "visible": true
                        },
                        "enabled": {
                            "enabled": true,
                            "type": "boolean",
                            "value": true,
                            "visible": true
                        },
                        "halign": {
                            "enabled": true,
                            "type": "combo",
                            "value": 1,
                            "visible": true
                        },
                        "height": {
                            "enabled": true,
                            "type": "integer",
                            "value": 272,
                            "visible": true
                        },
                        "id": {
                            "enabled": true,
                            "type": "uuid",
                            "value": "{b9d84908-291d-4a68-a188-5df905362350}",
                            "visible": true
                        },
                        "marginBottom": {
                            "enabled": true,
                            "type": "integer",
                            "value": 4,
                            "visible": true
                        },
                        "marginLeft": {
                            "enabled": true,
                            "type": "integer",
                            "value": 4,
                            "visible": true
                        },
                        "marginRight": {
                            "enabled": true,
                            "type": "integer",
                            "value": 4,
                            "visible": true
                        },
                        "marginTop": {
                            "enabled": true,
                            "type": "integer",
                            "value": 4,
                            "visible": true
                        },
                        "name": {
                            "enabled": true,
                            "type": "text",
                            "value": "BackgroundPanel",
                            "visible": true
                        },
                        "scheme": {
                            "enabled": true,
                            "type": "scheme",
                            "value": "{274f3790-b0ce-41b0-bacf-b9815e6b8816}",
                            "visible": true
                        },
                        "valign": {
                            "enabled": true,
                            "type": "combo",
                            "value": 1,
                            "visible": true
                        },
                        "visible": {
                            "enabled": true,
                            "type": "boolean",
                            "value": true,
                            "visible": true
                        },
                        "width": {
                            "enabled": true,
                            "type": "integer",
                            "value": 480,
                            "visible": true
                        },
                        "x": {
                            "enabled": true,
                            "type": "integer",
                            "value": 0,
                            "visible": true
                        },
                        "y": {
                            "enabled": true,
                            "type": "integer",
                            "value": 0,
                            "visible": true
                        }
                    },
                    "type": "PanelWidget"
                },
                {
                    "events": {
                        "pressEvent": {
                            "enabled": "true",
                            "properties": {
                                "__categories": [
                                ],
                                "__groups": [
                                ],
                                "enabled": {
                                    "enabled": true,
                                    "type": "boolean",
                                    "value": true,
                                    "visible": true
                                },
                                "id": {
                                    "enabled": true,
                                    "type": "uuid",
                                    "value": "{8e2e4468-01fd-4548-ba17-759978c635ea}",
                                    "visible": true
                                }
                            }
                        },
                        "releaseEvent": {
                            "enabled": "true",
                            "properties": {
                                "__categories": [
                                ],
                                "__groups": [
                                ],
                                "enabled": {
                                    "enabled": true,
                                    "type": "boolean",
                                    "value": true,
                                    "visible": true
                                },
                                "id": {
                                    "enabled": true,
                                    "type": "uuid",
                                    "value": "{5ea57af1-f760-4f68-b4f6-b91cb9cc01fb}",
                                    "visible": true
                                }
                            }
                        }
                    },
                    "properties": {
                        "__categories": [
                            {
                                "expanded": true,
                                "id": "widget",
                                "visible": true
                            },
                            {
                                "expanded": true,
                                "id": "button",
                                "visible": true
                            },
                            {
                                "expanded": true,
                                "id": "event",
                                "visible": true
                            },
                            {
                                "expanded": true,
                                "id": "editorOptions",
                                "visible": true
                            }
                        ],
                        "__groups": [
                            {
                                "expanded": false,
                                "id": "position",
                                "visible": true
                            },
                            {
                                "expanded": false,
                                "id": "size",
                                "visible": true
                            },
                            {
                                "expanded": false,
                                "id": "alignment",
                                "visible": true
                            },
                            {
                                "expanded": false,
                                "id": "margins",
                                "visible": true
                            }
                        ],
                        "alphaEnable": {
                            "enabled": true,
                            "type": "boolean",
                            "value": false,
                            "visible": true
                        },
                        "alphaLevel": {
                            "enabled": true,
                            "type": "integer",
                            "value": 255,
                            "visible": true
                        },
                        "background": {
                            "enabled": true,
                            "type": "combo",
                            "value": 1,
                            "visible": true
                        },
                        "border": {
                            "enabled": true,
                            "type": "combo",
                            "value": 2,
                            "visible": true
                        },
                        "editorExpanded": {
                            "enabled": true,
                            "type": "boolean",
                            "value": true,
                            "visible": true
                        },
                        "editorHidden": {
                            "enabled": true,
                            "type": "boolean",
                            "value": false,
                            "visible": true
                        },
                        "editorLocked": {
                            "enabled": true,
                            "type": "boolean",
                            "value": false,
                            "visible": true
                        },
                        "enabled": {
                            "enabled": true,
                            "type": "boolean",
                            "value": true,
                            "visible": true
                        },
                        "halign": {
                            "enabled": true,
                            "type": "combo",
                            "value": 1,
                            "visible": true
                        },
                        "height": {
                            "enabled": true,
                            "type": "integer",
                            "value": 35,
                            "visible": true
                        },
                        "id": {
                            "enabled": true,
                            "type": "uuid",
                            "value": "{e22b5a5c-4709-4011-a054-2b3efd566e15}",
                            "visible": true
                        },
                        "imageMargin": {
                            "enabled": true,
                            "type": "integer",
                            "value": 10,
                            "visible": true
                        },
                        "imagePosition": {
                            "enabled": true,
                            "type": "combo",
                            "value": 0,
                            "visible": true
                        },
                        "marginBottom": {
                            "enabled": true,
                            "type": "integer",
                            "value": 4,
                            "visible": true
                        },
                        "marginLeft": {
                            "enabled": true,
                            "type": "integer",
                            "value": 4,
                            "visible": true
                        },
                        "marginRight": {
                            "enabled": true,
                            "type": "integer",
                            "value": 4,
                            "visible": true
                        },
                        "marginTop": {
                            "enabled": true,
                            "type": "integer",
                            "value": 4,
                            "visible": true
                        },
                        "name": {
                            "enabled": true,
                            "type": "text",
                            "value": "ButtonWidget_0",
                            "visible": true
                        },
                        "pressOffset": {
                            "enabled": true,
                            "type": "integer",
                            "value": 1,
                            "visible": true
                        },
                        "pressed": {
                            "enabled": true,
                            "type": "boolean",
                            "value": false,
                            "visible": false
                        },
                        "pressedImage": {
                            "enabled": true,
                            "type": "image",
                            "value": "",
                            "visible": true
                        },
                        "releasedImage": {
                            "enabled": true,
                            "type": "image",
                            "value": "",
                            "visible": true
                        },
                        "scheme": {
                            "enabled": true,
                            "type": "scheme",
                            "value": "{3ee2ff57-ee6a-4f04-a709-a240bcad3c1a}",
                            "visible": true
                        },
                        "string": {
                            "enabled": true,
                            "type": "string",
                            "value": "{36d8cdcd-3363-4f46-8822-e009ea06472a}",
                            "visible": true
                        },
                        "toggleable": {
                            "enabled": true,
                            "type": "boolean",
                            "value": false,
                            "visible": true
                        },
                        "valign": {
                            "enabled": true,
                            "type": "combo",
                            "value": 1,
                            "visible": true
                        },
                        "visible": {
                            "enabled": true,
                            "type": "boolean",
                            "value": true,
                            "visible": true
                        },
                        "width": {
                            "enabled": true,
                            "type": "integer",
                            "value": 126,
                            "visible": true
                        },
                        "x": {
                            "enabled": true,
                            "type": "integer",
                            "value": 163,
                            "visible": true
                        },
                        "y": {
                            "enabled": true,
                            "type": "integer",
                            "value": 113,
                            "visible": true
                        }
                    },
                    "type": "ButtonWidget"
                }
            ],
            "properties": {
                "__categories": [
                    {
                        "expanded": true,
                        "id": "LayerObject",
                        "visible": true
                    },
                    {
                        "expanded": true,
                        "id": "editorOptions",
                        "visible": true
                    }
                ],
                "__groups": [
                    {
                        "expanded": false,
                        "id": "position",
                        "visible": false
                    },
                    {
                        "expanded": false,
                        "id": "size",
                        "visible": false
                    },
                    {
                        "expanded": false,
                        "id": "alignment",
                        "visible": true
                    },
                    {
                        "expanded": false,
                        "id": "margins",
                        "visible": true
                    }
                ],
                "alphaEnable": {
                    "enabled": true,
                    "type": "boolean",
                    "value": false,
                    "visible": true
                },
                "alphaLevel": {
                    "enabled": true,
                    "type": "integer",
                    "value": 255,
                    "visible": true
                },
                "background": {
                    "enabled": true,
                    "type": "combo",
                    "value": 1,
                    "visible": true
                },
                "border": {
                    "enabled": true,
                    "type": "combo",
                    "value": 0,
                    "visible": true
                },
                "clearMode": {
                    "enabled": true,
                    "type": "combo",
                    "value": 0,
                    "visible": true
                },
                "colorMode": {
                    "enabled": true,
                    "type": "combo",
                    "value": 3,
                    "visible": true
                },
                "editorExpanded": {
                    "enabled": true,
                    "type": "boolean",
                    "value": true,
                    "visible": true
                },
                "editorHidden": {
                    "enabled": true,
                    "type": "boolean",
                    "value": false,
                    "visible": true
                },
                "editorLocked": {
                    "enabled": true,
                    "type": "boolean",
                    "value": false,
                    "visible": true
                },
                "enabled": {
                    "enabled": true,
                    "type": "boolean",
                    "value": true,
                    "visible": true
                },
                "halign": {
                    "enabled": true,
                    "type": "combo",
                    "value": 1,
                    "visible": true
                },
                "height": {
                    "enabled": true,
                    "type": "integer",
                    "value": 100,
                    "visible": true
                },
                "id": {
                    "enabled": true,
                    "type": "uuid",
                    "value": "{734e7158-2b57-4f80-a310-b22e88b8e024}",
                    "visible": true
                },
                "marginBottom": {
                    "enabled": true,
                    "type": "integer",
                    "value": 4,
                    "visible": true
                },
                "marginLeft": {
                    "enabled": true,
                    "type": "integer",
                    "value": 4,
                    "visible": true
                },
                "marginRight": {
                    "enabled": true,
                    "type": "integer",
                    "value": 4,
                    "visible": true
                },
                "marginTop": {
                    "enabled": true,
                    "type": "integer",
                    "value": 4,
                    "visible": true
                },
                "name": {
                    "enabled": true,
                    "type": "text",
                    "value": "Layer_0",
                    "visible": true
                },
                "renderMode": {
                    "enabled": true,
                    "type": "combo",
                    "value": 1,
                    "visible": true
                },
                "scheme": {
                    "enabled": true,
                    "type": "scheme",
                    "value": "{00000000-0000-0000-0000-000000000000}",
                    "visible": true
                },
                "sizeLocked": {
                    "enabled": true,
                    "type": "boolean",
                    "value": true,
                    "visible": true
                },
                "valign": {
                    "enabled": true,
                    "type": "combo",
                    "value": 1,
                    "visible": true
                },
                "visible": {
                    "enabled": true,
                    "type": "boolean",
                    "value": true,
                    "visible": true
                },
                "width": {
                    "enabled": true,
                    "type": "integer",
                    "value": 100,
                    "visible": true
                },
                "x": {
                    "enabled": true,
                    "type": "integer",
                    "value": 0,
                    "visible": true
                },
                "y": {
                    "enabled": true,
                    "type": "integer",
                    "value": 0,
                    "visible": true
                }
            }
        }
    ],
    "properties": {
        "__categories": [
            {
                "expanded": true,
                "id": "screen",
                "visible": true
            },
            {
                "expanded": true,
                "id": "event",
                "visible": true
            }
        ],
        "__groups": [
        ],
        "createAtStartup": {
            "enabled": true,
            "type": "boolean",
            "value": false,
            "visible": false
        },
        "enabled": {
            "enabled": true,
            "type": "boolean",
            "value": true,
            "visible": true
        },
        "id": {
            "enabled": true,
            "type": "uuid",
            "value": "{2093c24b-b801-455c-852c-c88fae1bd833}",
            "visible": true
        },
        "name": {
            "enabled": true,
            "type": "text",
            "value": "Screen0",
            "visible": true
        },
        "persistent": {
            "enabled": true,
            "type": "boolean",
            "value": false,
            "visible": true
        }
    }
}
