{
    "0": {
        "advance": 40,
        "bearingX": 3,
        "bearingY": 51,
        "codePoint": 48,
        "height": 52,
        "width": 34
    },
    "1": {
        "advance": 40,
        "bearingX": 6,
        "bearingY": 50,
        "codePoint": 49,
        "height": 50,
        "width": 19
    },
    "2": {
        "advance": 40,
        "bearingX": 3,
        "bearingY": 51,
        "codePoint": 50,
        "height": 51,
        "width": 34
    },
    "3": {
        "advance": 40,
        "bearingX": 3,
        "bearingY": 51,
        "codePoint": 51,
        "height": 52,
        "width": 34
    },
    "4": {
        "advance": 40,
        "bearingX": 1,
        "bearingY": 50,
        "codePoint": 52,
        "height": 50,
        "width": 38
    },
    "5": {
        "advance": 40,
        "bearingX": 4,
        "bearingY": 50,
        "codePoint": 53,
        "height": 51,
        "width": 33
    },
    "6": {
        "advance": 40,
        "bearingX": 3,
        "bearingY": 51,
        "codePoint": 54,
        "height": 52,
        "width": 34
    },
    "7": {
        "advance": 40,
        "bearingX": 3,
        "bearingY": 50,
        "codePoint": 55,
        "height": 50,
        "width": 34
    },
    "8": {
        "advance": 40,
        "bearingX": 3,
        "bearingY": 51,
        "codePoint": 56,
        "height": 52,
        "width": 34
    },
    "9": {
        "advance": 40,
        "bearingX": 3,
        "bearingY": 51,
        "codePoint": 57,
        "height": 52,
        "width": 34
    },
    ":": {
        "advance": 19,
        "bearingX": 5,
        "bearingY": 38,
        "codePoint": 58,
        "height": 39,
        "width": 9
    }
}
