{
    "schemes": [
        {
            "backgroundTable": {
                "background": false,
                "backgroundDisabled": false,
                "backgroundInactive": false,
                "base": false,
                "foreground": false,
                "foregroundDisabled": false,
                "foregroundInactive": false,
                "highlight": false,
                "highlightLight": false,
                "shadow": false,
                "shadowDark": false,
                "text": false,
                "textDisabled": false,
                "textHighlight": false,
                "textHighlightText": false,
                "textInactive": false
            },
            "foregroundTable": {
                "background": false,
                "backgroundDisabled": false,
                "backgroundInactive": false,
                "base": false,
                "foreground": false,
                "foregroundDisabled": false,
                "foregroundInactive": false,
                "highlight": false,
                "highlightLight": false,
                "shadow": false,
                "shadowDark": false,
                "text": false,
                "textDisabled": false,
                "textHighlight": false,
                "textHighlightText": false,
                "textInactive": false
            },
            "properties": {
                "__categories": [
                    {
                        "expanded": true,
                        "id": "Scheme",
                        "visible": true
                    },
                    {
                        "expanded": true,
                        "id": "Color Table",
                        "visible": true
                    },
                    {
                        "expanded": true,
                        "id": "Monochrome Table",
                        "visible": false
                    }
                ],
                "__groups": [
                ],
                "background": {
                    "alpha": 1,
                    "blue": 1,
                    "enabled": true,
                    "green": 1,
                    "red": 1,
                    "type": "color",
                    "visible": true
                },
                "backgroundDisabled": {
                    "alpha": 1,
                    "blue": 0.8313725490196079,
                    "enabled": true,
                    "green": 0.8156862745098039,
                    "red": 0.7843137254901961,
                    "type": "color",
                    "visible": true
                },
                "backgroundDisabled_mono": {
                    "enabled": true,
                    "type": "boolean",
                    "value": false,
                    "visible": true
                },
                "backgroundInactive": {
                    "alpha": 1,
                    "blue": 0.9058823529411765,
                    "enabled": true,
                    "green": 0.8901960784313725,
                    "red": 0.8392156862745098,
                    "type": "color",
                    "visible": true
                },
                "backgroundInactive_mono": {
                    "enabled": true,
                    "type": "boolean",
                    "value": false,
                    "visible": true
                },
                "background_mono": {
                    "enabled": true,
                    "type": "boolean",
                    "value": false,
                    "visible": true
                },
                "base": {
                    "alpha": 1,
                    "blue": 1,
                    "enabled": true,
                    "green": 1,
                    "red": 1,
                    "type": "color",
                    "visible": true
                },
                "base_mono": {
                    "enabled": true,
                    "type": "boolean",
                    "value": false,
                    "visible": true
                },
                "colorMode": {
                    "enabled": true,
                    "type": "combo",
                    "value": 6,
                    "visible": true
                },
                "foreground": {
                    "alpha": 1,
                    "blue": 1,
                    "enabled": true,
                    "green": 1,
                    "red": 1,
                    "type": "color",
                    "visible": true
                },
                "foregroundDisabled": {
                    "alpha": 1,
                    "blue": 0.5019607843137255,
                    "enabled": true,
                    "green": 0.5019607843137255,
                    "red": 0.5019607843137255,
                    "type": "color",
                    "visible": true
                },
                "foregroundDisabled_mono": {
                    "enabled": true,
                    "type": "boolean",
                    "value": false,
                    "visible": true
                },
                "foregroundInactive": {
                    "alpha": 1,
                    "blue": 0.9058823529411765,
                    "enabled": true,
                    "green": 0.8901960784313725,
                    "red": 0.8392156862745098,
                    "type": "color",
                    "visible": true
                },
                "foregroundInactive_mono": {
                    "enabled": true,
                    "type": "boolean",
                    "value": false,
                    "visible": true
                },
                "foreground_mono": {
                    "enabled": true,
                    "type": "boolean",
                    "value": false,
                    "visible": true
                },
                "highlight": {
                    "alpha": 1,
                    "blue": 0.8313725490196079,
                    "enabled": true,
                    "green": 0.8156862745098039,
                    "red": 0.7843137254901961,
                    "type": "color",
                    "visible": true
                },
                "highlightLight": {
                    "alpha": 1,
                    "blue": 1,
                    "enabled": true,
                    "green": 1,
                    "red": 1,
                    "type": "color",
                    "visible": true
                },
                "highlightLight_mono": {
                    "enabled": true,
                    "type": "boolean",
                    "value": false,
                    "visible": true
                },
                "highlight_mono": {
                    "enabled": true,
                    "type": "boolean",
                    "value": false,
                    "visible": true
                },
                "id": {
                    "enabled": true,
                    "type": "uuid",
                    "value": "{09519ca7-bec5-445e-a553-f0b3ba349bdd}",
                    "visible": true
                },
                "name": {
                    "enabled": true,
                    "type": "text",
                    "value": "WhiteScheme",
                    "visible": true
                },
                "shadow": {
                    "alpha": 1,
                    "blue": 0.5019607843137255,
                    "enabled": true,
                    "green": 0.5019607843137255,
                    "red": 0.5019607843137255,
                    "type": "color",
                    "visible": true
                },
                "shadowDark": {
                    "alpha": 1,
                    "blue": 0.18268101014724955,
                    "enabled": true,
                    "green": 0.18268101014724955,
                    "red": 0.18268101014724955,
                    "type": "color",
                    "visible": true
                },
                "shadowDark_mono": {
                    "enabled": true,
                    "type": "boolean",
                    "value": false,
                    "visible": true
                },
                "shadow_mono": {
                    "enabled": true,
                    "type": "boolean",
                    "value": false,
                    "visible": true
                },
                "text": {
                    "alpha": 1,
                    "blue": 0,
                    "enabled": true,
                    "green": 0,
                    "red": 0,
                    "type": "color",
                    "visible": true
                },
                "textDisabled": {
                    "alpha": 1,
                    "blue": 0.5803921568627451,
                    "enabled": true,
                    "green": 0.5725490196078431,
                    "red": 0.5490196078431373,
                    "type": "color",
                    "visible": true
                },
                "textDisabled_mono": {
                    "enabled": true,
                    "type": "boolean",
                    "value": false,
                    "visible": true
                },
                "textHighlight": {
                    "alpha": 1,
                    "blue": 1,
                    "enabled": true,
                    "green": 0,
                    "red": 0,
                    "type": "color",
                    "visible": true
                },
                "textHighlightText": {
                    "alpha": 1,
                    "blue": 1,
                    "enabled": true,
                    "green": 1,
                    "red": 1,
                    "type": "color",
                    "visible": true
                },
                "textHighlightText_mono": {
                    "enabled": true,
                    "type": "boolean",
                    "value": false,
                    "visible": true
                },
                "textHighlight_mono": {
                    "enabled": true,
                    "type": "boolean",
                    "value": false,
                    "visible": true
                },
                "textInactive": {
                    "alpha": 1,
                    "blue": 0.9058823529411765,
                    "enabled": true,
                    "green": 0.8901960784313725,
                    "red": 0.8392156862745098,
                    "type": "color",
                    "visible": true
                },
                "textInactive_mono": {
                    "enabled": true,
                    "type": "boolean",
                    "value": false,
                    "visible": true
                },
                "text_mono": {
                    "enabled": true,
                    "type": "boolean",
                    "value": false,
                    "visible": true
                }
            }
        },
        {
            "backgroundTable": {
                "background": false,
                "backgroundDisabled": false,
                "backgroundInactive": false,
                "base": false,
                "foreground": false,
                "foregroundDisabled": false,
                "foregroundInactive": false,
                "highlight": false,
                "highlightLight": false,
                "shadow": false,
                "shadowDark": false,
                "text": false,
                "textDisabled": false,
                "textHighlight": false,
                "textHighlightText": false,
                "textInactive": false
            },
            "foregroundTable": {
                "background": false,
                "backgroundDisabled": false,
                "backgroundInactive": false,
                "base": false,
                "foreground": false,
                "foregroundDisabled": false,
                "foregroundInactive": false,
                "highlight": false,
                "highlightLight": false,
                "shadow": false,
                "shadowDark": false,
                "text": false,
                "textDisabled": false,
                "textHighlight": false,
                "textHighlightText": false,
                "textInactive": false
            },
            "properties": {
                "__categories": [
                    {
                        "expanded": true,
                        "id": "Scheme",
                        "visible": true
                    },
                    {
                        "expanded": true,
                        "id": "Color Table",
                        "visible": true
                    },
                    {
                        "expanded": true,
                        "id": "Monochrome Table",
                        "visible": false
                    }
                ],
                "__groups": [
                ],
                "background": {
                    "alpha": 1,
                    "blue": 1,
                    "enabled": true,
                    "green": 1,
                    "red": 1,
                    "type": "color",
                    "visible": true
                },
                "backgroundDisabled": {
                    "alpha": 1,
                    "blue": 0.8313725490196079,
                    "enabled": true,
                    "green": 0.8156862745098039,
                    "red": 0.7843137254901961,
                    "type": "color",
                    "visible": true
                },
                "backgroundDisabled_mono": {
                    "enabled": true,
                    "type": "boolean",
                    "value": false,
                    "visible": true
                },
                "backgroundInactive": {
                    "alpha": 1,
                    "blue": 0.9058823529411765,
                    "enabled": true,
                    "green": 0.8901960784313725,
                    "red": 0.8392156862745098,
                    "type": "color",
                    "visible": true
                },
                "backgroundInactive_mono": {
                    "enabled": true,
                    "type": "boolean",
                    "value": false,
                    "visible": true
                },
                "background_mono": {
                    "enabled": true,
                    "type": "boolean",
                    "value": false,
                    "visible": true
                },
                "base": {
                    "alpha": 1,
                    "blue": 0,
                    "enabled": true,
                    "green": 0,
                    "red": 1,
                    "type": "color",
                    "visible": true
                },
                "base_mono": {
                    "enabled": true,
                    "type": "boolean",
                    "value": false,
                    "visible": true
                },
                "colorMode": {
                    "enabled": true,
                    "type": "combo",
                    "value": 6,
                    "visible": true
                },
                "foreground": {
                    "alpha": 1,
                    "blue": 0,
                    "enabled": true,
                    "green": 0,
                    "red": 1,
                    "type": "color",
                    "visible": true
                },
                "foregroundDisabled": {
                    "alpha": 1,
                    "blue": 0.5019607843137255,
                    "enabled": true,
                    "green": 0.5019607843137255,
                    "red": 0.5019607843137255,
                    "type": "color",
                    "visible": true
                },
                "foregroundDisabled_mono": {
                    "enabled": true,
                    "type": "boolean",
                    "value": false,
                    "visible": true
                },
                "foregroundInactive": {
                    "alpha": 1,
                    "blue": 0.9058823529411765,
                    "enabled": true,
                    "green": 0.8901960784313725,
                    "red": 0.8392156862745098,
                    "type": "color",
                    "visible": true
                },
                "foregroundInactive_mono": {
                    "enabled": true,
                    "type": "boolean",
                    "value": false,
                    "visible": true
                },
                "foreground_mono": {
                    "enabled": true,
                    "type": "boolean",
                    "value": false,
                    "visible": true
                },
                "highlight": {
                    "alpha": 1,
                    "blue": 0.8313725490196079,
                    "enabled": true,
                    "green": 0.8156862745098039,
                    "red": 0.7843137254901961,
                    "type": "color",
                    "visible": true
                },
                "highlightLight": {
                    "alpha": 1,
                    "blue": 1,
                    "enabled": true,
                    "green": 1,
                    "red": 1,
                    "type": "color",
                    "visible": true
                },
                "highlightLight_mono": {
                    "enabled": true,
                    "type": "boolean",
                    "value": false,
                    "visible": true
                },
                "highlight_mono": {
                    "enabled": true,
                    "type": "boolean",
                    "value": false,
                    "visible": true
                },
                "id": {
                    "enabled": true,
                    "type": "uuid",
                    "value": "{adaf2a0d-2b26-440d-bca2-757460c830af}",
                    "visible": true
                },
                "name": {
                    "enabled": true,
                    "type": "text",
                    "value": "RedScheme",
                    "visible": true
                },
                "shadow": {
                    "alpha": 1,
                    "blue": 0.5019607843137255,
                    "enabled": true,
                    "green": 0.5019607843137255,
                    "red": 0.5019607843137255,
                    "type": "color",
                    "visible": true
                },
                "shadowDark": {
                    "alpha": 1,
                    "blue": 0.25098039215686274,
                    "enabled": true,
                    "green": 0.25098039215686274,
                    "red": 0.25098039215686274,
                    "type": "color",
                    "visible": true
                },
                "shadowDark_mono": {
                    "enabled": true,
                    "type": "boolean",
                    "value": false,
                    "visible": true
                },
                "shadow_mono": {
                    "enabled": true,
                    "type": "boolean",
                    "value": false,
                    "visible": true
                },
                "text": {
                    "alpha": 1,
                    "blue": 0,
                    "enabled": true,
                    "green": 0,
                    "red": 1,
                    "type": "color",
                    "visible": true
                },
                "textDisabled": {
                    "alpha": 1,
                    "blue": 0.5803921568627451,
                    "enabled": true,
                    "green": 0.5725490196078431,
                    "red": 0.5490196078431373,
                    "type": "color",
                    "visible": true
                },
                "textDisabled_mono": {
                    "enabled": true,
                    "type": "boolean",
                    "value": false,
                    "visible": true
                },
                "textHighlight": {
                    "alpha": 1,
                    "blue": 1,
                    "enabled": true,
                    "green": 0,
                    "red": 0,
                    "type": "color",
                    "visible": true
                },
                "textHighlightText": {
                    "alpha": 1,
                    "blue": 1,
                    "enabled": true,
                    "green": 1,
                    "red": 1,
                    "type": "color",
                    "visible": true
                },
                "textHighlightText_mono": {
                    "enabled": true,
                    "type": "boolean",
                    "value": false,
                    "visible": true
                },
                "textHighlight_mono": {
                    "enabled": true,
                    "type": "boolean",
                    "value": false,
                    "visible": true
                },
                "textInactive": {
                    "alpha": 1,
                    "blue": 0.9058823529411765,
                    "enabled": true,
                    "green": 0.8901960784313725,
                    "red": 0.8392156862745098,
                    "type": "color",
                    "visible": true
                },
                "textInactive_mono": {
                    "enabled": true,
                    "type": "boolean",
                    "value": false,
                    "visible": true
                },
                "text_mono": {
                    "enabled": true,
                    "type": "boolean",
                    "value": false,
                    "visible": true
                }
            }
        },
        {
            "backgroundTable": {
                "background": false,
                "backgroundDisabled": false,
                "backgroundInactive": false,
                "base": false,
                "foreground": false,
                "foregroundDisabled": false,
                "foregroundInactive": false,
                "highlight": false,
                "highlightLight": false,
                "shadow": false,
                "shadowDark": false,
                "text": false,
                "textDisabled": false,
                "textHighlight": false,
                "textHighlightText": false,
                "textInactive": false
            },
            "foregroundTable": {
                "background": false,
                "backgroundDisabled": false,
                "backgroundInactive": false,
                "base": false,
                "foreground": false,
                "foregroundDisabled": false,
                "foregroundInactive": false,
                "highlight": false,
                "highlightLight": false,
                "shadow": false,
                "shadowDark": false,
                "text": false,
                "textDisabled": false,
                "textHighlight": false,
                "textHighlightText": false,
                "textInactive": false
            },
            "properties": {
                "__categories": [
                    {
                        "expanded": true,
                        "id": "Scheme",
                        "visible": true
                    },
                    {
                        "expanded": true,
                        "id": "Color Table",
                        "visible": true
                    },
                    {
                        "expanded": true,
                        "id": "Monochrome Table",
                        "visible": false
                    }
                ],
                "__groups": [
                ],
                "background": {
                    "alpha": 1,
                    "blue": 1,
                    "enabled": true,
                    "green": 1,
                    "red": 1,
                    "type": "color",
                    "visible": true
                },
                "backgroundDisabled": {
                    "alpha": 1,
                    "blue": 0.8313725490196079,
                    "enabled": true,
                    "green": 0.8156862745098039,
                    "red": 0.7843137254901961,
                    "type": "color",
                    "visible": true
                },
                "backgroundDisabled_mono": {
                    "enabled": true,
                    "type": "boolean",
                    "value": false,
                    "visible": true
                },
                "backgroundInactive": {
                    "alpha": 1,
                    "blue": 0.9058823529411765,
                    "enabled": true,
                    "green": 0.8901960784313725,
                    "red": 0.8392156862745098,
                    "type": "color",
                    "visible": true
                },
                "backgroundInactive_mono": {
                    "enabled": true,
                    "type": "boolean",
                    "value": false,
                    "visible": true
                },
                "background_mono": {
                    "enabled": true,
                    "type": "boolean",
                    "value": false,
                    "visible": true
                },
                "base": {
                    "alpha": 1,
                    "blue": 0,
                    "enabled": true,
                    "green": 1,
                    "red": 0,
                    "type": "color",
                    "visible": true
                },
                "base_mono": {
                    "enabled": true,
                    "type": "boolean",
                    "value": false,
                    "visible": true
                },
                "colorMode": {
                    "enabled": true,
                    "type": "combo",
                    "value": 6,
                    "visible": true
                },
                "foreground": {
                    "alpha": 1,
                    "blue": 0,
                    "enabled": true,
                    "green": 1,
                    "red": 0,
                    "type": "color",
                    "visible": true
                },
                "foregroundDisabled": {
                    "alpha": 1,
                    "blue": 0.5019607843137255,
                    "enabled": true,
                    "green": 0.5019607843137255,
                    "red": 0.5019607843137255,
                    "type": "color",
                    "visible": true
                },
                "foregroundDisabled_mono": {
                    "enabled": true,
                    "type": "boolean",
                    "value": false,
                    "visible": true
                },
                "foregroundInactive": {
                    "alpha": 1,
                    "blue": 0.9058823529411765,
                    "enabled": true,
                    "green": 0.8901960784313725,
                    "red": 0.8392156862745098,
                    "type": "color",
                    "visible": true
                },
                "foregroundInactive_mono": {
                    "enabled": true,
                    "type": "boolean",
                    "value": false,
                    "visible": true
                },
                "foreground_mono": {
                    "enabled": true,
                    "type": "boolean",
                    "value": false,
                    "visible": true
                },
                "highlight": {
                    "alpha": 1,
                    "blue": 0.8313725490196079,
                    "enabled": true,
                    "green": 0.8156862745098039,
                    "red": 0.7843137254901961,
                    "type": "color",
                    "visible": true
                },
                "highlightLight": {
                    "alpha": 1,
                    "blue": 1,
                    "enabled": true,
                    "green": 1,
                    "red": 1,
                    "type": "color",
                    "visible": true
                },
                "highlightLight_mono": {
                    "enabled": true,
                    "type": "boolean",
                    "value": false,
                    "visible": true
                },
                "highlight_mono": {
                    "enabled": true,
                    "type": "boolean",
                    "value": false,
                    "visible": true
                },
                "id": {
                    "enabled": true,
                    "type": "uuid",
                    "value": "{7c1e4986-7ab8-4ba8-9835-6cb5b867ec97}",
                    "visible": true
                },
                "name": {
                    "enabled": true,
                    "type": "text",
                    "value": "GreenScheme",
                    "visible": true
                },
                "shadow": {
                    "alpha": 1,
                    "blue": 0.5019607843137255,
                    "enabled": true,
                    "green": 0.5019607843137255,
                    "red": 0.5019607843137255,
                    "type": "color",
                    "visible": true
                },
                "shadowDark": {
                    "alpha": 1,
                    "blue": 0.25098039215686274,
                    "enabled": true,
                    "green": 0.25098039215686274,
                    "red": 0.25098039215686274,
                    "type": "color",
                    "visible": true
                },
                "shadowDark_mono": {
                    "enabled": true,
                    "type": "boolean",
                    "value": false,
                    "visible": true
                },
                "shadow_mono": {
                    "enabled": true,
                    "type": "boolean",
                    "value": false,
                    "visible": true
                },
                "text": {
                    "alpha": 1,
                    "blue": 0,
                    "enabled": true,
                    "green": 1,
                    "red": 0,
                    "type": "color",
                    "visible": true
                },
                "textDisabled": {
                    "alpha": 1,
                    "blue": 0.5803921568627451,
                    "enabled": true,
                    "green": 0.5725490196078431,
                    "red": 0.5490196078431373,
                    "type": "color",
                    "visible": true
                },
                "textDisabled_mono": {
                    "enabled": true,
                    "type": "boolean",
                    "value": false,
                    "visible": true
                },
                "textHighlight": {
                    "alpha": 1,
                    "blue": 1,
                    "enabled": true,
                    "green": 0,
                    "red": 0,
                    "type": "color",
                    "visible": true
                },
                "textHighlightText": {
                    "alpha": 1,
                    "blue": 1,
                    "enabled": true,
                    "green": 1,
                    "red": 1,
                    "type": "color",
                    "visible": true
                },
                "textHighlightText_mono": {
                    "enabled": true,
                    "type": "boolean",
                    "value": false,
                    "visible": true
                },
                "textHighlight_mono": {
                    "enabled": true,
                    "type": "boolean",
                    "value": false,
                    "visible": true
                },
                "textInactive": {
                    "alpha": 1,
                    "blue": 0.9058823529411765,
                    "enabled": true,
                    "green": 0.8901960784313725,
                    "red": 0.8392156862745098,
                    "type": "color",
                    "visible": true
                },
                "textInactive_mono": {
                    "enabled": true,
                    "type": "boolean",
                    "value": false,
                    "visible": true
                },
                "text_mono": {
                    "enabled": true,
                    "type": "boolean",
                    "value": false,
                    "visible": true
                }
            }
        },
        {
            "backgroundTable": {
                "background": false,
                "backgroundDisabled": false,
                "backgroundInactive": false,
                "base": false,
                "foreground": false,
                "foregroundDisabled": false,
                "foregroundInactive": false,
                "highlight": false,
                "highlightLight": false,
                "shadow": false,
                "shadowDark": false,
                "text": false,
                "textDisabled": false,
                "textHighlight": false,
                "textHighlightText": false,
                "textInactive": false
            },
            "foregroundTable": {
                "background": false,
                "backgroundDisabled": false,
                "backgroundInactive": false,
                "base": false,
                "foreground": false,
                "foregroundDisabled": false,
                "foregroundInactive": false,
                "highlight": false,
                "highlightLight": false,
                "shadow": false,
                "shadowDark": false,
                "text": false,
                "textDisabled": false,
                "textHighlight": false,
                "textHighlightText": false,
                "textInactive": false
            },
            "properties": {
                "__categories": [
                    {
                        "expanded": true,
                        "id": "Scheme",
                        "visible": true
                    },
                    {
                        "expanded": true,
                        "id": "Color Table",
                        "visible": true
                    },
                    {
                        "expanded": true,
                        "id": "Monochrome Table",
                        "visible": false
                    }
                ],
                "__groups": [
                ],
                "background": {
                    "alpha": 1,
                    "blue": 1,
                    "enabled": true,
                    "green": 1,
                    "red": 1,
                    "type": "color",
                    "visible": true
                },
                "backgroundDisabled": {
                    "alpha": 1,
                    "blue": 0.8313725490196079,
                    "enabled": true,
                    "green": 0.8156862745098039,
                    "red": 0.7843137254901961,
                    "type": "color",
                    "visible": true
                },
                "backgroundDisabled_mono": {
                    "enabled": true,
                    "type": "boolean",
                    "value": false,
                    "visible": true
                },
                "backgroundInactive": {
                    "alpha": 1,
                    "blue": 0.9058823529411765,
                    "enabled": true,
                    "green": 0.8901960784313725,
                    "red": 0.8392156862745098,
                    "type": "color",
                    "visible": true
                },
                "backgroundInactive_mono": {
                    "enabled": true,
                    "type": "boolean",
                    "value": false,
                    "visible": true
                },
                "background_mono": {
                    "enabled": true,
                    "type": "boolean",
                    "value": false,
                    "visible": true
                },
                "base": {
                    "alpha": 1,
                    "blue": 1,
                    "enabled": true,
                    "green": 0.9686274509803922,
                    "red": 0.9647058823529412,
                    "type": "color",
                    "visible": true
                },
                "base_mono": {
                    "enabled": true,
                    "type": "boolean",
                    "value": false,
                    "visible": true
                },
                "colorMode": {
                    "enabled": true,
                    "type": "combo",
                    "value": 6,
                    "visible": true
                },
                "foreground": {
                    "alpha": 1,
                    "blue": 1,
                    "enabled": true,
                    "green": 0,
                    "red": 0,
                    "type": "color",
                    "visible": true
                },
                "foregroundDisabled": {
                    "alpha": 1,
                    "blue": 0.5019607843137255,
                    "enabled": true,
                    "green": 0.5019607843137255,
                    "red": 0.5019607843137255,
                    "type": "color",
                    "visible": true
                },
                "foregroundDisabled_mono": {
                    "enabled": true,
                    "type": "boolean",
                    "value": false,
                    "visible": true
                },
                "foregroundInactive": {
                    "alpha": 1,
                    "blue": 0.9058823529411765,
                    "enabled": true,
                    "green": 0.8901960784313725,
                    "red": 0.8392156862745098,
                    "type": "color",
                    "visible": true
                },
                "foregroundInactive_mono": {
                    "enabled": true,
                    "type": "boolean",
                    "value": false,
                    "visible": true
                },
                "foreground_mono": {
                    "enabled": true,
                    "type": "boolean",
                    "value": false,
                    "visible": true
                },
                "highlight": {
                    "alpha": 1,
                    "blue": 0.8313725490196079,
                    "enabled": true,
                    "green": 0.8156862745098039,
                    "red": 0.7843137254901961,
                    "type": "color",
                    "visible": true
                },
                "highlightLight": {
                    "alpha": 1,
                    "blue": 1,
                    "enabled": true,
                    "green": 1,
                    "red": 1,
                    "type": "color",
                    "visible": true
                },
                "highlightLight_mono": {
                    "enabled": true,
                    "type": "boolean",
                    "value": false,
                    "visible": true
                },
                "highlight_mono": {
                    "enabled": true,
                    "type": "boolean",
                    "value": false,
                    "visible": true
                },
                "id": {
                    "enabled": true,
                    "type": "uuid",
                    "value": "{627c1ecf-5514-4c8d-ab5a-5384e3f1d848}",
                    "visible": true
                },
                "name": {
                    "enabled": true,
                    "type": "text",
                    "value": "BlueScheme",
                    "visible": true
                },
                "shadow": {
                    "alpha": 1,
                    "blue": 0.5019607843137255,
                    "enabled": true,
                    "green": 0.5019607843137255,
                    "red": 0.5019607843137255,
                    "type": "color",
                    "visible": true
                },
                "shadowDark": {
                    "alpha": 1,
                    "blue": 0.25098039215686274,
                    "enabled": true,
                    "green": 0.25098039215686274,
                    "red": 0.25098039215686274,
                    "type": "color",
                    "visible": true
                },
                "shadowDark_mono": {
                    "enabled": true,
                    "type": "boolean",
                    "value": false,
                    "visible": true
                },
                "shadow_mono": {
                    "enabled": true,
                    "type": "boolean",
                    "value": false,
                    "visible": true
                },
                "text": {
                    "alpha": 1,
                    "blue": 1,
                    "enabled": true,
                    "green": 0,
                    "red": 0,
                    "type": "color",
                    "visible": true
                },
                "textDisabled": {
                    "alpha": 1,
                    "blue": 0.5803921568627451,
                    "enabled": true,
                    "green": 0.5725490196078431,
                    "red": 0.5490196078431373,
                    "type": "color",
                    "visible": true
                },
                "textDisabled_mono": {
                    "enabled": true,
                    "type": "boolean",
                    "value": false,
                    "visible": true
                },
                "textHighlight": {
                    "alpha": 1,
                    "blue": 1,
                    "enabled": true,
                    "green": 0,
                    "red": 0,
                    "type": "color",
                    "visible": true
                },
                "textHighlightText": {
                    "alpha": 1,
                    "blue": 1,
                    "enabled": true,
                    "green": 1,
                    "red": 1,
                    "type": "color",
                    "visible": true
                },
                "textHighlightText_mono": {
                    "enabled": true,
                    "type": "boolean",
                    "value": false,
                    "visible": true
                },
                "textHighlight_mono": {
                    "enabled": true,
                    "type": "boolean",
                    "value": false,
                    "visible": true
                },
                "textInactive": {
                    "alpha": 1,
                    "blue": 0.9058823529411765,
                    "enabled": true,
                    "green": 0.8901960784313725,
                    "red": 0.8392156862745098,
                    "type": "color",
                    "visible": true
                },
                "textInactive_mono": {
                    "enabled": true,
                    "type": "boolean",
                    "value": false,
                    "visible": true
                },
                "text_mono": {
                    "enabled": true,
                    "type": "boolean",
                    "value": false,
                    "visible": true
                }
            }
        },
        {
            "backgroundTable": {
                "background": false,
                "backgroundDisabled": false,
                "backgroundInactive": false,
                "base": false,
                "foreground": false,
                "foregroundDisabled": false,
                "foregroundInactive": false,
                "highlight": false,
                "highlightLight": false,
                "shadow": false,
                "shadowDark": false,
                "text": false,
                "textDisabled": false,
                "textHighlight": false,
                "textHighlightText": false,
                "textInactive": false
            },
            "foregroundTable": {
                "background": false,
                "backgroundDisabled": false,
                "backgroundInactive": false,
                "base": false,
                "foreground": false,
                "foregroundDisabled": false,
                "foregroundInactive": false,
                "highlight": false,
                "highlightLight": false,
                "shadow": false,
                "shadowDark": false,
                "text": false,
                "textDisabled": false,
                "textHighlight": false,
                "textHighlightText": false,
                "textInactive": false
            },
            "properties": {
                "__categories": [
                    {
                        "expanded": true,
                        "id": "Scheme",
                        "visible": true
                    },
                    {
                        "expanded": true,
                        "id": "Color Table",
                        "visible": true
                    },
                    {
                        "expanded": true,
                        "id": "Monochrome Table",
                        "visible": false
                    }
                ],
                "__groups": [
                ],
                "background": {
                    "alpha": 1,
                    "blue": 0.9098039215686274,
                    "enabled": true,
                    "green": 0.8991073472190433,
                    "red": 0.6814679179064622,
                    "type": "color",
                    "visible": true
                },
                "backgroundDisabled": {
                    "alpha": 1,
                    "blue": 0.8313725490196079,
                    "enabled": true,
                    "green": 0.8156862745098039,
                    "red": 0.7843137254901961,
                    "type": "color",
                    "visible": true
                },
                "backgroundDisabled_mono": {
                    "enabled": true,
                    "type": "boolean",
                    "value": false,
                    "visible": true
                },
                "backgroundInactive": {
                    "alpha": 1,
                    "blue": 0.9058823529411765,
                    "enabled": true,
                    "green": 0.8901960784313725,
                    "red": 0.8392156862745098,
                    "type": "color",
                    "visible": true
                },
                "backgroundInactive_mono": {
                    "enabled": true,
                    "type": "boolean",
                    "value": false,
                    "visible": true
                },
                "background_mono": {
                    "enabled": true,
                    "type": "boolean",
                    "value": false,
                    "visible": true
                },
                "base": {
                    "alpha": 1,
                    "blue": 0.5534142061493859,
                    "enabled": true,
                    "green": 0.9284351873044938,
                    "red": 0.608041504539559,
                    "type": "color",
                    "visible": true
                },
                "base_mono": {
                    "enabled": true,
                    "type": "boolean",
                    "value": false,
                    "visible": true
                },
                "colorMode": {
                    "enabled": true,
                    "type": "combo",
                    "value": 6,
                    "visible": true
                },
                "foreground": {
                    "alpha": 1,
                    "blue": 0,
                    "enabled": true,
                    "green": 0,
                    "red": 0,
                    "type": "color",
                    "visible": true
                },
                "foregroundDisabled": {
                    "alpha": 1,
                    "blue": 0.5019607843137255,
                    "enabled": true,
                    "green": 0.5019607843137255,
                    "red": 0.5019607843137255,
                    "type": "color",
                    "visible": true
                },
                "foregroundDisabled_mono": {
                    "enabled": true,
                    "type": "boolean",
                    "value": false,
                    "visible": true
                },
                "foregroundInactive": {
                    "alpha": 1,
                    "blue": 0.9058823529411765,
                    "enabled": true,
                    "green": 0.8901960784313725,
                    "red": 0.8392156862745098,
                    "type": "color",
                    "visible": true
                },
                "foregroundInactive_mono": {
                    "enabled": true,
                    "type": "boolean",
                    "value": false,
                    "visible": true
                },
                "foreground_mono": {
                    "enabled": true,
                    "type": "boolean",
                    "value": false,
                    "visible": true
                },
                "highlight": {
                    "alpha": 1,
                    "blue": 0.8313725490196079,
                    "enabled": true,
                    "green": 0.8156862745098039,
                    "red": 0.7843137254901961,
                    "type": "color",
                    "visible": true
                },
                "highlightLight": {
                    "alpha": 1,
                    "blue": 0.5050888838025482,
                    "enabled": true,
                    "green": 0.6252384222171359,
                    "red": 0.41683070115205617,
                    "type": "color",
                    "visible": true
                },
                "highlightLight_mono": {
                    "enabled": true,
                    "type": "boolean",
                    "value": false,
                    "visible": true
                },
                "highlight_mono": {
                    "enabled": true,
                    "type": "boolean",
                    "value": false,
                    "visible": true
                },
                "id": {
                    "enabled": true,
                    "type": "uuid",
                    "value": "{6c4af62d-9299-4471-b883-bc889a2af3aa}",
                    "visible": true
                },
                "name": {
                    "enabled": true,
                    "type": "text",
                    "value": "SLiderScheme",
                    "visible": true
                },
                "shadow": {
                    "alpha": 1,
                    "blue": 0.9736324101625086,
                    "enabled": true,
                    "green": 0.9507133592736705,
                    "red": 0.7980010681315328,
                    "type": "color",
                    "visible": true
                },
                "shadowDark": {
                    "alpha": 1,
                    "blue": 0.911482413977264,
                    "enabled": true,
                    "green": 0.9007553215838865,
                    "red": 0.6791485465781644,
                    "type": "color",
                    "visible": true
                },
                "shadowDark_mono": {
                    "enabled": true,
                    "type": "boolean",
                    "value": false,
                    "visible": true
                },
                "shadow_mono": {
                    "enabled": true,
                    "type": "boolean",
                    "value": false,
                    "visible": true
                },
                "text": {
                    "alpha": 1,
                    "blue": 0,
                    "enabled": true,
                    "green": 0,
                    "red": 0,
                    "type": "color",
                    "visible": true
                },
                "textDisabled": {
                    "alpha": 1,
                    "blue": 0.5803921568627451,
                    "enabled": true,
                    "green": 0.5725490196078431,
                    "red": 0.5490196078431373,
                    "type": "color",
                    "visible": true
                },
                "textDisabled_mono": {
                    "enabled": true,
                    "type": "boolean",
                    "value": false,
                    "visible": true
                },
                "textHighlight": {
                    "alpha": 1,
                    "blue": 1,
                    "enabled": true,
                    "green": 0,
                    "red": 0,
                    "type": "color",
                    "visible": true
                },
                "textHighlightText": {
                    "alpha": 1,
                    "blue": 1,
                    "enabled": true,
                    "green": 1,
                    "red": 1,
                    "type": "color",
                    "visible": true
                },
                "textHighlightText_mono": {
                    "enabled": true,
                    "type": "boolean",
                    "value": false,
                    "visible": true
                },
                "textHighlight_mono": {
                    "enabled": true,
                    "type": "boolean",
                    "value": false,
                    "visible": true
                },
                "textInactive": {
                    "alpha": 1,
                    "blue": 0.9058823529411765,
                    "enabled": true,
                    "green": 0.8901960784313725,
                    "red": 0.8392156862745098,
                    "type": "color",
                    "visible": true
                },
                "textInactive_mono": {
                    "enabled": true,
                    "type": "boolean",
                    "value": false,
                    "visible": true
                },
                "text_mono": {
                    "enabled": true,
                    "type": "boolean",
                    "value": false,
                    "visible": true
                }
            }
        },
        {
            "backgroundTable": {
                "background": false,
                "backgroundDisabled": false,
                "backgroundInactive": false,
                "base": false,
                "foreground": false,
                "foregroundDisabled": false,
                "foregroundInactive": false,
                "highlight": false,
                "highlightLight": false,
                "shadow": false,
                "shadowDark": false,
                "text": false,
                "textDisabled": false,
                "textHighlight": false,
                "textHighlightText": false,
                "textInactive": false
            },
            "foregroundTable": {
                "background": false,
                "backgroundDisabled": false,
                "backgroundInactive": false,
                "base": false,
                "foreground": false,
                "foregroundDisabled": false,
                "foregroundInactive": false,
                "highlight": false,
                "highlightLight": false,
                "shadow": false,
                "shadowDark": false,
                "text": false,
                "textDisabled": false,
                "textHighlight": false,
                "textHighlightText": false,
                "textInactive": false
            },
            "properties": {
                "__categories": [
                    {
                        "expanded": true,
                        "id": "Scheme",
                        "visible": true
                    },
                    {
                        "expanded": true,
                        "id": "Color Table",
                        "visible": true
                    },
                    {
                        "expanded": true,
                        "id": "Monochrome Table",
                        "visible": false
                    }
                ],
                "__groups": [
                ],
                "background": {
                    "alpha": 1,
                    "blue": 0.9623407339589533,
                    "enabled": true,
                    "green": 0.9547875181200886,
                    "red": 0.8529030289158465,
                    "type": "color",
                    "visible": true
                },
                "backgroundDisabled": {
                    "alpha": 1,
                    "blue": 0.8313725490196079,
                    "enabled": true,
                    "green": 0.8156862745098039,
                    "red": 0.7843137254901961,
                    "type": "color",
                    "visible": true
                },
                "backgroundDisabled_mono": {
                    "enabled": true,
                    "type": "boolean",
                    "value": false,
                    "visible": true
                },
                "backgroundInactive": {
                    "alpha": 1,
                    "blue": 0.9058823529411765,
                    "enabled": true,
                    "green": 0.8901960784313725,
                    "red": 0.8392156862745098,
                    "type": "color",
                    "visible": true
                },
                "backgroundInactive_mono": {
                    "enabled": true,
                    "type": "boolean",
                    "value": false,
                    "visible": true
                },
                "background_mono": {
                    "enabled": true,
                    "type": "boolean",
                    "value": false,
                    "visible": true
                },
                "base": {
                    "alpha": 1,
                    "blue": 1,
                    "enabled": true,
                    "green": 0.9803921568627451,
                    "red": 0.9450980392156862,
                    "type": "color",
                    "visible": true
                },
                "base_mono": {
                    "enabled": true,
                    "type": "boolean",
                    "value": false,
                    "visible": true
                },
                "colorMode": {
                    "enabled": true,
                    "type": "combo",
                    "value": 6,
                    "visible": true
                },
                "foreground": {
                    "alpha": 1,
                    "blue": 0,
                    "enabled": true,
                    "green": 0,
                    "red": 0,
                    "type": "color",
                    "visible": true
                },
                "foregroundDisabled": {
                    "alpha": 1,
                    "blue": 0.5019607843137255,
                    "enabled": true,
                    "green": 0.5019607843137255,
                    "red": 0.5019607843137255,
                    "type": "color",
                    "visible": true
                },
                "foregroundDisabled_mono": {
                    "enabled": true,
                    "type": "boolean",
                    "value": false,
                    "visible": true
                },
                "foregroundInactive": {
                    "alpha": 1,
                    "blue": 0.9058823529411765,
                    "enabled": true,
                    "green": 0.8901960784313725,
                    "red": 0.8392156862745098,
                    "type": "color",
                    "visible": true
                },
                "foregroundInactive_mono": {
                    "enabled": true,
                    "type": "boolean",
                    "value": false,
                    "visible": true
                },
                "foreground_mono": {
                    "enabled": true,
                    "type": "boolean",
                    "value": false,
                    "visible": true
                },
                "highlight": {
                    "alpha": 1,
                    "blue": 0.8313725490196079,
                    "enabled": true,
                    "green": 0.8156862745098039,
                    "red": 0.7843137254901961,
                    "type": "color",
                    "visible": true
                },
                "highlightLight": {
                    "alpha": 1,
                    "blue": 1,
                    "enabled": true,
                    "green": 1,
                    "red": 1,
                    "type": "color",
                    "visible": true
                },
                "highlightLight_mono": {
                    "enabled": true,
                    "type": "boolean",
                    "value": false,
                    "visible": true
                },
                "highlight_mono": {
                    "enabled": true,
                    "type": "boolean",
                    "value": false,
                    "visible": true
                },
                "id": {
                    "enabled": true,
                    "type": "uuid",
                    "value": "{1f429940-bc15-4447-9881-3ef8c6f101e6}",
                    "visible": true
                },
                "name": {
                    "enabled": true,
                    "type": "text",
                    "value": "PanelScheme",
                    "visible": true
                },
                "shadow": {
                    "alpha": 1,
                    "blue": 0.5019607843137255,
                    "enabled": true,
                    "green": 0.5019607843137255,
                    "red": 0.5019607843137255,
                    "type": "color",
                    "visible": true
                },
                "shadowDark": {
                    "alpha": 1,
                    "blue": 0.25098039215686274,
                    "enabled": true,
                    "green": 0.25098039215686274,
                    "red": 0.25098039215686274,
                    "type": "color",
                    "visible": true
                },
                "shadowDark_mono": {
                    "enabled": true,
                    "type": "boolean",
                    "value": false,
                    "visible": true
                },
                "shadow_mono": {
                    "enabled": true,
                    "type": "boolean",
                    "value": false,
                    "visible": true
                },
                "text": {
                    "alpha": 1,
                    "blue": 0.6959792477302205,
                    "enabled": true,
                    "green": 0.7156328679331655,
                    "red": 0.6286411841000992,
                    "type": "color",
                    "visible": true
                },
                "textDisabled": {
                    "alpha": 1,
                    "blue": 0.5803921568627451,
                    "enabled": true,
                    "green": 0.5725490196078431,
                    "red": 0.5490196078431373,
                    "type": "color",
                    "visible": true
                },
                "textDisabled_mono": {
                    "enabled": true,
                    "type": "boolean",
                    "value": false,
                    "visible": true
                },
                "textHighlight": {
                    "alpha": 1,
                    "blue": 1,
                    "enabled": true,
                    "green": 0,
                    "red": 0,
                    "type": "color",
                    "visible": true
                },
                "textHighlightText": {
                    "alpha": 1,
                    "blue": 1,
                    "enabled": true,
                    "green": 1,
                    "red": 1,
                    "type": "color",
                    "visible": true
                },
                "textHighlightText_mono": {
                    "enabled": true,
                    "type": "boolean",
                    "value": false,
                    "visible": true
                },
                "textHighlight_mono": {
                    "enabled": true,
                    "type": "boolean",
                    "value": false,
                    "visible": true
                },
                "textInactive": {
                    "alpha": 1,
                    "blue": 0.9058823529411765,
                    "enabled": true,
                    "green": 0.8901960784313725,
                    "red": 0.8392156862745098,
                    "type": "color",
                    "visible": true
                },
                "textInactive_mono": {
                    "enabled": true,
                    "type": "boolean",
                    "value": false,
                    "visible": true
                },
                "text_mono": {
                    "enabled": true,
                    "type": "boolean",
                    "value": false,
                    "visible": true
                }
            }
        }
    ],
    "userDefault": "{00000000-0000-0000-0000-000000000000}"
}
