{
    "bindings": [
        {
            "font": "{b0cf5e6d-7218-42fd-ae33-3815904539ec}",
            "language": "{f1332084-1041-4ed1-9e6f-7da3a0107690}",
            "string": "{3c6fbfab-bf0c-4ed9-83af-8bd83e08ffb7}"
        },
        {
            "font": "{b0cf5e6d-7218-42fd-ae33-3815904539ec}",
            "language": "{f1332084-1041-4ed1-9e6f-7da3a0107690}",
            "string": "{6433ad2b-3b49-4494-b2ea-18923e676443}"
        },
        {
            "font": "{b0cf5e6d-7218-42fd-ae33-3815904539ec}",
            "language": "{f1332084-1041-4ed1-9e6f-7da3a0107690}",
            "string": "{82f01686-9445-4dea-b8c8-20acb92ed489}"
        },
        {
            "font": "{b0cf5e6d-7218-42fd-ae33-3815904539ec}",
            "language": "{f1332084-1041-4ed1-9e6f-7da3a0107690}",
            "string": "{e1d47a5d-ba4f-4a0c-9fc0-a405c79fc58d}"
        }
    ],
    "defaultLanguage": "{f1332084-1041-4ed1-9e6f-7da3a0107690}",
    "encoding": "ASCII",
    "languages": [
        {
            "properties": {
                "__categories": [
                ],
                "__groups": [
                ],
                "enabled": {
                    "enabled": true,
                    "type": "boolean",
                    "value": true,
                    "visible": true
                },
                "id": {
                    "enabled": true,
                    "type": "uuid",
                    "value": "{f1332084-1041-4ed1-9e6f-7da3a0107690}",
                    "visible": true
                },
                "name": {
                    "enabled": true,
                    "type": "text",
                    "value": "Default",
                    "visible": true
                }
            }
        }
    ],
    "paths": [
    ],
    "strings": [
        {
            "properties": {
                "__categories": [
                ],
                "__groups": [
                ],
                "description": {
                    "enabled": true,
                    "type": "text",
                    "value": "",
                    "visible": true
                },
                "id": {
                    "enabled": true,
                    "type": "uuid",
                    "value": "{3c6fbfab-bf0c-4ed9-83af-8bd83e08ffb7}",
                    "visible": true
                },
                "name": {
                    "enabled": true,
                    "type": "text",
                    "value": "Slider",
                    "visible": true
                },
                "path": {
                    "enabled": true,
                    "type": "text",
                    "value": "/",
                    "visible": true
                }
            },
            "values": [
                {
                    "language": "{f1332084-1041-4ed1-9e6f-7da3a0107690}",
                    "value": "Slider Value :"
                }
            ]
        },
        {
            "properties": {
                "__categories": [
                ],
                "__groups": [
                ],
                "description": {
                    "enabled": true,
                    "type": "text",
                    "value": "",
                    "visible": true
                },
                "id": {
                    "enabled": true,
                    "type": "uuid",
                    "value": "{6433ad2b-3b49-4494-b2ea-18923e676443}",
                    "visible": true
                },
                "name": {
                    "enabled": true,
                    "type": "text",
                    "value": "Fast",
                    "visible": true
                },
                "path": {
                    "enabled": true,
                    "type": "text",
                    "value": "/",
                    "visible": true
                }
            },
            "values": [
                {
                    "language": "{f1332084-1041-4ed1-9e6f-7da3a0107690}",
                    "value": "Fast."
                }
            ]
        },
        {
            "properties": {
                "__categories": [
                ],
                "__groups": [
                ],
                "description": {
                    "enabled": true,
                    "type": "text",
                    "value": "",
                    "visible": true
                },
                "id": {
                    "enabled": true,
                    "type": "uuid",
                    "value": "{82f01686-9445-4dea-b8c8-20acb92ed489}",
                    "visible": true
                },
                "name": {
                    "enabled": true,
                    "type": "text",
                    "value": "Easy",
                    "visible": true
                },
                "path": {
                    "enabled": true,
                    "type": "text",
                    "value": "/",
                    "visible": true
                }
            },
            "values": [
                {
                    "language": "{f1332084-1041-4ed1-9e6f-7da3a0107690}",
                    "value": "Easy."
                }
            ]
        },
        {
            "properties": {
                "__categories": [
                ],
                "__groups": [
                ],
                "description": {
                    "enabled": true,
                    "type": "text",
                    "value": "",
                    "visible": true
                },
                "id": {
                    "enabled": true,
                    "type": "uuid",
                    "value": "{e1d47a5d-ba4f-4a0c-9fc0-a405c79fc58d}",
                    "visible": true
                },
                "name": {
                    "enabled": true,
                    "type": "text",
                    "value": "Smart",
                    "visible": true
                },
                "path": {
                    "enabled": true,
                    "type": "text",
                    "value": "/",
                    "visible": true
                }
            },
            "values": [
                {
                    "language": "{f1332084-1041-4ed1-9e6f-7da3a0107690}",
                    "value": "Smart."
                }
            ]
        }
    ]
}
