{
    "bindings": [
        {
            "font": "{f148ba5e-aaea-4f23-929b-8b3294a20ad0}",
            "language": "{89d655b3-a844-496f-b3fc-2ceeeb09af38}",
            "string": "{73d5da0c-9594-4d5c-b4f7-b00041bd3eac}"
        },
        {
            "font": "{f148ba5e-aaea-4f23-929b-8b3294a20ad0}",
            "language": "{89d655b3-a844-496f-b3fc-2ceeeb09af38}",
            "string": "{74af6fb1-539d-4d8d-8e17-5ca06eea3168}"
        },
        {
            "font": "{f148ba5e-aaea-4f23-929b-8b3294a20ad0}",
            "language": "{89d655b3-a844-496f-b3fc-2ceeeb09af38}",
            "string": "{9d5a403e-5f79-48ff-886b-11d33af91bbe}"
        },
        {
            "font": "{f148ba5e-aaea-4f23-929b-8b3294a20ad0}",
            "language": "{89d655b3-a844-496f-b3fc-2ceeeb09af38}",
            "string": "{c20b1539-0355-464b-a3be-e9b9d99ae00c}"
        }
    ],
    "defaultLanguage": "{89d655b3-a844-496f-b3fc-2ceeeb09af38}",
    "encoding": "ASCII",
    "languages": [
        {
            "properties": {
                "__categories": [
                ],
                "__groups": [
                ],
                "enabled": {
                    "enabled": true,
                    "type": "boolean",
                    "value": true,
                    "visible": true
                },
                "id": {
                    "enabled": true,
                    "type": "uuid",
                    "value": "{89d655b3-a844-496f-b3fc-2ceeeb09af38}",
                    "visible": true
                },
                "name": {
                    "enabled": true,
                    "type": "text",
                    "value": "Default",
                    "visible": true
                }
            }
        }
    ],
    "paths": [
    ],
    "strings": [
        {
            "properties": {
                "__categories": [
                ],
                "__groups": [
                ],
                "description": {
                    "enabled": true,
                    "type": "text",
                    "value": "",
                    "visible": true
                },
                "id": {
                    "enabled": true,
                    "type": "uuid",
                    "value": "{73d5da0c-9594-4d5c-b4f7-b00041bd3eac}",
                    "visible": true
                },
                "name": {
                    "enabled": true,
                    "type": "text",
                    "value": "strUnlock",
                    "visible": true
                },
                "path": {
                    "enabled": true,
                    "type": "text",
                    "value": "/",
                    "visible": true
                }
            },
            "values": [
                {
                    "language": "{89d655b3-a844-496f-b3fc-2ceeeb09af38}",
                    "value": "Unlock"
                }
            ]
        },
        {
            "properties": {
                "__categories": [
                ],
                "__groups": [
                ],
                "description": {
                    "enabled": true,
                    "type": "text",
                    "value": "",
                    "visible": true
                },
                "id": {
                    "enabled": true,
                    "type": "uuid",
                    "value": "{74af6fb1-539d-4d8d-8e17-5ca06eea3168}",
                    "visible": true
                },
                "name": {
                    "enabled": true,
                    "type": "text",
                    "value": "strTimerMessage",
                    "visible": true
                },
                "path": {
                    "enabled": true,
                    "type": "text",
                    "value": "/",
                    "visible": true
                }
            },
            "values": [
                {
                    "language": "{89d655b3-a844-496f-b3fc-2ceeeb09af38}",
                    "value": "Screen will lock in: "
                }
            ]
        },
        {
            "properties": {
                "__categories": [
                ],
                "__groups": [
                ],
                "description": {
                    "enabled": true,
                    "type": "text",
                    "value": "",
                    "visible": true
                },
                "id": {
                    "enabled": true,
                    "type": "uuid",
                    "value": "{9d5a403e-5f79-48ff-886b-11d33af91bbe}",
                    "visible": true
                },
                "name": {
                    "enabled": true,
                    "type": "text",
                    "value": "strLockMessage",
                    "visible": true
                },
                "path": {
                    "enabled": true,
                    "type": "text",
                    "value": "/",
                    "visible": true
                }
            },
            "values": [
                {
                    "language": "{89d655b3-a844-496f-b3fc-2ceeeb09af38}",
                    "value": "Screen is locked due to inactivity."
                }
            ]
        },
        {
            "properties": {
                "__categories": [
                ],
                "__groups": [
                ],
                "description": {
                    "enabled": true,
                    "type": "text",
                    "value": "",
                    "visible": true
                },
                "id": {
                    "enabled": true,
                    "type": "uuid",
                    "value": "{c20b1539-0355-464b-a3be-e9b9d99ae00c}",
                    "visible": true
                },
                "name": {
                    "enabled": true,
                    "type": "text",
                    "value": "strTouchMessage",
                    "visible": true
                },
                "path": {
                    "enabled": true,
                    "type": "text",
                    "value": "/",
                    "visible": true
                }
            },
            "values": [
                {
                    "language": "{89d655b3-a844-496f-b3fc-2ceeeb09af38}",
                    "value": "Tap to reset."
                }
            ]
        }
    ]
}
