{
    "images": [
        {
            "id": "{20c4516f-1c1a-4c20-8f4a-3d759df0bca2}",
            "name": "microchip",
            "type": "RGB"
        },
        {
            "id": "{0988d582-4517-480b-861d-70eb52b2755f}",
            "name": "MPLAB_Harmony",
            "type": "RGB"
        },
        {
            "id": "{db0bd34a-c277-4b3d-a764-d8d27235af3d}",
            "name": "background",
            "type": "RGB"
        },
        {
            "id": "{9e45f4f1-fa59-4afb-a60a-bceb380cf58f}",
            "name": "icon1",
            "type": "RGB"
        },
        {
            "id": "{a123fe51-f678-4c32-b661-7b2e932b3edb}",
            "name": "microchiplogo",
            "type": "RGB"
        },
        {
            "id": "{3c405b55-4959-4c38-ae24-02d7a19da6eb}",
            "name": "background_0",
            "type": "RGB"
        },
        {
            "id": "{3b3e4b35-f493-46e5-8e7e-c07d5f17e341}",
            "name": "icon2",
            "type": "RGB"
        }
    ],
    "paths": [
    ]
}
