{
    "bindings": [
        {
            "font": "{0b3476fa-f545-492d-b65d-1d802812f689}",
            "language": "{776b3126-f140-4cad-bc3f-7c786b42918d}",
            "string": "{09c403e9-fc09-4078-9927-a02b9bd36285}"
        },
        {
            "font": "{9642b92f-2125-446f-a21b-e1a4c9a3771c}",
            "language": "{776b3126-f140-4cad-bc3f-7c786b42918d}",
            "string": "{23995dfe-c200-4c80-9695-e3dccd293b04}"
        },
        {
            "font": "{9642b92f-2125-446f-a21b-e1a4c9a3771c}",
            "language": "{776b3126-f140-4cad-bc3f-7c786b42918d}",
            "string": "{3f0c334f-ade6-423a-9375-d7de3816e84d}"
        },
        {
            "font": "{9642b92f-2125-446f-a21b-e1a4c9a3771c}",
            "language": "{fcfe3ff4-f230-448f-9078-4599da2911d5}",
            "string": "{23995dfe-c200-4c80-9695-e3dccd293b04}"
        },
        {
            "font": "{9642b92f-2125-446f-a21b-e1a4c9a3771c}",
            "language": "{fcfe3ff4-f230-448f-9078-4599da2911d5}",
            "string": "{3f0c334f-ade6-423a-9375-d7de3816e84d}"
        },
        {
            "font": "{0b3476fa-f545-492d-b65d-1d802812f689}",
            "language": "{776b3126-f140-4cad-bc3f-7c786b42918d}",
            "string": "{57f42818-c56a-43d5-98b2-560fdfe37643}"
        },
        {
            "font": "{0b3476fa-f545-492d-b65d-1d802812f689}",
            "language": "{fcfe3ff4-f230-448f-9078-4599da2911d5}",
            "string": "{57f42818-c56a-43d5-98b2-560fdfe37643}"
        },
        {
            "font": "{8482c117-41cc-475c-b49a-20c1e4ceebb7}",
            "language": "{fcfe3ff4-f230-448f-9078-4599da2911d5}",
            "string": "{7ca2f241-0cc5-4628-857a-8256e15c1842}"
        },
        {
            "font": "{0b3476fa-f545-492d-b65d-1d802812f689}",
            "language": "{776b3126-f140-4cad-bc3f-7c786b42918d}",
            "string": "{8d8eae2c-175c-417a-a2d6-8d34228dc37f}"
        },
        {
            "font": "{8482c117-41cc-475c-b49a-20c1e4ceebb7}",
            "language": "{776b3126-f140-4cad-bc3f-7c786b42918d}",
            "string": "{7ca2f241-0cc5-4628-857a-8256e15c1842}"
        },
        {
            "font": "{8482c117-41cc-475c-b49a-20c1e4ceebb7}",
            "language": "{776b3126-f140-4cad-bc3f-7c786b42918d}",
            "string": "{8d47d9b3-760d-4f30-bcad-fe5581bd6790}"
        },
        {
            "font": "{9642b92f-2125-446f-a21b-e1a4c9a3771c}",
            "language": "{776b3126-f140-4cad-bc3f-7c786b42918d}",
            "string": "{a08fec27-80be-4b2e-b9f3-09aa3309e89f}"
        },
        {
            "font": "{0b3476fa-f545-492d-b65d-1d802812f689}",
            "language": "{fcfe3ff4-f230-448f-9078-4599da2911d5}",
            "string": "{09c403e9-fc09-4078-9927-a02b9bd36285}"
        },
        {
            "font": "{8482c117-41cc-475c-b49a-20c1e4ceebb7}",
            "language": "{fcfe3ff4-f230-448f-9078-4599da2911d5}",
            "string": "{8d47d9b3-760d-4f30-bcad-fe5581bd6790}"
        },
        {
            "font": "{0b3476fa-f545-492d-b65d-1d802812f689}",
            "language": "{fcfe3ff4-f230-448f-9078-4599da2911d5}",
            "string": "{8d8eae2c-175c-417a-a2d6-8d34228dc37f}"
        },
        {
            "font": "{9642b92f-2125-446f-a21b-e1a4c9a3771c}",
            "language": "{fcfe3ff4-f230-448f-9078-4599da2911d5}",
            "string": "{a08fec27-80be-4b2e-b9f3-09aa3309e89f}"
        }
    ],
    "defaultLanguage": "{fcfe3ff4-f230-448f-9078-4599da2911d5}",
    "encoding": "ASCII",
    "languages": [
        {
            "properties": {
                "__categories": [
                ],
                "__groups": [
                ],
                "enabled": {
                    "enabled": true,
                    "type": "boolean",
                    "value": true,
                    "visible": true
                },
                "id": {
                    "enabled": true,
                    "type": "uuid",
                    "value": "{fcfe3ff4-f230-448f-9078-4599da2911d5}",
                    "visible": true
                },
                "name": {
                    "enabled": true,
                    "type": "text",
                    "value": "English",
                    "visible": true
                }
            }
        },
        {
            "properties": {
                "__categories": [
                ],
                "__groups": [
                ],
                "enabled": {
                    "enabled": true,
                    "type": "boolean",
                    "value": true,
                    "visible": true
                },
                "id": {
                    "enabled": true,
                    "type": "uuid",
                    "value": "{776b3126-f140-4cad-bc3f-7c786b42918d}",
                    "visible": true
                },
                "name": {
                    "enabled": true,
                    "type": "text",
                    "value": "French",
                    "visible": true
                }
            }
        }
    ],
    "paths": [
    ],
    "strings": [
        {
            "properties": {
                "__categories": [
                ],
                "__groups": [
                ],
                "description": {
                    "enabled": true,
                    "type": "text",
                    "value": "",
                    "visible": true
                },
                "id": {
                    "enabled": true,
                    "type": "uuid",
                    "value": "{09c403e9-fc09-4078-9927-a02b9bd36285}",
                    "visible": true
                },
                "name": {
                    "enabled": true,
                    "type": "text",
                    "value": "ChangeLanguageString",
                    "visible": true
                },
                "path": {
                    "enabled": true,
                    "type": "text",
                    "value": "/",
                    "visible": true
                }
            },
            "values": [
                {
                    "language": "{776b3126-f140-4cad-bc3f-7c786b42918d}",
                    "value": "Changer de langue"
                },
                {
                    "language": "{fcfe3ff4-f230-448f-9078-4599da2911d5}",
                    "value": "Change Language"
                }
            ]
        },
        {
            "properties": {
                "__categories": [
                ],
                "__groups": [
                ],
                "description": {
                    "enabled": true,
                    "type": "text",
                    "value": "",
                    "visible": true
                },
                "id": {
                    "enabled": true,
                    "type": "uuid",
                    "value": "{23995dfe-c200-4c80-9695-e3dccd293b04}",
                    "visible": true
                },
                "name": {
                    "enabled": true,
                    "type": "text",
                    "value": "Smart",
                    "visible": true
                },
                "path": {
                    "enabled": true,
                    "type": "text",
                    "value": "/",
                    "visible": true
                }
            },
            "values": [
                {
                    "language": "{776b3126-f140-4cad-bc3f-7c786b42918d}",
                    "value": "Intelligent."
                },
                {
                    "language": "{fcfe3ff4-f230-448f-9078-4599da2911d5}",
                    "value": "Smart."
                }
            ]
        },
        {
            "properties": {
                "__categories": [
                ],
                "__groups": [
                ],
                "description": {
                    "enabled": true,
                    "type": "text",
                    "value": "",
                    "visible": true
                },
                "id": {
                    "enabled": true,
                    "type": "uuid",
                    "value": "{3f0c334f-ade6-423a-9375-d7de3816e84d}",
                    "visible": true
                },
                "name": {
                    "enabled": true,
                    "type": "text",
                    "value": "Fast",
                    "visible": true
                },
                "path": {
                    "enabled": true,
                    "type": "text",
                    "value": "/",
                    "visible": true
                }
            },
            "values": [
                {
                    "language": "{776b3126-f140-4cad-bc3f-7c786b42918d}",
                    "value": "Rapide."
                },
                {
                    "language": "{fcfe3ff4-f230-448f-9078-4599da2911d5}",
                    "value": "Fast."
                }
            ]
        },
        {
            "properties": {
                "__categories": [
                ],
                "__groups": [
                ],
                "description": {
                    "enabled": true,
                    "type": "text",
                    "value": "",
                    "visible": true
                },
                "id": {
                    "enabled": true,
                    "type": "uuid",
                    "value": "{57f42818-c56a-43d5-98b2-560fdfe37643}",
                    "visible": true
                },
                "name": {
                    "enabled": true,
                    "type": "text",
                    "value": "MyNewGraphicsApp",
                    "visible": true
                },
                "path": {
                    "enabled": true,
                    "type": "text",
                    "value": "/",
                    "visible": true
                }
            },
            "values": [
                {
                    "language": "{776b3126-f140-4cad-bc3f-7c786b42918d}",
                    "value": "C'est ma nouvelle application graphique !!"
                },
                {
                    "language": "{fcfe3ff4-f230-448f-9078-4599da2911d5}",
                    "value": "This is my new graphics application!!"
                }
            ]
        },
        {
            "properties": {
                "__categories": [
                ],
                "__groups": [
                ],
                "description": {
                    "enabled": true,
                    "type": "text",
                    "value": "",
                    "visible": true
                },
                "id": {
                    "enabled": true,
                    "type": "uuid",
                    "value": "{7ca2f241-0cc5-4628-857a-8256e15c1842}",
                    "visible": true
                },
                "name": {
                    "enabled": true,
                    "type": "text",
                    "value": "ClockString",
                    "visible": true
                },
                "path": {
                    "enabled": true,
                    "type": "text",
                    "value": "/",
                    "visible": true
                }
            },
            "values": [
                {
                    "language": "{776b3126-f140-4cad-bc3f-7c786b42918d}",
                    "value": "0123456789"
                },
                {
                    "language": "{fcfe3ff4-f230-448f-9078-4599da2911d5}",
                    "value": "0123456789"
                }
            ]
        },
        {
            "properties": {
                "__categories": [
                ],
                "__groups": [
                ],
                "description": {
                    "enabled": true,
                    "type": "text",
                    "value": "",
                    "visible": true
                },
                "id": {
                    "enabled": true,
                    "type": "uuid",
                    "value": "{8d47d9b3-760d-4f30-bcad-fe5581bd6790}",
                    "visible": true
                },
                "name": {
                    "enabled": true,
                    "type": "text",
                    "value": "ColonString",
                    "visible": true
                },
                "path": {
                    "enabled": true,
                    "type": "text",
                    "value": "/",
                    "visible": true
                }
            },
            "values": [
                {
                    "language": "{776b3126-f140-4cad-bc3f-7c786b42918d}",
                    "value": ":"
                },
                {
                    "language": "{fcfe3ff4-f230-448f-9078-4599da2911d5}",
                    "value": ":"
                }
            ]
        },
        {
            "properties": {
                "__categories": [
                ],
                "__groups": [
                ],
                "description": {
                    "enabled": true,
                    "type": "text",
                    "value": "",
                    "visible": true
                },
                "id": {
                    "enabled": true,
                    "type": "uuid",
                    "value": "{8d8eae2c-175c-417a-a2d6-8d34228dc37f}",
                    "visible": true
                },
                "name": {
                    "enabled": true,
                    "type": "text",
                    "value": "ChangeScreenString",
                    "visible": true
                },
                "path": {
                    "enabled": true,
                    "type": "text",
                    "value": "/",
                    "visible": true
                }
            },
            "values": [
                {
                    "language": "{776b3126-f140-4cad-bc3f-7c786b42918d}",
                    "value": "Changer d'écran"
                },
                {
                    "language": "{fcfe3ff4-f230-448f-9078-4599da2911d5}",
                    "value": "Change Screen"
                }
            ]
        },
        {
            "properties": {
                "__categories": [
                ],
                "__groups": [
                ],
                "description": {
                    "enabled": true,
                    "type": "text",
                    "value": "",
                    "visible": true
                },
                "id": {
                    "enabled": true,
                    "type": "uuid",
                    "value": "{a08fec27-80be-4b2e-b9f3-09aa3309e89f}",
                    "visible": true
                },
                "name": {
                    "enabled": true,
                    "type": "text",
                    "value": "Easy",
                    "visible": true
                },
                "path": {
                    "enabled": true,
                    "type": "text",
                    "value": "/",
                    "visible": true
                }
            },
            "values": [
                {
                    "language": "{776b3126-f140-4cad-bc3f-7c786b42918d}",
                    "value": "Facile."
                },
                {
                    "language": "{fcfe3ff4-f230-448f-9078-4599da2911d5}",
                    "value": "Easy."
                }
            ]
        }
    ]
}
