{
    "schemes": [
        {
            "backgroundTable": {
                "background": false,
                "backgroundDisabled": false,
                "backgroundInactive": false,
                "base": false,
                "foreground": false,
                "foregroundDisabled": false,
                "foregroundInactive": false,
                "highlight": false,
                "highlightLight": false,
                "shadow": false,
                "shadowDark": false,
                "text": false,
                "textDisabled": false,
                "textHighlight": false,
                "textHighlightText": false,
                "textInactive": false
            },
            "foregroundTable": {
                "background": false,
                "backgroundDisabled": false,
                "backgroundInactive": false,
                "base": false,
                "foreground": false,
                "foregroundDisabled": false,
                "foregroundInactive": false,
                "highlight": false,
                "highlightLight": false,
                "shadow": false,
                "shadowDark": false,
                "text": false,
                "textDisabled": false,
                "textHighlight": false,
                "textHighlightText": false,
                "textInactive": false
            },
            "properties": {
                "__categories": [
                    {
                        "expanded": true,
                        "id": "Scheme",
                        "visible": true
                    },
                    {
                        "expanded": true,
                        "id": "Color Table",
                        "visible": true
                    },
                    {
                        "expanded": true,
                        "id": "Monochrome Table",
                        "visible": false
                    }
                ],
                "__groups": [
                ],
                "background": {
                    "alpha": 1,
                    "blue": 1,
                    "enabled": true,
                    "green": 1,
                    "red": 1,
                    "type": "color",
                    "visible": true
                },
                "backgroundDisabled": {
                    "alpha": 1,
                    "blue": 0.8313725590705872,
                    "enabled": true,
                    "green": 0.8156862854957581,
                    "red": 0.7843137383460999,
                    "type": "color",
                    "visible": true
                },
                "backgroundDisabled_mono": {
                    "enabled": true,
                    "type": "boolean",
                    "value": false,
                    "visible": true
                },
                "backgroundInactive": {
                    "alpha": 1,
                    "blue": 0.9058823585510254,
                    "enabled": true,
                    "green": 0.8901960849761963,
                    "red": 0.8392156958580017,
                    "type": "color",
                    "visible": true
                },
                "backgroundInactive_mono": {
                    "enabled": true,
                    "type": "boolean",
                    "value": false,
                    "visible": true
                },
                "background_mono": {
                    "enabled": true,
                    "type": "boolean",
                    "value": false,
                    "visible": true
                },
                "base": {
                    "alpha": 1,
                    "blue": 1,
                    "enabled": true,
                    "green": 1,
                    "red": 1,
                    "type": "color",
                    "visible": true
                },
                "base_mono": {
                    "enabled": true,
                    "type": "boolean",
                    "value": false,
                    "visible": true
                },
                "colorMode": {
                    "enabled": true,
                    "type": "combo",
                    "value": 6,
                    "visible": true
                },
                "foreground": {
                    "alpha": 1,
                    "blue": 1,
                    "enabled": true,
                    "green": 1,
                    "red": 1,
                    "type": "color",
                    "visible": true
                },
                "foregroundDisabled": {
                    "alpha": 1,
                    "blue": 0.501960813999176,
                    "enabled": true,
                    "green": 0.501960813999176,
                    "red": 0.501960813999176,
                    "type": "color",
                    "visible": true
                },
                "foregroundDisabled_mono": {
                    "enabled": true,
                    "type": "boolean",
                    "value": false,
                    "visible": true
                },
                "foregroundInactive": {
                    "alpha": 1,
                    "blue": 0.9058823585510254,
                    "enabled": true,
                    "green": 0.8901960849761963,
                    "red": 0.8392156958580017,
                    "type": "color",
                    "visible": true
                },
                "foregroundInactive_mono": {
                    "enabled": true,
                    "type": "boolean",
                    "value": false,
                    "visible": true
                },
                "foreground_mono": {
                    "enabled": true,
                    "type": "boolean",
                    "value": false,
                    "visible": true
                },
                "highlight": {
                    "alpha": 1,
                    "blue": 0.8313725590705872,
                    "enabled": true,
                    "green": 0.8156862854957581,
                    "red": 0.7843137383460999,
                    "type": "color",
                    "visible": true
                },
                "highlightLight": {
                    "alpha": 1,
                    "blue": 1,
                    "enabled": true,
                    "green": 1,
                    "red": 1,
                    "type": "color",
                    "visible": true
                },
                "highlightLight_mono": {
                    "enabled": true,
                    "type": "boolean",
                    "value": false,
                    "visible": true
                },
                "highlight_mono": {
                    "enabled": true,
                    "type": "boolean",
                    "value": false,
                    "visible": true
                },
                "id": {
                    "enabled": true,
                    "type": "uuid",
                    "value": "{86fccf70-c43a-4b7a-ac2a-a06e32a87207}",
                    "visible": true
                },
                "name": {
                    "enabled": true,
                    "type": "text",
                    "value": "WhiteScheme",
                    "visible": true
                },
                "shadow": {
                    "alpha": 1,
                    "blue": 0.501960813999176,
                    "enabled": true,
                    "green": 0.501960813999176,
                    "red": 0.501960813999176,
                    "type": "color",
                    "visible": true
                },
                "shadowDark": {
                    "alpha": 1,
                    "blue": 0.250980406999588,
                    "enabled": true,
                    "green": 0.250980406999588,
                    "red": 0.250980406999588,
                    "type": "color",
                    "visible": true
                },
                "shadowDark_mono": {
                    "enabled": true,
                    "type": "boolean",
                    "value": false,
                    "visible": true
                },
                "shadow_mono": {
                    "enabled": true,
                    "type": "boolean",
                    "value": false,
                    "visible": true
                },
                "text": {
                    "alpha": 1,
                    "blue": 1,
                    "enabled": true,
                    "green": 1,
                    "red": 1,
                    "type": "color",
                    "visible": true
                },
                "textDisabled": {
                    "alpha": 1,
                    "blue": 0.5803921818733215,
                    "enabled": true,
                    "green": 0.572549045085907,
                    "red": 0.5490196347236633,
                    "type": "color",
                    "visible": true
                },
                "textDisabled_mono": {
                    "enabled": true,
                    "type": "boolean",
                    "value": false,
                    "visible": true
                },
                "textHighlight": {
                    "alpha": 1,
                    "blue": 1,
                    "enabled": true,
                    "green": 0,
                    "red": 0,
                    "type": "color",
                    "visible": true
                },
                "textHighlightText": {
                    "alpha": 1,
                    "blue": 1,
                    "enabled": true,
                    "green": 1,
                    "red": 1,
                    "type": "color",
                    "visible": true
                },
                "textHighlightText_mono": {
                    "enabled": true,
                    "type": "boolean",
                    "value": false,
                    "visible": true
                },
                "textHighlight_mono": {
                    "enabled": true,
                    "type": "boolean",
                    "value": false,
                    "visible": true
                },
                "textInactive": {
                    "alpha": 1,
                    "blue": 0.9058823585510254,
                    "enabled": true,
                    "green": 0.8901960849761963,
                    "red": 0.8392156958580017,
                    "type": "color",
                    "visible": true
                },
                "textInactive_mono": {
                    "enabled": true,
                    "type": "boolean",
                    "value": false,
                    "visible": true
                },
                "text_mono": {
                    "enabled": true,
                    "type": "boolean",
                    "value": false,
                    "visible": true
                }
            }
        },
        {
            "backgroundTable": {
                "background": false,
                "backgroundDisabled": false,
                "backgroundInactive": false,
                "base": false,
                "foreground": false,
                "foregroundDisabled": false,
                "foregroundInactive": false,
                "highlight": false,
                "highlightLight": false,
                "shadow": false,
                "shadowDark": false,
                "text": false,
                "textDisabled": false,
                "textHighlight": false,
                "textHighlightText": false,
                "textInactive": false
            },
            "foregroundTable": {
                "background": false,
                "backgroundDisabled": false,
                "backgroundInactive": false,
                "base": false,
                "foreground": false,
                "foregroundDisabled": false,
                "foregroundInactive": false,
                "highlight": false,
                "highlightLight": false,
                "shadow": false,
                "shadowDark": false,
                "text": false,
                "textDisabled": false,
                "textHighlight": false,
                "textHighlightText": false,
                "textInactive": false
            },
            "properties": {
                "__categories": [
                    {
                        "expanded": true,
                        "id": "Scheme",
                        "visible": true
                    },
                    {
                        "expanded": true,
                        "id": "Color Table",
                        "visible": true
                    },
                    {
                        "expanded": true,
                        "id": "Monochrome Table",
                        "visible": false
                    }
                ],
                "__groups": [
                ],
                "background": {
                    "alpha": 1,
                    "blue": 1,
                    "enabled": true,
                    "green": 1,
                    "red": 1,
                    "type": "color",
                    "visible": true
                },
                "backgroundDisabled": {
                    "alpha": 1,
                    "blue": 0.8313725590705872,
                    "enabled": true,
                    "green": 0.8156862854957581,
                    "red": 0.7843137383460999,
                    "type": "color",
                    "visible": true
                },
                "backgroundDisabled_mono": {
                    "enabled": true,
                    "type": "boolean",
                    "value": false,
                    "visible": true
                },
                "backgroundInactive": {
                    "alpha": 1,
                    "blue": 0.9058823585510254,
                    "enabled": true,
                    "green": 0.8901960849761963,
                    "red": 0.8392156958580017,
                    "type": "color",
                    "visible": true
                },
                "backgroundInactive_mono": {
                    "enabled": true,
                    "type": "boolean",
                    "value": false,
                    "visible": true
                },
                "background_mono": {
                    "enabled": true,
                    "type": "boolean",
                    "value": false,
                    "visible": true
                },
                "base": {
                    "alpha": 1,
                    "blue": 0,
                    "enabled": true,
                    "green": 0,
                    "red": 0,
                    "type": "color",
                    "visible": true
                },
                "base_mono": {
                    "enabled": true,
                    "type": "boolean",
                    "value": false,
                    "visible": true
                },
                "colorMode": {
                    "enabled": true,
                    "type": "combo",
                    "value": 6,
                    "visible": true
                },
                "foreground": {
                    "alpha": 1,
                    "blue": 0.9843137264251709,
                    "enabled": true,
                    "green": 1,
                    "red": 0.01568627543747425,
                    "type": "color",
                    "visible": true
                },
                "foregroundDisabled": {
                    "alpha": 1,
                    "blue": 0.501960813999176,
                    "enabled": true,
                    "green": 0.501960813999176,
                    "red": 0.501960813999176,
                    "type": "color",
                    "visible": true
                },
                "foregroundDisabled_mono": {
                    "enabled": true,
                    "type": "boolean",
                    "value": false,
                    "visible": true
                },
                "foregroundInactive": {
                    "alpha": 1,
                    "blue": 0.7372549176216125,
                    "enabled": true,
                    "green": 0.7529411911964417,
                    "red": 0.658823549747467,
                    "type": "color",
                    "visible": true
                },
                "foregroundInactive_mono": {
                    "enabled": true,
                    "type": "boolean",
                    "value": false,
                    "visible": true
                },
                "foreground_mono": {
                    "enabled": true,
                    "type": "boolean",
                    "value": false,
                    "visible": true
                },
                "highlight": {
                    "alpha": 1,
                    "blue": 0.8313725590705872,
                    "enabled": true,
                    "green": 0.8156862854957581,
                    "red": 0.7843137383460999,
                    "type": "color",
                    "visible": true
                },
                "highlightLight": {
                    "alpha": 1,
                    "blue": 1,
                    "enabled": true,
                    "green": 1,
                    "red": 1,
                    "type": "color",
                    "visible": true
                },
                "highlightLight_mono": {
                    "enabled": true,
                    "type": "boolean",
                    "value": false,
                    "visible": true
                },
                "highlight_mono": {
                    "enabled": true,
                    "type": "boolean",
                    "value": false,
                    "visible": true
                },
                "id": {
                    "enabled": true,
                    "type": "uuid",
                    "value": "{9c4cafb0-064b-4233-ae12-69d4f1ec7744}",
                    "visible": true
                },
                "name": {
                    "enabled": true,
                    "type": "text",
                    "value": "CircularSliderScheme",
                    "visible": true
                },
                "shadow": {
                    "alpha": 1,
                    "blue": 0.501960813999176,
                    "enabled": true,
                    "green": 0.501960813999176,
                    "red": 0.501960813999176,
                    "type": "color",
                    "visible": true
                },
                "shadowDark": {
                    "alpha": 1,
                    "blue": 0.250980406999588,
                    "enabled": true,
                    "green": 0.250980406999588,
                    "red": 0.250980406999588,
                    "type": "color",
                    "visible": true
                },
                "shadowDark_mono": {
                    "enabled": true,
                    "type": "boolean",
                    "value": false,
                    "visible": true
                },
                "shadow_mono": {
                    "enabled": true,
                    "type": "boolean",
                    "value": false,
                    "visible": true
                },
                "text": {
                    "alpha": 1,
                    "blue": 0,
                    "enabled": true,
                    "green": 0,
                    "red": 0,
                    "type": "color",
                    "visible": true
                },
                "textDisabled": {
                    "alpha": 1,
                    "blue": 0.5803921818733215,
                    "enabled": true,
                    "green": 0.572549045085907,
                    "red": 0.5490196347236633,
                    "type": "color",
                    "visible": true
                },
                "textDisabled_mono": {
                    "enabled": true,
                    "type": "boolean",
                    "value": false,
                    "visible": true
                },
                "textHighlight": {
                    "alpha": 1,
                    "blue": 1,
                    "enabled": true,
                    "green": 0,
                    "red": 0,
                    "type": "color",
                    "visible": true
                },
                "textHighlightText": {
                    "alpha": 1,
                    "blue": 1,
                    "enabled": true,
                    "green": 1,
                    "red": 1,
                    "type": "color",
                    "visible": true
                },
                "textHighlightText_mono": {
                    "enabled": true,
                    "type": "boolean",
                    "value": false,
                    "visible": true
                },
                "textHighlight_mono": {
                    "enabled": true,
                    "type": "boolean",
                    "value": false,
                    "visible": true
                },
                "textInactive": {
                    "alpha": 1,
                    "blue": 0.9058823585510254,
                    "enabled": true,
                    "green": 0.8901960849761963,
                    "red": 0.8392156958580017,
                    "type": "color",
                    "visible": true
                },
                "textInactive_mono": {
                    "enabled": true,
                    "type": "boolean",
                    "value": false,
                    "visible": true
                },
                "text_mono": {
                    "enabled": true,
                    "type": "boolean",
                    "value": false,
                    "visible": true
                }
            }
        },
        {
            "backgroundTable": {
                "background": false,
                "backgroundDisabled": false,
                "backgroundInactive": false,
                "base": false,
                "foreground": false,
                "foregroundDisabled": false,
                "foregroundInactive": false,
                "highlight": false,
                "highlightLight": false,
                "shadow": false,
                "shadowDark": false,
                "text": false,
                "textDisabled": false,
                "textHighlight": false,
                "textHighlightText": false,
                "textInactive": false
            },
            "foregroundTable": {
                "background": false,
                "backgroundDisabled": false,
                "backgroundInactive": false,
                "base": false,
                "foreground": false,
                "foregroundDisabled": false,
                "foregroundInactive": false,
                "highlight": false,
                "highlightLight": false,
                "shadow": false,
                "shadowDark": false,
                "text": false,
                "textDisabled": false,
                "textHighlight": false,
                "textHighlightText": false,
                "textInactive": false
            },
            "properties": {
                "__categories": [
                    {
                        "expanded": true,
                        "id": "Scheme",
                        "visible": true
                    },
                    {
                        "expanded": true,
                        "id": "Color Table",
                        "visible": true
                    },
                    {
                        "expanded": true,
                        "id": "Monochrome Table",
                        "visible": false
                    }
                ],
                "__groups": [
                ],
                "background": {
                    "alpha": 1,
                    "blue": 1,
                    "enabled": true,
                    "green": 1,
                    "red": 1,
                    "type": "color",
                    "visible": true
                },
                "backgroundDisabled": {
                    "alpha": 1,
                    "blue": 0.8313725590705872,
                    "enabled": true,
                    "green": 0.8156862854957581,
                    "red": 0.7843137383460999,
                    "type": "color",
                    "visible": true
                },
                "backgroundDisabled_mono": {
                    "enabled": true,
                    "type": "boolean",
                    "value": false,
                    "visible": true
                },
                "backgroundInactive": {
                    "alpha": 1,
                    "blue": 0.9058823585510254,
                    "enabled": true,
                    "green": 0.8901960849761963,
                    "red": 0.8392156958580017,
                    "type": "color",
                    "visible": true
                },
                "backgroundInactive_mono": {
                    "enabled": true,
                    "type": "boolean",
                    "value": false,
                    "visible": true
                },
                "background_mono": {
                    "enabled": true,
                    "type": "boolean",
                    "value": false,
                    "visible": true
                },
                "base": {
                    "alpha": 1,
                    "blue": 0.501960813999176,
                    "enabled": true,
                    "green": 0.501960813999176,
                    "red": 0.501960813999176,
                    "type": "color",
                    "visible": true
                },
                "base_mono": {
                    "enabled": true,
                    "type": "boolean",
                    "value": false,
                    "visible": true
                },
                "colorMode": {
                    "enabled": true,
                    "type": "combo",
                    "value": 6,
                    "visible": true
                },
                "foreground": {
                    "alpha": 1,
                    "blue": 0.5098039507865906,
                    "enabled": true,
                    "green": 0.20000000298023224,
                    "red": 0,
                    "type": "color",
                    "visible": true
                },
                "foregroundDisabled": {
                    "alpha": 1,
                    "blue": 0.501960813999176,
                    "enabled": true,
                    "green": 0.501960813999176,
                    "red": 0.501960813999176,
                    "type": "color",
                    "visible": true
                },
                "foregroundDisabled_mono": {
                    "enabled": true,
                    "type": "boolean",
                    "value": false,
                    "visible": true
                },
                "foregroundInactive": {
                    "alpha": 1,
                    "blue": 0.9058823585510254,
                    "enabled": true,
                    "green": 0.8901960849761963,
                    "red": 0.8392156958580017,
                    "type": "color",
                    "visible": true
                },
                "foregroundInactive_mono": {
                    "enabled": true,
                    "type": "boolean",
                    "value": false,
                    "visible": true
                },
                "foreground_mono": {
                    "enabled": true,
                    "type": "boolean",
                    "value": false,
                    "visible": true
                },
                "highlight": {
                    "alpha": 1,
                    "blue": 0.8313725590705872,
                    "enabled": true,
                    "green": 0.8156862854957581,
                    "red": 0.7843137383460999,
                    "type": "color",
                    "visible": true
                },
                "highlightLight": {
                    "alpha": 1,
                    "blue": 1,
                    "enabled": true,
                    "green": 1,
                    "red": 1,
                    "type": "color",
                    "visible": true
                },
                "highlightLight_mono": {
                    "enabled": true,
                    "type": "boolean",
                    "value": false,
                    "visible": true
                },
                "highlight_mono": {
                    "enabled": true,
                    "type": "boolean",
                    "value": false,
                    "visible": true
                },
                "id": {
                    "enabled": true,
                    "type": "uuid",
                    "value": "{ac984ce5-6685-4f20-81f3-697841fa637b}",
                    "visible": true
                },
                "name": {
                    "enabled": true,
                    "type": "text",
                    "value": "SliderButtonScheme",
                    "visible": true
                },
                "shadow": {
                    "alpha": 1,
                    "blue": 0.501960813999176,
                    "enabled": true,
                    "green": 0.501960813999176,
                    "red": 0.501960813999176,
                    "type": "color",
                    "visible": true
                },
                "shadowDark": {
                    "alpha": 1,
                    "blue": 0.250980406999588,
                    "enabled": true,
                    "green": 0.250980406999588,
                    "red": 0.250980406999588,
                    "type": "color",
                    "visible": true
                },
                "shadowDark_mono": {
                    "enabled": true,
                    "type": "boolean",
                    "value": false,
                    "visible": true
                },
                "shadow_mono": {
                    "enabled": true,
                    "type": "boolean",
                    "value": false,
                    "visible": true
                },
                "text": {
                    "alpha": 1,
                    "blue": 0,
                    "enabled": true,
                    "green": 0,
                    "red": 0,
                    "type": "color",
                    "visible": true
                },
                "textDisabled": {
                    "alpha": 1,
                    "blue": 0.5803921818733215,
                    "enabled": true,
                    "green": 0.572549045085907,
                    "red": 0.5490196347236633,
                    "type": "color",
                    "visible": true
                },
                "textDisabled_mono": {
                    "enabled": true,
                    "type": "boolean",
                    "value": false,
                    "visible": true
                },
                "textHighlight": {
                    "alpha": 1,
                    "blue": 1,
                    "enabled": true,
                    "green": 0,
                    "red": 0,
                    "type": "color",
                    "visible": true
                },
                "textHighlightText": {
                    "alpha": 1,
                    "blue": 1,
                    "enabled": true,
                    "green": 1,
                    "red": 1,
                    "type": "color",
                    "visible": true
                },
                "textHighlightText_mono": {
                    "enabled": true,
                    "type": "boolean",
                    "value": false,
                    "visible": true
                },
                "textHighlight_mono": {
                    "enabled": true,
                    "type": "boolean",
                    "value": false,
                    "visible": true
                },
                "textInactive": {
                    "alpha": 1,
                    "blue": 0.9058823585510254,
                    "enabled": true,
                    "green": 0.8901960849761963,
                    "red": 0.8392156958580017,
                    "type": "color",
                    "visible": true
                },
                "textInactive_mono": {
                    "enabled": true,
                    "type": "boolean",
                    "value": false,
                    "visible": true
                },
                "text_mono": {
                    "enabled": true,
                    "type": "boolean",
                    "value": false,
                    "visible": true
                }
            }
        }
    ],
    "userDefault": "{00000000-0000-0000-0000-000000000000}"
}
