{
    "bindings": [
        {
            "font": "{5f08e079-bac8-4ff1-9268-456b3a031590}",
            "language": "{0e03a822-5dd1-462e-b008-2b60592265fd}",
            "string": "{32a88982-f98e-40e3-9c8d-1be63bb202f5}"
        }
    ],
    "defaultLanguage": "{0e03a822-5dd1-462e-b008-2b60592265fd}",
    "encoding": "ASCII",
    "languages": [
        {
            "properties": {
                "__categories": [
                ],
                "__groups": [
                ],
                "enabled": {
                    "enabled": true,
                    "type": "boolean",
                    "value": true,
                    "visible": true
                },
                "id": {
                    "enabled": true,
                    "type": "uuid",
                    "value": "{0e03a822-5dd1-462e-b008-2b60592265fd}",
                    "visible": true
                },
                "name": {
                    "enabled": true,
                    "type": "text",
                    "value": "Default",
                    "visible": true
                }
            }
        }
    ],
    "paths": [
    ],
    "strings": [
        {
            "properties": {
                "__categories": [
                ],
                "__groups": [
                ],
                "description": {
                    "enabled": true,
                    "type": "text",
                    "value": "",
                    "visible": true
                },
                "id": {
                    "enabled": true,
                    "type": "uuid",
                    "value": "{32a88982-f98e-40e3-9c8d-1be63bb202f5}",
                    "visible": true
                },
                "name": {
                    "enabled": true,
                    "type": "text",
                    "value": "ValueStr",
                    "visible": true
                },
                "path": {
                    "enabled": true,
                    "type": "text",
                    "value": "/",
                    "visible": true
                }
            },
            "values": [
                {
                    "language": "{0e03a822-5dd1-462e-b008-2b60592265fd}",
                    "value": "0"
                }
            ]
        }
    ]
}
