{
    "bindings": [
        {
            "font": "{3aa8956c-3afb-4da2-84e2-3bf95be8ad04}",
            "language": "{b31973e5-19f0-4083-8a81-e5c4d40dea20}",
            "string": "{1b83bfa0-9d02-4363-a1eb-a70306481e22}"
        },
        {
            "font": "{d52c4739-a54a-4997-a2cc-5ddae37fc870}",
            "language": "{b31973e5-19f0-4083-8a81-e5c4d40dea20}",
            "string": "{383ac358-bcbf-4b25-9928-8ca9649a8d8b}"
        },
        {
            "font": "{d52c4739-a54a-4997-a2cc-5ddae37fc870}",
            "language": "{b31973e5-19f0-4083-8a81-e5c4d40dea20}",
            "string": "{ab2ef0e4-9828-4c1b-ae2d-f0a33e4f0273}"
        },
        {
            "font": "{3aa8956c-3afb-4da2-84e2-3bf95be8ad04}",
            "language": "{b31973e5-19f0-4083-8a81-e5c4d40dea20}",
            "string": "{ca9358c8-3d5a-4172-9eb9-635a2b39fae8}"
        },
        {
            "font": "{d52c4739-a54a-4997-a2cc-5ddae37fc870}",
            "language": "{b31973e5-19f0-4083-8a81-e5c4d40dea20}",
            "string": "{dcea5812-82b2-4e86-9170-836e95f84e5b}"
        }
    ],
    "defaultLanguage": "{b31973e5-19f0-4083-8a81-e5c4d40dea20}",
    "encoding": "ASCII",
    "languages": [
        {
            "properties": {
                "__categories": [
                ],
                "__groups": [
                ],
                "enabled": {
                    "enabled": true,
                    "type": "boolean",
                    "value": true,
                    "visible": true
                },
                "id": {
                    "enabled": true,
                    "type": "uuid",
                    "value": "{b31973e5-19f0-4083-8a81-e5c4d40dea20}",
                    "visible": true
                },
                "name": {
                    "enabled": true,
                    "type": "text",
                    "value": "Default",
                    "visible": true
                }
            }
        }
    ],
    "paths": [
    ],
    "strings": [
        {
            "properties": {
                "__categories": [
                ],
                "__groups": [
                ],
                "description": {
                    "enabled": true,
                    "type": "text",
                    "value": "",
                    "visible": true
                },
                "id": {
                    "enabled": true,
                    "type": "uuid",
                    "value": "{1b83bfa0-9d02-4363-a1eb-a70306481e22}",
                    "visible": true
                },
                "name": {
                    "enabled": true,
                    "type": "text",
                    "value": "OkString",
                    "visible": true
                },
                "path": {
                    "enabled": true,
                    "type": "text",
                    "value": "/",
                    "visible": true
                }
            },
            "values": [
                {
                    "language": "{b31973e5-19f0-4083-8a81-e5c4d40dea20}",
                    "value": "Ok"
                }
            ]
        },
        {
            "properties": {
                "__categories": [
                ],
                "__groups": [
                ],
                "description": {
                    "enabled": true,
                    "type": "text",
                    "value": "",
                    "visible": true
                },
                "id": {
                    "enabled": true,
                    "type": "uuid",
                    "value": "{383ac358-bcbf-4b25-9928-8ca9649a8d8b}",
                    "visible": true
                },
                "name": {
                    "enabled": true,
                    "type": "text",
                    "value": "ScanningScreen",
                    "visible": true
                },
                "path": {
                    "enabled": true,
                    "type": "text",
                    "value": "/",
                    "visible": true
                }
            },
            "values": [
                {
                    "language": "{b31973e5-19f0-4083-8a81-e5c4d40dea20}",
                    "value": "Scanning ..."
                }
            ]
        },
        {
            "properties": {
                "__categories": [
                ],
                "__groups": [
                ],
                "description": {
                    "enabled": true,
                    "type": "text",
                    "value": "",
                    "visible": true
                },
                "id": {
                    "enabled": true,
                    "type": "uuid",
                    "value": "{ab2ef0e4-9828-4c1b-ae2d-f0a33e4f0273}",
                    "visible": true
                },
                "name": {
                    "enabled": true,
                    "type": "text",
                    "value": "StartScanString",
                    "visible": true
                },
                "path": {
                    "enabled": true,
                    "type": "text",
                    "value": "/",
                    "visible": true
                }
            },
            "values": [
                {
                    "language": "{b31973e5-19f0-4083-8a81-e5c4d40dea20}",
                    "value": "Scart Scan"
                }
            ]
        },
        {
            "properties": {
                "__categories": [
                ],
                "__groups": [
                ],
                "description": {
                    "enabled": true,
                    "type": "text",
                    "value": "",
                    "visible": true
                },
                "id": {
                    "enabled": true,
                    "type": "uuid",
                    "value": "{ca9358c8-3d5a-4172-9eb9-635a2b39fae8}",
                    "visible": true
                },
                "name": {
                    "enabled": true,
                    "type": "text",
                    "value": "StopString",
                    "visible": true
                },
                "path": {
                    "enabled": true,
                    "type": "text",
                    "value": "/",
                    "visible": true
                }
            },
            "values": [
                {
                    "language": "{b31973e5-19f0-4083-8a81-e5c4d40dea20}",
                    "value": "Stop"
                }
            ]
        },
        {
            "properties": {
                "__categories": [
                ],
                "__groups": [
                ],
                "description": {
                    "enabled": true,
                    "type": "text",
                    "value": "",
                    "visible": true
                },
                "id": {
                    "enabled": true,
                    "type": "uuid",
                    "value": "{dcea5812-82b2-4e86-9170-836e95f84e5b}",
                    "visible": true
                },
                "name": {
                    "enabled": true,
                    "type": "text",
                    "value": "StoppedScanString",
                    "visible": true
                },
                "path": {
                    "enabled": true,
                    "type": "text",
                    "value": "/",
                    "visible": true
                }
            },
            "values": [
                {
                    "language": "{b31973e5-19f0-4083-8a81-e5c4d40dea20}",
                    "value": "Scan Stopped"
                }
            ]
        }
    ]
}
