{
    "images": [
        {
            "id": "{07b5702f-4ad3-48e1-b840-0c14b3e2c68d}",
            "name": "QuickstartDown_WVGA",
            "type": "RGB"
        },
        {
            "id": "{b1f3e368-6e9e-4640-9b9d-08fbf74c6914}",
            "name": "QuickstartUp_WVGA",
            "type": "RGB"
        },
        {
            "id": "{2cf6af2c-e363-4ef3-81d5-c43b85b078e9}",
            "name": "MHGS_logo_WVGA",
            "type": "RGB"
        },
        {
            "id": "{3bbe0a65-a736-40e0-911f-5b0b89002f5d}",
            "name": "mchpLogo_light",
            "type": "RGB"
        },
        {
            "id": "{3f0baa32-66c5-486a-8c92-9e1816fb52b8}",
            "name": "mchp_large",
            "type": "RGB"
        },
        {
            "id": "{5ba95f15-790a-4461-924f-926076450785}",
            "name": "mchpLogo_dark",
            "type": "RGB"
        }
    ],
    "paths": [
    ]
}
