{
    "properties": {
        "__categories": [
            {
                "expanded": true,
                "id": "fontInfo",
                "visible": true
            },
            {
                "expanded": true,
                "id": "name",
                "visible": true
            }
        ],
        "__groups": [
        ],
        "antialias": {
            "enabled": true,
            "type": "boolean",
            "value": true,
            "visible": true
        },
        "dataMemoryLocation": {
            "enabled": false,
            "type": "memorylocation",
            "value": "{8861e894-ab6f-4241-bee0-ed288b9319eb}",
            "visible": true
        },
        "dataSize": {
            "enabled": true,
            "type": "integer",
            "value": 0,
            "visible": false
        },
        "glyphCount": {
            "enabled": false,
            "type": "integer",
            "value": 96,
            "visible": true
        },
        "glyphDataSize": {
            "enabled": false,
            "type": "integer",
            "value": 20732,
            "visible": true
        },
        "glyphMemoryLocation": {
            "enabled": true,
            "type": "memorylocation",
            "value": "{8861e894-ab6f-4241-bee0-ed288b9319eb}",
            "visible": true
        },
        "height": {
            "enabled": true,
            "type": "integer",
            "value": 21,
            "visible": false
        },
        "id": {
            "enabled": true,
            "type": "uuid",
            "value": "{0b3476fa-f545-492d-b65d-1d802812f689}",
            "visible": true
        },
        "kerningDataSize": {
            "enabled": false,
            "type": "integer",
            "value": 1924,
            "visible": true
        },
        "maxBaseline": {
            "enabled": true,
            "type": "integer",
            "value": 20,
            "visible": false
        },
        "maxHeight": {
            "enabled": true,
            "type": "integer",
            "value": 27,
            "visible": false
        },
        "name": {
            "enabled": true,
            "type": "text",
            "value": "",
            "visible": true
        },
        "outputName": {
            "enabled": true,
            "type": "text",
            "value": "MyNewFont",
            "visible": true
        },
        "pointSize": {
            "enabled": true,
            "type": "integer",
            "value": 25,
            "visible": true
        },
        "righttoleft": {
            "enabled": true,
            "type": "boolean",
            "value": false,
            "visible": true
        },
        "sourceName": {
            "enabled": false,
            "type": "text",
            "value": "NotoSans-Italic.ttf",
            "visible": true
        }
    }
}
