{
    "串": {
        "advance": 12,
        "bearingX": 1,
        "bearingY": 12,
        "codePoint": 20018,
        "height": 13,
        "width": 10
    },
    "停": {
        "advance": 12,
        "bearingX": 0,
        "bearingY": 11,
        "codePoint": 20572,
        "height": 12,
        "width": 12
    },
    "可": {
        "advance": 12,
        "bearingX": 0,
        "bearingY": 10,
        "codePoint": 21487,
        "height": 11,
        "width": 12
    },
    "固": {
        "advance": 12,
        "bearingX": 1,
        "bearingY": 10,
        "codePoint": 22266,
        "height": 11,
        "width": 10
    },
    "始": {
        "advance": 12,
        "bearingX": 0,
        "bearingY": 12,
        "codePoint": 22987,
        "height": 13,
        "width": 12
    },
    "字": {
        "advance": 12,
        "bearingX": 0,
        "bearingY": 12,
        "codePoint": 23383,
        "height": 13,
        "width": 12
    },
    "定": {
        "advance": 12,
        "bearingX": 0,
        "bearingY": 11,
        "codePoint": 23450,
        "height": 13,
        "width": 12
    },
    "度": {
        "advance": 12,
        "bearingX": 0,
        "bearingY": 11,
        "codePoint": 24230,
        "height": 12,
        "width": 12
    },
    "止": {
        "advance": 12,
        "bearingX": 0,
        "bearingY": 11,
        "codePoint": 27490,
        "height": 11,
        "width": 12
    },
    "變": {
        "advance": 12,
        "bearingX": 0,
        "bearingY": 11,
        "codePoint": 35722,
        "height": 13,
        "width": 12
    },
    "長": {
        "advance": 12,
        "bearingX": 0,
        "bearingY": 11,
        "codePoint": 38263,
        "height": 12,
        "width": 12
    },
    "開": {
        "advance": 12,
        "bearingX": 1,
        "bearingY": 11,
        "codePoint": 38283,
        "height": 12,
        "width": 10
    }
}
