{
    "bindings": [
        {
            "font": "{a94a488b-e290-4b71-ac49-f228bd762607}",
            "language": "{263751f8-6375-4748-a09e-962c7929bb99}",
            "string": "{2c722bf7-dfb8-40b5-808c-302a773b8940}"
        },
        {
            "font": "{a94a488b-e290-4b71-ac49-f228bd762607}",
            "language": "{263751f8-6375-4748-a09e-962c7929bb99}",
            "string": "{51e3dc9f-3dfe-4832-bcef-640ea8239a71}"
        },
        {
            "font": "{a94a488b-e290-4b71-ac49-f228bd762607}",
            "language": "{263751f8-6375-4748-a09e-962c7929bb99}",
            "string": "{5fe6641e-866d-4b2c-9b86-27e045de091f}"
        },
        {
            "font": "{a94a488b-e290-4b71-ac49-f228bd762607}",
            "language": "{263751f8-6375-4748-a09e-962c7929bb99}",
            "string": "{8a1c9117-c0d7-40ff-a75c-8562f23116bd}"
        },
        {
            "font": "{a94a488b-e290-4b71-ac49-f228bd762607}",
            "language": "{263751f8-6375-4748-a09e-962c7929bb99}",
            "string": "{a85f2149-8f5e-4f0a-949a-24a055642c5b}"
        }
    ],
    "defaultLanguage": "{263751f8-6375-4748-a09e-962c7929bb99}",
    "encoding": "ASCII",
    "languages": [
        {
            "properties": {
                "__categories": [
                ],
                "__groups": [
                ],
                "enabled": {
                    "enabled": true,
                    "type": "boolean",
                    "value": true,
                    "visible": true
                },
                "id": {
                    "enabled": true,
                    "type": "uuid",
                    "value": "{263751f8-6375-4748-a09e-962c7929bb99}",
                    "visible": true
                },
                "name": {
                    "enabled": true,
                    "type": "text",
                    "value": "Default",
                    "visible": true
                }
            }
        }
    ],
    "paths": [
    ],
    "strings": [
        {
            "properties": {
                "__categories": [
                ],
                "__groups": [
                ],
                "description": {
                    "enabled": true,
                    "type": "text",
                    "value": "",
                    "visible": true
                },
                "id": {
                    "enabled": true,
                    "type": "uuid",
                    "value": "{2c722bf7-dfb8-40b5-808c-302a773b8940}",
                    "visible": true
                },
                "name": {
                    "enabled": true,
                    "type": "text",
                    "value": "Easy",
                    "visible": true
                },
                "path": {
                    "enabled": true,
                    "type": "text",
                    "value": "/",
                    "visible": true
                }
            },
            "values": [
                {
                    "language": "{263751f8-6375-4748-a09e-962c7929bb99}",
                    "value": "Easy."
                }
            ]
        },
        {
            "properties": {
                "__categories": [
                ],
                "__groups": [
                ],
                "description": {
                    "enabled": true,
                    "type": "text",
                    "value": "",
                    "visible": true
                },
                "id": {
                    "enabled": true,
                    "type": "uuid",
                    "value": "{51e3dc9f-3dfe-4832-bcef-640ea8239a71}",
                    "visible": true
                },
                "name": {
                    "enabled": true,
                    "type": "text",
                    "value": "Fast",
                    "visible": true
                },
                "path": {
                    "enabled": true,
                    "type": "text",
                    "value": "/",
                    "visible": true
                }
            },
            "values": [
                {
                    "language": "{263751f8-6375-4748-a09e-962c7929bb99}",
                    "value": "Fast."
                }
            ]
        },
        {
            "properties": {
                "__categories": [
                ],
                "__groups": [
                ],
                "description": {
                    "enabled": true,
                    "type": "text",
                    "value": "",
                    "visible": true
                },
                "id": {
                    "enabled": true,
                    "type": "uuid",
                    "value": "{5fe6641e-866d-4b2c-9b86-27e045de091f}",
                    "visible": true
                },
                "name": {
                    "enabled": true,
                    "type": "text",
                    "value": "SlideRight",
                    "visible": true
                },
                "path": {
                    "enabled": true,
                    "type": "text",
                    "value": "/",
                    "visible": true
                }
            },
            "values": [
                {
                    "language": "{263751f8-6375-4748-a09e-962c7929bb99}",
                    "value": ">>>>"
                }
            ]
        },
        {
            "properties": {
                "__categories": [
                ],
                "__groups": [
                ],
                "description": {
                    "enabled": true,
                    "type": "text",
                    "value": "",
                    "visible": true
                },
                "id": {
                    "enabled": true,
                    "type": "uuid",
                    "value": "{8a1c9117-c0d7-40ff-a75c-8562f23116bd}",
                    "visible": true
                },
                "name": {
                    "enabled": true,
                    "type": "text",
                    "value": "Smart",
                    "visible": true
                },
                "path": {
                    "enabled": true,
                    "type": "text",
                    "value": "/",
                    "visible": true
                }
            },
            "values": [
                {
                    "language": "{263751f8-6375-4748-a09e-962c7929bb99}",
                    "value": "Smart."
                }
            ]
        },
        {
            "properties": {
                "__categories": [
                ],
                "__groups": [
                ],
                "description": {
                    "enabled": true,
                    "type": "text",
                    "value": "",
                    "visible": true
                },
                "id": {
                    "enabled": true,
                    "type": "uuid",
                    "value": "{a85f2149-8f5e-4f0a-949a-24a055642c5b}",
                    "visible": true
                },
                "name": {
                    "enabled": true,
                    "type": "text",
                    "value": "SlideLeft",
                    "visible": true
                },
                "path": {
                    "enabled": true,
                    "type": "text",
                    "value": "/",
                    "visible": true
                }
            },
            "values": [
                {
                    "language": "{263751f8-6375-4748-a09e-962c7929bb99}",
                    "value": "<<<<"
                }
            ]
        }
    ]
}
