{
    "images": [
        {
            "id": "{ddc1d390-1ef5-4a92-8e83-143d2f423e5a}",
            "name": "Image0",
            "type": "RGB"
        },
        {
            "id": "{71606f7c-5d64-4a7a-97d0-9c3f87ad36fc}",
            "name": "PressedImg",
            "type": "RGB"
        },
        {
            "id": "{36a6f2fd-eee2-4c1c-96ac-248d62ef678e}",
            "name": "ReleasedImg",
            "type": "RGB"
        },
        {
            "id": "{a467d997-980c-4d6d-9864-f3f27773e936}",
            "name": "ReleasedImg_tictactoe",
            "type": "RGB"
        },
        {
            "id": "{463333ac-eece-40a9-ba23-c5150915187b}",
            "name": "PressedImg_tictactoe",
            "type": "RGB"
        },
        {
            "id": "{c615a2f4-83ad-41a1-863e-86c863cc2c48}",
            "name": "PressedImg_rst",
            "type": "RGB"
        },
        {
            "id": "{fe5f2111-16b1-4d88-989d-37e3c91cc0bb}",
            "name": "PressedImg2",
            "type": "RGB"
        },
        {
            "id": "{72b83110-ed07-4900-8da5-19c1917f1015}",
            "name": "PressedImgTicTacToe2",
            "type": "RGB"
        }
    ],
    "paths": [
    ]
}
