{
    "schemes": [
        {
            "backgroundTable": {
                "background": false,
                "backgroundDisabled": false,
                "backgroundInactive": false,
                "base": false,
                "foreground": false,
                "foregroundDisabled": false,
                "foregroundInactive": false,
                "highlight": false,
                "highlightLight": false,
                "shadow": false,
                "shadowDark": false,
                "text": false,
                "textDisabled": false,
                "textHighlight": false,
                "textHighlightText": false,
                "textInactive": false
            },
            "foregroundTable": {
                "background": false,
                "backgroundDisabled": false,
                "backgroundInactive": false,
                "base": false,
                "foreground": false,
                "foregroundDisabled": false,
                "foregroundInactive": false,
                "highlight": false,
                "highlightLight": false,
                "shadow": false,
                "shadowDark": false,
                "text": false,
                "textDisabled": false,
                "textHighlight": false,
                "textHighlightText": false,
                "textInactive": false
            },
            "properties": {
                "__categories": [
                    {
                        "expanded": true,
                        "id": "Scheme",
                        "visible": true
                    },
                    {
                        "expanded": true,
                        "id": "Color Table",
                        "visible": true
                    },
                    {
                        "expanded": true,
                        "id": "Monochrome Table",
                        "visible": false
                    }
                ],
                "__groups": [
                ],
                "background": {
                    "alpha": 1,
                    "blue": 1,
                    "enabled": true,
                    "green": 1,
                    "red": 1,
                    "type": "color",
                    "visible": true
                },
                "backgroundDisabled": {
                    "alpha": 1,
                    "blue": 0.8313725590705872,
                    "enabled": true,
                    "green": 0.8156862854957581,
                    "red": 0.7843137383460999,
                    "type": "color",
                    "visible": true
                },
                "backgroundDisabled_mono": {
                    "enabled": true,
                    "type": "boolean",
                    "value": false,
                    "visible": true
                },
                "backgroundInactive": {
                    "alpha": 1,
                    "blue": 0.9058823585510254,
                    "enabled": true,
                    "green": 0.8901960849761963,
                    "red": 0.8392156958580017,
                    "type": "color",
                    "visible": true
                },
                "backgroundInactive_mono": {
                    "enabled": true,
                    "type": "boolean",
                    "value": false,
                    "visible": true
                },
                "background_mono": {
                    "enabled": true,
                    "type": "boolean",
                    "value": false,
                    "visible": true
                },
                "base": {
                    "alpha": 1,
                    "blue": 1,
                    "enabled": true,
                    "green": 1,
                    "red": 1,
                    "type": "color",
                    "visible": true
                },
                "base_mono": {
                    "enabled": true,
                    "type": "boolean",
                    "value": false,
                    "visible": true
                },
                "colorMode": {
                    "enabled": true,
                    "type": "combo",
                    "value": 3,
                    "visible": true
                },
                "foreground": {
                    "alpha": 1,
                    "blue": 1,
                    "enabled": true,
                    "green": 1,
                    "red": 1,
                    "type": "color",
                    "visible": true
                },
                "foregroundDisabled": {
                    "alpha": 1,
                    "blue": 0.501960813999176,
                    "enabled": true,
                    "green": 0.501960813999176,
                    "red": 0.501960813999176,
                    "type": "color",
                    "visible": true
                },
                "foregroundDisabled_mono": {
                    "enabled": true,
                    "type": "boolean",
                    "value": false,
                    "visible": true
                },
                "foregroundInactive": {
                    "alpha": 1,
                    "blue": 0.9058823585510254,
                    "enabled": true,
                    "green": 0.8901960849761963,
                    "red": 0.8392156958580017,
                    "type": "color",
                    "visible": true
                },
                "foregroundInactive_mono": {
                    "enabled": true,
                    "type": "boolean",
                    "value": false,
                    "visible": true
                },
                "foreground_mono": {
                    "enabled": true,
                    "type": "boolean",
                    "value": false,
                    "visible": true
                },
                "highlight": {
                    "alpha": 1,
                    "blue": 0.8313725590705872,
                    "enabled": true,
                    "green": 0.8156862854957581,
                    "red": 0.7843137383460999,
                    "type": "color",
                    "visible": true
                },
                "highlightLight": {
                    "alpha": 1,
                    "blue": 1,
                    "enabled": true,
                    "green": 0,
                    "red": 1,
                    "type": "color",
                    "visible": true
                },
                "highlightLight_mono": {
                    "enabled": true,
                    "type": "boolean",
                    "value": false,
                    "visible": true
                },
                "highlight_mono": {
                    "enabled": true,
                    "type": "boolean",
                    "value": false,
                    "visible": true
                },
                "id": {
                    "enabled": true,
                    "type": "uuid",
                    "value": "{274f3790-b0ce-41b0-bacf-b9815e6b8816}",
                    "visible": true
                },
                "name": {
                    "enabled": true,
                    "type": "text",
                    "value": "WhiteScheme",
                    "visible": true
                },
                "shadow": {
                    "alpha": 1,
                    "blue": 0,
                    "enabled": true,
                    "green": 0.5079423189163208,
                    "red": 1,
                    "type": "color",
                    "visible": true
                },
                "shadowDark": {
                    "alpha": 1,
                    "blue": 1,
                    "enabled": true,
                    "green": 1,
                    "red": 0,
                    "type": "color",
                    "visible": true
                },
                "shadowDark_mono": {
                    "enabled": true,
                    "type": "boolean",
                    "value": false,
                    "visible": true
                },
                "shadow_mono": {
                    "enabled": true,
                    "type": "boolean",
                    "value": false,
                    "visible": true
                },
                "text": {
                    "alpha": 1,
                    "blue": 0,
                    "enabled": true,
                    "green": 0,
                    "red": 0,
                    "type": "color",
                    "visible": true
                },
                "textDisabled": {
                    "alpha": 1,
                    "blue": 0.5803921818733215,
                    "enabled": true,
                    "green": 0.572549045085907,
                    "red": 0.5490196347236633,
                    "type": "color",
                    "visible": true
                },
                "textDisabled_mono": {
                    "enabled": true,
                    "type": "boolean",
                    "value": false,
                    "visible": true
                },
                "textHighlight": {
                    "alpha": 1,
                    "blue": 1,
                    "enabled": true,
                    "green": 0,
                    "red": 0,
                    "type": "color",
                    "visible": true
                },
                "textHighlightText": {
                    "alpha": 1,
                    "blue": 1,
                    "enabled": true,
                    "green": 1,
                    "red": 1,
                    "type": "color",
                    "visible": true
                },
                "textHighlightText_mono": {
                    "enabled": true,
                    "type": "boolean",
                    "value": false,
                    "visible": true
                },
                "textHighlight_mono": {
                    "enabled": true,
                    "type": "boolean",
                    "value": false,
                    "visible": true
                },
                "textInactive": {
                    "alpha": 1,
                    "blue": 0.9058823585510254,
                    "enabled": true,
                    "green": 0.8901960849761963,
                    "red": 0.8392156958580017,
                    "type": "color",
                    "visible": true
                },
                "textInactive_mono": {
                    "enabled": true,
                    "type": "boolean",
                    "value": false,
                    "visible": true
                },
                "text_mono": {
                    "enabled": true,
                    "type": "boolean",
                    "value": false,
                    "visible": true
                }
            }
        },
        {
            "backgroundTable": {
                "background": false,
                "backgroundDisabled": false,
                "backgroundInactive": false,
                "base": false,
                "foreground": false,
                "foregroundDisabled": false,
                "foregroundInactive": false,
                "highlight": false,
                "highlightLight": false,
                "shadow": false,
                "shadowDark": false,
                "text": false,
                "textDisabled": false,
                "textHighlight": false,
                "textHighlightText": false,
                "textInactive": false
            },
            "foregroundTable": {
                "background": false,
                "backgroundDisabled": false,
                "backgroundInactive": false,
                "base": false,
                "foreground": false,
                "foregroundDisabled": false,
                "foregroundInactive": false,
                "highlight": false,
                "highlightLight": false,
                "shadow": false,
                "shadowDark": false,
                "text": false,
                "textDisabled": false,
                "textHighlight": false,
                "textHighlightText": false,
                "textInactive": false
            },
            "properties": {
                "__categories": [
                    {
                        "expanded": true,
                        "id": "Scheme",
                        "visible": true
                    },
                    {
                        "expanded": true,
                        "id": "Color Table",
                        "visible": true
                    },
                    {
                        "expanded": true,
                        "id": "Monochrome Table",
                        "visible": false
                    }
                ],
                "__groups": [
                ],
                "background": {
                    "alpha": 1,
                    "blue": 1,
                    "enabled": true,
                    "green": 1,
                    "red": 1,
                    "type": "color",
                    "visible": true
                },
                "backgroundDisabled": {
                    "alpha": 1,
                    "blue": 0.8313725590705872,
                    "enabled": true,
                    "green": 0.8156862854957581,
                    "red": 0.7843137383460999,
                    "type": "color",
                    "visible": true
                },
                "backgroundDisabled_mono": {
                    "enabled": true,
                    "type": "boolean",
                    "value": false,
                    "visible": true
                },
                "backgroundInactive": {
                    "alpha": 1,
                    "blue": 0.9058823585510254,
                    "enabled": true,
                    "green": 0.8901960849761963,
                    "red": 0.8392156958580017,
                    "type": "color",
                    "visible": true
                },
                "backgroundInactive_mono": {
                    "enabled": true,
                    "type": "boolean",
                    "value": false,
                    "visible": true
                },
                "background_mono": {
                    "enabled": true,
                    "type": "boolean",
                    "value": false,
                    "visible": true
                },
                "base": {
                    "alpha": 1,
                    "blue": 0,
                    "enabled": true,
                    "green": 0,
                    "red": 0,
                    "type": "color",
                    "visible": true
                },
                "base_mono": {
                    "enabled": true,
                    "type": "boolean",
                    "value": false,
                    "visible": true
                },
                "colorMode": {
                    "enabled": true,
                    "type": "combo",
                    "value": 3,
                    "visible": true
                },
                "foreground": {
                    "alpha": 1,
                    "blue": 0,
                    "enabled": true,
                    "green": 0,
                    "red": 1,
                    "type": "color",
                    "visible": true
                },
                "foregroundDisabled": {
                    "alpha": 1,
                    "blue": 0.501960813999176,
                    "enabled": true,
                    "green": 0.501960813999176,
                    "red": 0.501960813999176,
                    "type": "color",
                    "visible": true
                },
                "foregroundDisabled_mono": {
                    "enabled": true,
                    "type": "boolean",
                    "value": false,
                    "visible": true
                },
                "foregroundInactive": {
                    "alpha": 1,
                    "blue": 0.9058823585510254,
                    "enabled": true,
                    "green": 0.8901960849761963,
                    "red": 0.8392156958580017,
                    "type": "color",
                    "visible": true
                },
                "foregroundInactive_mono": {
                    "enabled": true,
                    "type": "boolean",
                    "value": false,
                    "visible": true
                },
                "foreground_mono": {
                    "enabled": true,
                    "type": "boolean",
                    "value": false,
                    "visible": true
                },
                "highlight": {
                    "alpha": 1,
                    "blue": 0.8313725590705872,
                    "enabled": true,
                    "green": 0.8156862854957581,
                    "red": 0.7843137383460999,
                    "type": "color",
                    "visible": true
                },
                "highlightLight": {
                    "alpha": 1,
                    "blue": 1,
                    "enabled": true,
                    "green": 1,
                    "red": 1,
                    "type": "color",
                    "visible": true
                },
                "highlightLight_mono": {
                    "enabled": true,
                    "type": "boolean",
                    "value": false,
                    "visible": true
                },
                "highlight_mono": {
                    "enabled": true,
                    "type": "boolean",
                    "value": false,
                    "visible": true
                },
                "id": {
                    "enabled": true,
                    "type": "uuid",
                    "value": "{2b355e0e-8410-4162-aca4-19fdb8b238a6}",
                    "visible": true
                },
                "name": {
                    "enabled": true,
                    "type": "text",
                    "value": "BlackScheme",
                    "visible": true
                },
                "shadow": {
                    "alpha": 1,
                    "blue": 0.501960813999176,
                    "enabled": true,
                    "green": 0.501960813999176,
                    "red": 0.501960813999176,
                    "type": "color",
                    "visible": true
                },
                "shadowDark": {
                    "alpha": 1,
                    "blue": 0.250980406999588,
                    "enabled": true,
                    "green": 0.250980406999588,
                    "red": 0.250980406999588,
                    "type": "color",
                    "visible": true
                },
                "shadowDark_mono": {
                    "enabled": true,
                    "type": "boolean",
                    "value": false,
                    "visible": true
                },
                "shadow_mono": {
                    "enabled": true,
                    "type": "boolean",
                    "value": false,
                    "visible": true
                },
                "text": {
                    "alpha": 1,
                    "blue": 0,
                    "enabled": true,
                    "green": 0,
                    "red": 1,
                    "type": "color",
                    "visible": true
                },
                "textDisabled": {
                    "alpha": 1,
                    "blue": 0.5803921818733215,
                    "enabled": true,
                    "green": 0.572549045085907,
                    "red": 0.5490196347236633,
                    "type": "color",
                    "visible": true
                },
                "textDisabled_mono": {
                    "enabled": true,
                    "type": "boolean",
                    "value": false,
                    "visible": true
                },
                "textHighlight": {
                    "alpha": 1,
                    "blue": 1,
                    "enabled": true,
                    "green": 0,
                    "red": 0,
                    "type": "color",
                    "visible": true
                },
                "textHighlightText": {
                    "alpha": 1,
                    "blue": 1,
                    "enabled": true,
                    "green": 1,
                    "red": 1,
                    "type": "color",
                    "visible": true
                },
                "textHighlightText_mono": {
                    "enabled": true,
                    "type": "boolean",
                    "value": false,
                    "visible": true
                },
                "textHighlight_mono": {
                    "enabled": true,
                    "type": "boolean",
                    "value": false,
                    "visible": true
                },
                "textInactive": {
                    "alpha": 1,
                    "blue": 0.9058823585510254,
                    "enabled": true,
                    "green": 0.8901960849761963,
                    "red": 0.8392156958580017,
                    "type": "color",
                    "visible": true
                },
                "textInactive_mono": {
                    "enabled": true,
                    "type": "boolean",
                    "value": false,
                    "visible": true
                },
                "text_mono": {
                    "enabled": true,
                    "type": "boolean",
                    "value": false,
                    "visible": true
                }
            }
        },
        {
            "backgroundTable": {
                "background": false,
                "backgroundDisabled": false,
                "backgroundInactive": false,
                "base": false,
                "foreground": false,
                "foregroundDisabled": false,
                "foregroundInactive": false,
                "highlight": false,
                "highlightLight": false,
                "shadow": false,
                "shadowDark": false,
                "text": false,
                "textDisabled": false,
                "textHighlight": false,
                "textHighlightText": false,
                "textInactive": false
            },
            "foregroundTable": {
                "background": false,
                "backgroundDisabled": false,
                "backgroundInactive": false,
                "base": false,
                "foreground": false,
                "foregroundDisabled": false,
                "foregroundInactive": false,
                "highlight": false,
                "highlightLight": false,
                "shadow": false,
                "shadowDark": false,
                "text": false,
                "textDisabled": false,
                "textHighlight": false,
                "textHighlightText": false,
                "textInactive": false
            },
            "properties": {
                "__categories": [
                    {
                        "expanded": true,
                        "id": "Scheme",
                        "visible": true
                    },
                    {
                        "expanded": true,
                        "id": "Color Table",
                        "visible": true
                    },
                    {
                        "expanded": true,
                        "id": "Monochrome Table",
                        "visible": false
                    }
                ],
                "__groups": [
                ],
                "background": {
                    "alpha": 1,
                    "blue": 1,
                    "enabled": true,
                    "green": 1,
                    "red": 1,
                    "type": "color",
                    "visible": true
                },
                "backgroundDisabled": {
                    "alpha": 1,
                    "blue": 0.8313725590705872,
                    "enabled": true,
                    "green": 0.8156862854957581,
                    "red": 0.7843137383460999,
                    "type": "color",
                    "visible": true
                },
                "backgroundDisabled_mono": {
                    "enabled": true,
                    "type": "boolean",
                    "value": false,
                    "visible": true
                },
                "backgroundInactive": {
                    "alpha": 1,
                    "blue": 0.9058823585510254,
                    "enabled": true,
                    "green": 0.8901960849761963,
                    "red": 0.8392156958580017,
                    "type": "color",
                    "visible": true
                },
                "backgroundInactive_mono": {
                    "enabled": true,
                    "type": "boolean",
                    "value": false,
                    "visible": true
                },
                "background_mono": {
                    "enabled": true,
                    "type": "boolean",
                    "value": false,
                    "visible": true
                },
                "base": {
                    "alpha": 1,
                    "blue": 0,
                    "enabled": true,
                    "green": 1,
                    "red": 0,
                    "type": "color",
                    "visible": true
                },
                "base_mono": {
                    "enabled": true,
                    "type": "boolean",
                    "value": false,
                    "visible": true
                },
                "colorMode": {
                    "enabled": true,
                    "type": "combo",
                    "value": 3,
                    "visible": true
                },
                "foreground": {
                    "alpha": 1,
                    "blue": 0,
                    "enabled": true,
                    "green": 1,
                    "red": 0,
                    "type": "color",
                    "visible": true
                },
                "foregroundDisabled": {
                    "alpha": 1,
                    "blue": 0.501960813999176,
                    "enabled": true,
                    "green": 0.501960813999176,
                    "red": 0.501960813999176,
                    "type": "color",
                    "visible": true
                },
                "foregroundDisabled_mono": {
                    "enabled": true,
                    "type": "boolean",
                    "value": false,
                    "visible": true
                },
                "foregroundInactive": {
                    "alpha": 1,
                    "blue": 0.9058823585510254,
                    "enabled": true,
                    "green": 0.8901960849761963,
                    "red": 0.8392156958580017,
                    "type": "color",
                    "visible": true
                },
                "foregroundInactive_mono": {
                    "enabled": true,
                    "type": "boolean",
                    "value": false,
                    "visible": true
                },
                "foreground_mono": {
                    "enabled": true,
                    "type": "boolean",
                    "value": false,
                    "visible": true
                },
                "highlight": {
                    "alpha": 1,
                    "blue": 0.8313725590705872,
                    "enabled": true,
                    "green": 0.8156862854957581,
                    "red": 0.7843137383460999,
                    "type": "color",
                    "visible": true
                },
                "highlightLight": {
                    "alpha": 1,
                    "blue": 1,
                    "enabled": true,
                    "green": 1,
                    "red": 1,
                    "type": "color",
                    "visible": true
                },
                "highlightLight_mono": {
                    "enabled": true,
                    "type": "boolean",
                    "value": false,
                    "visible": true
                },
                "highlight_mono": {
                    "enabled": true,
                    "type": "boolean",
                    "value": false,
                    "visible": true
                },
                "id": {
                    "enabled": true,
                    "type": "uuid",
                    "value": "{549fc5f1-3b0a-4d40-8095-2979947b5cab}",
                    "visible": true
                },
                "name": {
                    "enabled": true,
                    "type": "text",
                    "value": "GreenScheme",
                    "visible": true
                },
                "shadow": {
                    "alpha": 1,
                    "blue": 0.501960813999176,
                    "enabled": true,
                    "green": 0.501960813999176,
                    "red": 0.501960813999176,
                    "type": "color",
                    "visible": true
                },
                "shadowDark": {
                    "alpha": 1,
                    "blue": 0.250980406999588,
                    "enabled": true,
                    "green": 0.250980406999588,
                    "red": 0.250980406999588,
                    "type": "color",
                    "visible": true
                },
                "shadowDark_mono": {
                    "enabled": true,
                    "type": "boolean",
                    "value": false,
                    "visible": true
                },
                "shadow_mono": {
                    "enabled": true,
                    "type": "boolean",
                    "value": false,
                    "visible": true
                },
                "text": {
                    "alpha": 1,
                    "blue": 0,
                    "enabled": true,
                    "green": 1,
                    "red": 0,
                    "type": "color",
                    "visible": true
                },
                "textDisabled": {
                    "alpha": 1,
                    "blue": 0.5803921818733215,
                    "enabled": true,
                    "green": 0.572549045085907,
                    "red": 0.5490196347236633,
                    "type": "color",
                    "visible": true
                },
                "textDisabled_mono": {
                    "enabled": true,
                    "type": "boolean",
                    "value": false,
                    "visible": true
                },
                "textHighlight": {
                    "alpha": 1,
                    "blue": 1,
                    "enabled": true,
                    "green": 0,
                    "red": 0,
                    "type": "color",
                    "visible": true
                },
                "textHighlightText": {
                    "alpha": 1,
                    "blue": 1,
                    "enabled": true,
                    "green": 1,
                    "red": 1,
                    "type": "color",
                    "visible": true
                },
                "textHighlightText_mono": {
                    "enabled": true,
                    "type": "boolean",
                    "value": false,
                    "visible": true
                },
                "textHighlight_mono": {
                    "enabled": true,
                    "type": "boolean",
                    "value": false,
                    "visible": true
                },
                "textInactive": {
                    "alpha": 1,
                    "blue": 0.9058823585510254,
                    "enabled": true,
                    "green": 0.8901960849761963,
                    "red": 0.8392156958580017,
                    "type": "color",
                    "visible": true
                },
                "textInactive_mono": {
                    "enabled": true,
                    "type": "boolean",
                    "value": false,
                    "visible": true
                },
                "text_mono": {
                    "enabled": true,
                    "type": "boolean",
                    "value": false,
                    "visible": true
                }
            }
        },
        {
            "backgroundTable": {
                "background": false,
                "backgroundDisabled": false,
                "backgroundInactive": false,
                "base": false,
                "foreground": false,
                "foregroundDisabled": false,
                "foregroundInactive": false,
                "highlight": false,
                "highlightLight": false,
                "shadow": false,
                "shadowDark": false,
                "text": false,
                "textDisabled": false,
                "textHighlight": false,
                "textHighlightText": false,
                "textInactive": false
            },
            "foregroundTable": {
                "background": false,
                "backgroundDisabled": false,
                "backgroundInactive": false,
                "base": false,
                "foreground": false,
                "foregroundDisabled": false,
                "foregroundInactive": false,
                "highlight": false,
                "highlightLight": false,
                "shadow": false,
                "shadowDark": false,
                "text": false,
                "textDisabled": false,
                "textHighlight": false,
                "textHighlightText": false,
                "textInactive": false
            },
            "properties": {
                "__categories": [
                    {
                        "expanded": true,
                        "id": "Scheme",
                        "visible": true
                    },
                    {
                        "expanded": true,
                        "id": "Color Table",
                        "visible": true
                    },
                    {
                        "expanded": true,
                        "id": "Monochrome Table",
                        "visible": false
                    }
                ],
                "__groups": [
                ],
                "background": {
                    "alpha": 1,
                    "blue": 1,
                    "enabled": true,
                    "green": 1,
                    "red": 1,
                    "type": "color",
                    "visible": true
                },
                "backgroundDisabled": {
                    "alpha": 1,
                    "blue": 0.8313725590705872,
                    "enabled": true,
                    "green": 0.8156862854957581,
                    "red": 0.7843137383460999,
                    "type": "color",
                    "visible": true
                },
                "backgroundDisabled_mono": {
                    "enabled": true,
                    "type": "boolean",
                    "value": false,
                    "visible": true
                },
                "backgroundInactive": {
                    "alpha": 1,
                    "blue": 0.9058823585510254,
                    "enabled": true,
                    "green": 0.8901960849761963,
                    "red": 0.8392156958580017,
                    "type": "color",
                    "visible": true
                },
                "backgroundInactive_mono": {
                    "enabled": true,
                    "type": "boolean",
                    "value": false,
                    "visible": true
                },
                "background_mono": {
                    "enabled": true,
                    "type": "boolean",
                    "value": false,
                    "visible": true
                },
                "base": {
                    "alpha": 1,
                    "blue": 1,
                    "enabled": true,
                    "green": 0.8571450114250183,
                    "red": 0.45160600543022156,
                    "type": "color",
                    "visible": true
                },
                "base_mono": {
                    "enabled": true,
                    "type": "boolean",
                    "value": false,
                    "visible": true
                },
                "colorMode": {
                    "enabled": true,
                    "type": "combo",
                    "value": 3,
                    "visible": true
                },
                "foreground": {
                    "alpha": 1,
                    "blue": 1,
                    "enabled": true,
                    "green": 0,
                    "red": 0,
                    "type": "color",
                    "visible": true
                },
                "foregroundDisabled": {
                    "alpha": 1,
                    "blue": 0.501960813999176,
                    "enabled": true,
                    "green": 0.501960813999176,
                    "red": 0.501960813999176,
                    "type": "color",
                    "visible": true
                },
                "foregroundDisabled_mono": {
                    "enabled": true,
                    "type": "boolean",
                    "value": false,
                    "visible": true
                },
                "foregroundInactive": {
                    "alpha": 1,
                    "blue": 0.9058823585510254,
                    "enabled": true,
                    "green": 0.8901960849761963,
                    "red": 0.8392156958580017,
                    "type": "color",
                    "visible": true
                },
                "foregroundInactive_mono": {
                    "enabled": true,
                    "type": "boolean",
                    "value": false,
                    "visible": true
                },
                "foreground_mono": {
                    "enabled": true,
                    "type": "boolean",
                    "value": false,
                    "visible": true
                },
                "highlight": {
                    "alpha": 1,
                    "blue": 0.8313725590705872,
                    "enabled": true,
                    "green": 0.8156862854957581,
                    "red": 0.7843137383460999,
                    "type": "color",
                    "visible": true
                },
                "highlightLight": {
                    "alpha": 1,
                    "blue": 0.41934844851493835,
                    "enabled": true,
                    "green": 0.3968261182308197,
                    "red": 0.41934844851493835,
                    "type": "color",
                    "visible": true
                },
                "highlightLight_mono": {
                    "enabled": true,
                    "type": "boolean",
                    "value": false,
                    "visible": true
                },
                "highlight_mono": {
                    "enabled": true,
                    "type": "boolean",
                    "value": false,
                    "visible": true
                },
                "id": {
                    "enabled": true,
                    "type": "uuid",
                    "value": "{3ee2ff57-ee6a-4f04-a709-a240bcad3c1a}",
                    "visible": true
                },
                "name": {
                    "enabled": true,
                    "type": "text",
                    "value": "BlueScheme",
                    "visible": true
                },
                "shadow": {
                    "alpha": 1,
                    "blue": 0,
                    "enabled": true,
                    "green": 0,
                    "red": 0,
                    "type": "color",
                    "visible": true
                },
                "shadowDark": {
                    "alpha": 1,
                    "blue": 0.41934844851493835,
                    "enabled": true,
                    "green": 0.3968261182308197,
                    "red": 0.41934844851493835,
                    "type": "color",
                    "visible": true
                },
                "shadowDark_mono": {
                    "enabled": true,
                    "type": "boolean",
                    "value": false,
                    "visible": true
                },
                "shadow_mono": {
                    "enabled": true,
                    "type": "boolean",
                    "value": false,
                    "visible": true
                },
                "text": {
                    "alpha": 1,
                    "blue": 0,
                    "enabled": true,
                    "green": 0,
                    "red": 0,
                    "type": "color",
                    "visible": true
                },
                "textDisabled": {
                    "alpha": 1,
                    "blue": 0.5803921818733215,
                    "enabled": true,
                    "green": 0.572549045085907,
                    "red": 0.5490196347236633,
                    "type": "color",
                    "visible": true
                },
                "textDisabled_mono": {
                    "enabled": true,
                    "type": "boolean",
                    "value": false,
                    "visible": true
                },
                "textHighlight": {
                    "alpha": 1,
                    "blue": 1,
                    "enabled": true,
                    "green": 0,
                    "red": 0,
                    "type": "color",
                    "visible": true
                },
                "textHighlightText": {
                    "alpha": 1,
                    "blue": 1,
                    "enabled": true,
                    "green": 1,
                    "red": 1,
                    "type": "color",
                    "visible": true
                },
                "textHighlightText_mono": {
                    "enabled": true,
                    "type": "boolean",
                    "value": false,
                    "visible": true
                },
                "textHighlight_mono": {
                    "enabled": true,
                    "type": "boolean",
                    "value": false,
                    "visible": true
                },
                "textInactive": {
                    "alpha": 1,
                    "blue": 0.9058823585510254,
                    "enabled": true,
                    "green": 0.8901960849761963,
                    "red": 0.8392156958580017,
                    "type": "color",
                    "visible": true
                },
                "textInactive_mono": {
                    "enabled": true,
                    "type": "boolean",
                    "value": false,
                    "visible": true
                },
                "text_mono": {
                    "enabled": true,
                    "type": "boolean",
                    "value": false,
                    "visible": true
                }
            }
        },
        {
            "backgroundTable": {
                "background": false,
                "backgroundDisabled": false,
                "backgroundInactive": false,
                "base": false,
                "foreground": false,
                "foregroundDisabled": false,
                "foregroundInactive": false,
                "highlight": false,
                "highlightLight": false,
                "shadow": false,
                "shadowDark": false,
                "text": false,
                "textDisabled": false,
                "textHighlight": false,
                "textHighlightText": false,
                "textInactive": false
            },
            "foregroundTable": {
                "background": false,
                "backgroundDisabled": false,
                "backgroundInactive": false,
                "base": false,
                "foreground": false,
                "foregroundDisabled": false,
                "foregroundInactive": false,
                "highlight": false,
                "highlightLight": false,
                "shadow": false,
                "shadowDark": false,
                "text": false,
                "textDisabled": false,
                "textHighlight": false,
                "textHighlightText": false,
                "textInactive": false
            },
            "properties": {
                "__categories": [
                    {
                        "expanded": true,
                        "id": "Scheme",
                        "visible": true
                    },
                    {
                        "expanded": true,
                        "id": "Color Table",
                        "visible": true
                    },
                    {
                        "expanded": true,
                        "id": "Monochrome Table",
                        "visible": false
                    }
                ],
                "__groups": [
                ],
                "background": {
                    "alpha": 1,
                    "blue": 1,
                    "enabled": true,
                    "green": 1,
                    "red": 1,
                    "type": "color",
                    "visible": true
                },
                "backgroundDisabled": {
                    "alpha": 1,
                    "blue": 0.8313725590705872,
                    "enabled": true,
                    "green": 0.8156862854957581,
                    "red": 0.7843137383460999,
                    "type": "color",
                    "visible": true
                },
                "backgroundDisabled_mono": {
                    "enabled": true,
                    "type": "boolean",
                    "value": false,
                    "visible": true
                },
                "backgroundInactive": {
                    "alpha": 1,
                    "blue": 0.9058823585510254,
                    "enabled": true,
                    "green": 0.8901960849761963,
                    "red": 0.8392156958580017,
                    "type": "color",
                    "visible": true
                },
                "backgroundInactive_mono": {
                    "enabled": true,
                    "type": "boolean",
                    "value": false,
                    "visible": true
                },
                "background_mono": {
                    "enabled": true,
                    "type": "boolean",
                    "value": false,
                    "visible": true
                },
                "base": {
                    "alpha": 1,
                    "blue": 0.5161364078521729,
                    "enabled": true,
                    "green": 1,
                    "red": 1,
                    "type": "color",
                    "visible": true
                },
                "base_mono": {
                    "enabled": true,
                    "type": "boolean",
                    "value": false,
                    "visible": true
                },
                "colorMode": {
                    "enabled": true,
                    "type": "combo",
                    "value": 3,
                    "visible": true
                },
                "foreground": {
                    "alpha": 1,
                    "blue": 0,
                    "enabled": true,
                    "green": 0,
                    "red": 0,
                    "type": "color",
                    "visible": true
                },
                "foregroundDisabled": {
                    "alpha": 1,
                    "blue": 0.501960813999176,
                    "enabled": true,
                    "green": 0.501960813999176,
                    "red": 0.501960813999176,
                    "type": "color",
                    "visible": true
                },
                "foregroundDisabled_mono": {
                    "enabled": true,
                    "type": "boolean",
                    "value": false,
                    "visible": true
                },
                "foregroundInactive": {
                    "alpha": 1,
                    "blue": 0.9058823585510254,
                    "enabled": true,
                    "green": 0.8901960849761963,
                    "red": 0.8392156958580017,
                    "type": "color",
                    "visible": true
                },
                "foregroundInactive_mono": {
                    "enabled": true,
                    "type": "boolean",
                    "value": false,
                    "visible": true
                },
                "foreground_mono": {
                    "enabled": true,
                    "type": "boolean",
                    "value": false,
                    "visible": true
                },
                "highlight": {
                    "alpha": 1,
                    "blue": 0.8313725590705872,
                    "enabled": true,
                    "green": 0.8156862854957581,
                    "red": 0.7843137383460999,
                    "type": "color",
                    "visible": true
                },
                "highlightLight": {
                    "alpha": 1,
                    "blue": 1,
                    "enabled": true,
                    "green": 0,
                    "red": 1,
                    "type": "color",
                    "visible": true
                },
                "highlightLight_mono": {
                    "enabled": true,
                    "type": "boolean",
                    "value": false,
                    "visible": true
                },
                "highlight_mono": {
                    "enabled": true,
                    "type": "boolean",
                    "value": false,
                    "visible": true
                },
                "id": {
                    "enabled": true,
                    "type": "uuid",
                    "value": "{500007a2-fc75-4a30-bc15-897ed05e2f60}",
                    "visible": true
                },
                "name": {
                    "enabled": true,
                    "type": "text",
                    "value": "YellowScheme",
                    "visible": true
                },
                "shadow": {
                    "alpha": 1,
                    "blue": 0,
                    "enabled": true,
                    "green": 0.5079423189163208,
                    "red": 1,
                    "type": "color",
                    "visible": true
                },
                "shadowDark": {
                    "alpha": 1,
                    "blue": 1,
                    "enabled": true,
                    "green": 1,
                    "red": 0,
                    "type": "color",
                    "visible": true
                },
                "shadowDark_mono": {
                    "enabled": true,
                    "type": "boolean",
                    "value": false,
                    "visible": true
                },
                "shadow_mono": {
                    "enabled": true,
                    "type": "boolean",
                    "value": false,
                    "visible": true
                },
                "text": {
                    "alpha": 1,
                    "blue": 0,
                    "enabled": true,
                    "green": 0,
                    "red": 0,
                    "type": "color",
                    "visible": true
                },
                "textDisabled": {
                    "alpha": 1,
                    "blue": 0.5803921818733215,
                    "enabled": true,
                    "green": 0.572549045085907,
                    "red": 0.5490196347236633,
                    "type": "color",
                    "visible": true
                },
                "textDisabled_mono": {
                    "enabled": true,
                    "type": "boolean",
                    "value": false,
                    "visible": true
                },
                "textHighlight": {
                    "alpha": 1,
                    "blue": 1,
                    "enabled": true,
                    "green": 0,
                    "red": 0,
                    "type": "color",
                    "visible": true
                },
                "textHighlightText": {
                    "alpha": 1,
                    "blue": 1,
                    "enabled": true,
                    "green": 1,
                    "red": 1,
                    "type": "color",
                    "visible": true
                },
                "textHighlightText_mono": {
                    "enabled": true,
                    "type": "boolean",
                    "value": false,
                    "visible": true
                },
                "textHighlight_mono": {
                    "enabled": true,
                    "type": "boolean",
                    "value": false,
                    "visible": true
                },
                "textInactive": {
                    "alpha": 1,
                    "blue": 0.9058823585510254,
                    "enabled": true,
                    "green": 0.8901960849761963,
                    "red": 0.8392156958580017,
                    "type": "color",
                    "visible": true
                },
                "textInactive_mono": {
                    "enabled": true,
                    "type": "boolean",
                    "value": false,
                    "visible": true
                },
                "text_mono": {
                    "enabled": true,
                    "type": "boolean",
                    "value": false,
                    "visible": true
                }
            }
        },
        {
            "backgroundTable": {
                "background": false,
                "backgroundDisabled": false,
                "backgroundInactive": false,
                "base": false,
                "foreground": false,
                "foregroundDisabled": false,
                "foregroundInactive": false,
                "highlight": false,
                "highlightLight": false,
                "shadow": false,
                "shadowDark": false,
                "text": false,
                "textDisabled": false,
                "textHighlight": false,
                "textHighlightText": false,
                "textInactive": false
            },
            "foregroundTable": {
                "background": false,
                "backgroundDisabled": false,
                "backgroundInactive": false,
                "base": false,
                "foreground": false,
                "foregroundDisabled": false,
                "foregroundInactive": false,
                "highlight": false,
                "highlightLight": false,
                "shadow": false,
                "shadowDark": false,
                "text": false,
                "textDisabled": false,
                "textHighlight": false,
                "textHighlightText": false,
                "textInactive": false
            },
            "properties": {
                "__categories": [
                    {
                        "expanded": true,
                        "id": "Scheme",
                        "visible": true
                    },
                    {
                        "expanded": true,
                        "id": "Color Table",
                        "visible": true
                    },
                    {
                        "expanded": true,
                        "id": "Monochrome Table",
                        "visible": false
                    }
                ],
                "__groups": [
                ],
                "background": {
                    "alpha": 1,
                    "blue": 1,
                    "enabled": true,
                    "green": 1,
                    "red": 1,
                    "type": "color",
                    "visible": true
                },
                "backgroundDisabled": {
                    "alpha": 1,
                    "blue": 0.8313725590705872,
                    "enabled": true,
                    "green": 0.8156862854957581,
                    "red": 0.7843137383460999,
                    "type": "color",
                    "visible": true
                },
                "backgroundDisabled_mono": {
                    "enabled": true,
                    "type": "boolean",
                    "value": false,
                    "visible": true
                },
                "backgroundInactive": {
                    "alpha": 1,
                    "blue": 0.9058823585510254,
                    "enabled": true,
                    "green": 0.8901960849761963,
                    "red": 0.8392156958580017,
                    "type": "color",
                    "visible": true
                },
                "backgroundInactive_mono": {
                    "enabled": true,
                    "type": "boolean",
                    "value": false,
                    "visible": true
                },
                "background_mono": {
                    "enabled": true,
                    "type": "boolean",
                    "value": false,
                    "visible": true
                },
                "base": {
                    "alpha": 1,
                    "blue": 0.5161364078521729,
                    "enabled": true,
                    "green": 0.7460288405418396,
                    "red": 1,
                    "type": "color",
                    "visible": true
                },
                "base_mono": {
                    "enabled": true,
                    "type": "boolean",
                    "value": false,
                    "visible": true
                },
                "colorMode": {
                    "enabled": true,
                    "type": "combo",
                    "value": 3,
                    "visible": true
                },
                "foreground": {
                    "alpha": 1,
                    "blue": 0,
                    "enabled": true,
                    "green": 0,
                    "red": 0,
                    "type": "color",
                    "visible": true
                },
                "foregroundDisabled": {
                    "alpha": 1,
                    "blue": 0.501960813999176,
                    "enabled": true,
                    "green": 0.501960813999176,
                    "red": 0.501960813999176,
                    "type": "color",
                    "visible": true
                },
                "foregroundDisabled_mono": {
                    "enabled": true,
                    "type": "boolean",
                    "value": false,
                    "visible": true
                },
                "foregroundInactive": {
                    "alpha": 1,
                    "blue": 0.9058823585510254,
                    "enabled": true,
                    "green": 0.8901960849761963,
                    "red": 0.8392156958580017,
                    "type": "color",
                    "visible": true
                },
                "foregroundInactive_mono": {
                    "enabled": true,
                    "type": "boolean",
                    "value": false,
                    "visible": true
                },
                "foreground_mono": {
                    "enabled": true,
                    "type": "boolean",
                    "value": false,
                    "visible": true
                },
                "highlight": {
                    "alpha": 1,
                    "blue": 0.8313725590705872,
                    "enabled": true,
                    "green": 0.8156862854957581,
                    "red": 0.7843137383460999,
                    "type": "color",
                    "visible": true
                },
                "highlightLight": {
                    "alpha": 1,
                    "blue": 1,
                    "enabled": true,
                    "green": 1,
                    "red": 1,
                    "type": "color",
                    "visible": true
                },
                "highlightLight_mono": {
                    "enabled": true,
                    "type": "boolean",
                    "value": false,
                    "visible": true
                },
                "highlight_mono": {
                    "enabled": true,
                    "type": "boolean",
                    "value": false,
                    "visible": true
                },
                "id": {
                    "enabled": true,
                    "type": "uuid",
                    "value": "{59216ca0-c530-4089-8e92-e77fc654b6d8}",
                    "visible": true
                },
                "name": {
                    "enabled": true,
                    "type": "text",
                    "value": "OrangeScheme",
                    "visible": true
                },
                "shadow": {
                    "alpha": 1,
                    "blue": 0.501960813999176,
                    "enabled": true,
                    "green": 0.501960813999176,
                    "red": 0.501960813999176,
                    "type": "color",
                    "visible": true
                },
                "shadowDark": {
                    "alpha": 1,
                    "blue": 0.250980406999588,
                    "enabled": true,
                    "green": 0.250980406999588,
                    "red": 0.250980406999588,
                    "type": "color",
                    "visible": true
                },
                "shadowDark_mono": {
                    "enabled": true,
                    "type": "boolean",
                    "value": false,
                    "visible": true
                },
                "shadow_mono": {
                    "enabled": true,
                    "type": "boolean",
                    "value": false,
                    "visible": true
                },
                "text": {
                    "alpha": 1,
                    "blue": 0,
                    "enabled": true,
                    "green": 0,
                    "red": 0,
                    "type": "color",
                    "visible": true
                },
                "textDisabled": {
                    "alpha": 1,
                    "blue": 0.5803921818733215,
                    "enabled": true,
                    "green": 0.572549045085907,
                    "red": 0.5490196347236633,
                    "type": "color",
                    "visible": true
                },
                "textDisabled_mono": {
                    "enabled": true,
                    "type": "boolean",
                    "value": false,
                    "visible": true
                },
                "textHighlight": {
                    "alpha": 1,
                    "blue": 1,
                    "enabled": true,
                    "green": 0,
                    "red": 0,
                    "type": "color",
                    "visible": true
                },
                "textHighlightText": {
                    "alpha": 1,
                    "blue": 1,
                    "enabled": true,
                    "green": 1,
                    "red": 1,
                    "type": "color",
                    "visible": true
                },
                "textHighlightText_mono": {
                    "enabled": true,
                    "type": "boolean",
                    "value": false,
                    "visible": true
                },
                "textHighlight_mono": {
                    "enabled": true,
                    "type": "boolean",
                    "value": false,
                    "visible": true
                },
                "textInactive": {
                    "alpha": 1,
                    "blue": 0.9058823585510254,
                    "enabled": true,
                    "green": 0.8901960849761963,
                    "red": 0.8392156958580017,
                    "type": "color",
                    "visible": true
                },
                "textInactive_mono": {
                    "enabled": true,
                    "type": "boolean",
                    "value": false,
                    "visible": true
                },
                "text_mono": {
                    "enabled": true,
                    "type": "boolean",
                    "value": false,
                    "visible": true
                }
            }
        }
    ],
    "userDefault": "{00000000-0000-0000-0000-000000000000}"
}
