{
    "bindings": [
        {
            "font": "{6605fc56-fc6a-4b39-8b62-8e755e89597e}",
            "language": "{7c099835-0312-486d-b280-f4278cdde5b7}",
            "string": "{36d8cdcd-3363-4f46-8822-e009ea06472a}"
        }
    ],
    "defaultLanguage": "{7c099835-0312-486d-b280-f4278cdde5b7}",
    "encoding": "ASCII",
    "languages": [
        {
            "properties": {
                "__categories": [
                ],
                "__groups": [
                ],
                "enabled": {
                    "enabled": true,
                    "type": "boolean",
                    "value": true,
                    "visible": true
                },
                "id": {
                    "enabled": true,
                    "type": "uuid",
                    "value": "{7c099835-0312-486d-b280-f4278cdde5b7}",
                    "visible": true
                },
                "name": {
                    "enabled": true,
                    "type": "text",
                    "value": "Default",
                    "visible": true
                }
            }
        }
    ],
    "paths": [
    ],
    "strings": [
        {
            "properties": {
                "__categories": [
                ],
                "__groups": [
                ],
                "description": {
                    "enabled": true,
                    "type": "text",
                    "value": "",
                    "visible": true
                },
                "id": {
                    "enabled": true,
                    "type": "uuid",
                    "value": "{36d8cdcd-3363-4f46-8822-e009ea06472a}",
                    "visible": true
                },
                "name": {
                    "enabled": true,
                    "type": "text",
                    "value": "panel",
                    "visible": true
                },
                "path": {
                    "enabled": true,
                    "type": "text",
                    "value": "/",
                    "visible": true
                }
            },
            "values": [
                {
                    "language": "{7c099835-0312-486d-b280-f4278cdde5b7}",
                    "value": "Panel colour"
                }
            ]
        }
    ]
}
