{
    "0": {
        "advance": 10,
        "bearingX": 0,
        "bearingY": 13,
        "codePoint": 48,
        "height": 13,
        "width": 10
    },
    "1": {
        "advance": 10,
        "bearingX": 1,
        "bearingY": 13,
        "codePoint": 49,
        "height": 13,
        "width": 6
    },
    "2": {
        "advance": 10,
        "bearingX": 0,
        "bearingY": 13,
        "codePoint": 50,
        "height": 13,
        "width": 10
    },
    "3": {
        "advance": 10,
        "bearingX": 0,
        "bearingY": 13,
        "codePoint": 51,
        "height": 13,
        "width": 10
    },
    "4": {
        "advance": 10,
        "bearingX": 0,
        "bearingY": 13,
        "codePoint": 52,
        "height": 13,
        "width": 10
    },
    "5": {
        "advance": 10,
        "bearingX": 1,
        "bearingY": 13,
        "codePoint": 53,
        "height": 13,
        "width": 9
    },
    "6": {
        "advance": 10,
        "bearingX": 0,
        "bearingY": 13,
        "codePoint": 54,
        "height": 13,
        "width": 10
    },
    "7": {
        "advance": 10,
        "bearingX": 0,
        "bearingY": 13,
        "codePoint": 55,
        "height": 13,
        "width": 10
    },
    "8": {
        "advance": 10,
        "bearingX": 0,
        "bearingY": 13,
        "codePoint": 56,
        "height": 13,
        "width": 10
    },
    "9": {
        "advance": 10,
        "bearingX": 0,
        "bearingY": 13,
        "codePoint": 57,
        "height": 13,
        "width": 10
    }
}
