{
    "images": [
        {
            "id": "{541a6522-2f73-4dd5-9384-a1fc840020f6}",
            "name": "mchpLogo_small",
            "type": "RGB"
        },
        {
            "id": "{98332278-351f-4d76-9de5-857f9592f7b2}",
            "name": "MGS_40h",
            "type": "RGB"
        },
        {
            "id": "{6cf4b420-8a8c-401c-8b79-cdc3df1127ca}",
            "name": "BackspaceKey",
            "type": "RGB"
        },
        {
            "id": "{f5835706-78bd-4fd3-bcf0-d96eb27f6926}",
            "name": "BackspaceKeyPressed",
            "type": "RGB"
        },
        {
            "id": "{af1383b8-470f-4244-92f3-1144f68a1237}",
            "name": "EnterKey",
            "type": "RGB"
        },
        {
            "id": "{42499e32-de7a-4ad5-b6e2-73e2b325440f}",
            "name": "EnterKeyPressed",
            "type": "RGB"
        },
        {
            "id": "{14c6e47c-5f1d-4eb9-b67f-178724df17ed}",
            "name": "Key",
            "type": "RGB"
        },
        {
            "id": "{e14c7751-df33-447f-8649-50923e4dbd45}",
            "name": "KeyPressed",
            "type": "RGB"
        },
        {
            "id": "{cd808d06-6c9c-432f-88db-c658ea23c5d8}",
            "name": "ShiftKey",
            "type": "RGB"
        },
        {
            "id": "{262e508e-b669-4e90-bd80-09595d739bf7}",
            "name": "ShiftKeyPressed",
            "type": "RGB"
        },
        {
            "id": "{74d019bd-0400-4832-8170-219399ea8f7f}",
            "name": "spacekey",
            "type": "RGB"
        },
        {
            "id": "{ef269955-ec40-43b6-9fa3-a57805f82ddb}",
            "name": "spacekeypressed",
            "type": "RGB"
        }
    ],
    "paths": [
    ]
}
