{
    "bindings": [
        {
            "font": "{9642b92f-2125-446f-a21b-e1a4c9a3771c}",
            "language": "{fcfe3ff4-f230-448f-9078-4599da2911d5}",
            "string": "{1061f7ef-b900-4a24-bb6c-7f189ff2228b}"
        },
        {
            "font": "{9642b92f-2125-446f-a21b-e1a4c9a3771c}",
            "language": "{fcfe3ff4-f230-448f-9078-4599da2911d5}",
            "string": "{14076fe1-70c3-4adf-8ab6-3b3ba5234a5a}"
        },
        {
            "font": "{0a15d2c9-38fe-4973-9faa-b8ff28ab160d}",
            "language": "{fcfe3ff4-f230-448f-9078-4599da2911d5}",
            "string": "{143effaf-2d5e-45ae-9ec3-57e2f8288b53}"
        },
        {
            "font": "{9642b92f-2125-446f-a21b-e1a4c9a3771c}",
            "language": "{fcfe3ff4-f230-448f-9078-4599da2911d5}",
            "string": "{19364ad9-246d-4cb6-ae54-72ed27f63836}"
        },
        {
            "font": "{9642b92f-2125-446f-a21b-e1a4c9a3771c}",
            "language": "{fcfe3ff4-f230-448f-9078-4599da2911d5}",
            "string": "{23995dfe-c200-4c80-9695-e3dccd293b04}"
        },
        {
            "font": "{9642b92f-2125-446f-a21b-e1a4c9a3771c}",
            "language": "{fcfe3ff4-f230-448f-9078-4599da2911d5}",
            "string": "{35022f6d-40ee-44da-98cb-967b334e61c2}"
        },
        {
            "font": "{0a15d2c9-38fe-4973-9faa-b8ff28ab160d}",
            "language": "{fcfe3ff4-f230-448f-9078-4599da2911d5}",
            "string": "{3985f023-5860-491b-9e71-b4e1948df585}"
        },
        {
            "font": "{9642b92f-2125-446f-a21b-e1a4c9a3771c}",
            "language": "{fcfe3ff4-f230-448f-9078-4599da2911d5}",
            "string": "{3f0c334f-ade6-423a-9375-d7de3816e84d}"
        },
        {
            "font": "{0a15d2c9-38fe-4973-9faa-b8ff28ab160d}",
            "language": "{fcfe3ff4-f230-448f-9078-4599da2911d5}",
            "string": "{77bfb31b-a86a-4b0f-a1f1-3f511147fba4}"
        },
        {
            "font": "{9642b92f-2125-446f-a21b-e1a4c9a3771c}",
            "language": "{fcfe3ff4-f230-448f-9078-4599da2911d5}",
            "string": "{78d8c723-46b2-407d-b54f-5a4bceba1955}"
        },
        {
            "font": "{9642b92f-2125-446f-a21b-e1a4c9a3771c}",
            "language": "{fcfe3ff4-f230-448f-9078-4599da2911d5}",
            "string": "{888c4ed7-27be-46b4-b6ff-08a423d530ea}"
        },
        {
            "font": "{9642b92f-2125-446f-a21b-e1a4c9a3771c}",
            "language": "{fcfe3ff4-f230-448f-9078-4599da2911d5}",
            "string": "{8d8120ef-a1e9-4d33-9b03-911938dbf1be}"
        },
        {
            "font": "{9642b92f-2125-446f-a21b-e1a4c9a3771c}",
            "language": "{fcfe3ff4-f230-448f-9078-4599da2911d5}",
            "string": "{9c02bf5e-3a44-488f-991d-8484c8347122}"
        },
        {
            "font": "{9642b92f-2125-446f-a21b-e1a4c9a3771c}",
            "language": "{fcfe3ff4-f230-448f-9078-4599da2911d5}",
            "string": "{9ec81d3b-cd9b-400b-84ed-b47407982251}"
        },
        {
            "font": "{9642b92f-2125-446f-a21b-e1a4c9a3771c}",
            "language": "{fcfe3ff4-f230-448f-9078-4599da2911d5}",
            "string": "{a08fec27-80be-4b2e-b9f3-09aa3309e89f}"
        },
        {
            "font": "{0a15d2c9-38fe-4973-9faa-b8ff28ab160d}",
            "language": "{fcfe3ff4-f230-448f-9078-4599da2911d5}",
            "string": "{a9930d47-c47a-45e2-bdb4-5e3759069da9}"
        },
        {
            "font": "{9642b92f-2125-446f-a21b-e1a4c9a3771c}",
            "language": "{fcfe3ff4-f230-448f-9078-4599da2911d5}",
            "string": "{c2e9d54e-bbae-4396-81fa-c6831a3aae2c}"
        },
        {
            "font": "{0a15d2c9-38fe-4973-9faa-b8ff28ab160d}",
            "language": "{fcfe3ff4-f230-448f-9078-4599da2911d5}",
            "string": "{c36ffa3c-8028-466a-9388-0d33923eb710}"
        },
        {
            "font": "{9642b92f-2125-446f-a21b-e1a4c9a3771c}",
            "language": "{fcfe3ff4-f230-448f-9078-4599da2911d5}",
            "string": "{de8e13a7-a8f1-4ce4-adb4-e442704f976f}"
        },
        {
            "font": "{9642b92f-2125-446f-a21b-e1a4c9a3771c}",
            "language": "{fcfe3ff4-f230-448f-9078-4599da2911d5}",
            "string": "{e56d6950-6e98-4acb-b4d6-9a7b357d964c}"
        },
        {
            "font": "{0a15d2c9-38fe-4973-9faa-b8ff28ab160d}",
            "language": "{fcfe3ff4-f230-448f-9078-4599da2911d5}",
            "string": "{e87e3223-5728-4e47-8a70-0dc394472c79}"
        },
        {
            "font": "{9642b92f-2125-446f-a21b-e1a4c9a3771c}",
            "language": "{fcfe3ff4-f230-448f-9078-4599da2911d5}",
            "string": "{fab61ec5-6f63-4724-9bf2-cf2d4355238f}"
        }
    ],
    "defaultLanguage": "{fcfe3ff4-f230-448f-9078-4599da2911d5}",
    "encoding": "ASCII",
    "languages": [
        {
            "properties": {
                "__categories": [
                ],
                "__groups": [
                ],
                "enabled": {
                    "enabled": true,
                    "type": "boolean",
                    "value": true,
                    "visible": true
                },
                "id": {
                    "enabled": true,
                    "type": "uuid",
                    "value": "{fcfe3ff4-f230-448f-9078-4599da2911d5}",
                    "visible": true
                },
                "name": {
                    "enabled": true,
                    "type": "text",
                    "value": "English",
                    "visible": true
                }
            }
        }
    ],
    "paths": [
    ],
    "strings": [
        {
            "properties": {
                "__categories": [
                ],
                "__groups": [
                ],
                "description": {
                    "enabled": true,
                    "type": "text",
                    "value": "",
                    "visible": true
                },
                "id": {
                    "enabled": true,
                    "type": "uuid",
                    "value": "{1061f7ef-b900-4a24-bb6c-7f189ff2228b}",
                    "visible": true
                },
                "name": {
                    "enabled": true,
                    "type": "text",
                    "value": "String_star",
                    "visible": true
                },
                "path": {
                    "enabled": true,
                    "type": "text",
                    "value": "/",
                    "visible": true
                }
            },
            "values": [
                {
                    "language": "{fcfe3ff4-f230-448f-9078-4599da2911d5}",
                    "value": "*"
                }
            ]
        },
        {
            "properties": {
                "__categories": [
                ],
                "__groups": [
                ],
                "description": {
                    "enabled": true,
                    "type": "text",
                    "value": "",
                    "visible": true
                },
                "id": {
                    "enabled": true,
                    "type": "uuid",
                    "value": "{14076fe1-70c3-4adf-8ab6-3b3ba5234a5a}",
                    "visible": true
                },
                "name": {
                    "enabled": true,
                    "type": "text",
                    "value": "String_4",
                    "visible": true
                },
                "path": {
                    "enabled": true,
                    "type": "text",
                    "value": "/",
                    "visible": true
                }
            },
            "values": [
                {
                    "language": "{fcfe3ff4-f230-448f-9078-4599da2911d5}",
                    "value": "4"
                }
            ]
        },
        {
            "properties": {
                "__categories": [
                ],
                "__groups": [
                ],
                "description": {
                    "enabled": true,
                    "type": "text",
                    "value": "",
                    "visible": true
                },
                "id": {
                    "enabled": true,
                    "type": "uuid",
                    "value": "{143effaf-2d5e-45ae-9ec3-57e2f8288b53}",
                    "visible": true
                },
                "name": {
                    "enabled": true,
                    "type": "text",
                    "value": "StrOK",
                    "visible": true
                },
                "path": {
                    "enabled": true,
                    "type": "text",
                    "value": "/",
                    "visible": true
                }
            },
            "values": [
                {
                    "language": "{fcfe3ff4-f230-448f-9078-4599da2911d5}",
                    "value": "OK"
                }
            ]
        },
        {
            "properties": {
                "__categories": [
                ],
                "__groups": [
                ],
                "description": {
                    "enabled": true,
                    "type": "text",
                    "value": "",
                    "visible": true
                },
                "id": {
                    "enabled": true,
                    "type": "uuid",
                    "value": "{19364ad9-246d-4cb6-ae54-72ed27f63836}",
                    "visible": true
                },
                "name": {
                    "enabled": true,
                    "type": "text",
                    "value": "String_5",
                    "visible": true
                },
                "path": {
                    "enabled": true,
                    "type": "text",
                    "value": "/",
                    "visible": true
                }
            },
            "values": [
                {
                    "language": "{fcfe3ff4-f230-448f-9078-4599da2911d5}",
                    "value": "5"
                }
            ]
        },
        {
            "properties": {
                "__categories": [
                ],
                "__groups": [
                ],
                "description": {
                    "enabled": true,
                    "type": "text",
                    "value": "",
                    "visible": true
                },
                "id": {
                    "enabled": true,
                    "type": "uuid",
                    "value": "{23995dfe-c200-4c80-9695-e3dccd293b04}",
                    "visible": true
                },
                "name": {
                    "enabled": true,
                    "type": "text",
                    "value": "Smart",
                    "visible": true
                },
                "path": {
                    "enabled": true,
                    "type": "text",
                    "value": "/",
                    "visible": true
                }
            },
            "values": [
                {
                    "language": "{fcfe3ff4-f230-448f-9078-4599da2911d5}",
                    "value": "Smart."
                }
            ]
        },
        {
            "properties": {
                "__categories": [
                ],
                "__groups": [
                ],
                "description": {
                    "enabled": true,
                    "type": "text",
                    "value": "",
                    "visible": true
                },
                "id": {
                    "enabled": true,
                    "type": "uuid",
                    "value": "{35022f6d-40ee-44da-98cb-967b334e61c2}",
                    "visible": true
                },
                "name": {
                    "enabled": true,
                    "type": "text",
                    "value": "String_0",
                    "visible": true
                },
                "path": {
                    "enabled": true,
                    "type": "text",
                    "value": "/",
                    "visible": true
                }
            },
            "values": [
                {
                    "language": "{fcfe3ff4-f230-448f-9078-4599da2911d5}",
                    "value": "0"
                }
            ]
        },
        {
            "properties": {
                "__categories": [
                ],
                "__groups": [
                ],
                "description": {
                    "enabled": true,
                    "type": "text",
                    "value": "",
                    "visible": true
                },
                "id": {
                    "enabled": true,
                    "type": "uuid",
                    "value": "{3985f023-5860-491b-9e71-b4e1948df585}",
                    "visible": true
                },
                "name": {
                    "enabled": true,
                    "type": "text",
                    "value": "StrClear",
                    "visible": true
                },
                "path": {
                    "enabled": true,
                    "type": "text",
                    "value": "/",
                    "visible": true
                }
            },
            "values": [
                {
                    "language": "{fcfe3ff4-f230-448f-9078-4599da2911d5}",
                    "value": "Clear"
                }
            ]
        },
        {
            "properties": {
                "__categories": [
                ],
                "__groups": [
                ],
                "description": {
                    "enabled": true,
                    "type": "text",
                    "value": "",
                    "visible": true
                },
                "id": {
                    "enabled": true,
                    "type": "uuid",
                    "value": "{3f0c334f-ade6-423a-9375-d7de3816e84d}",
                    "visible": true
                },
                "name": {
                    "enabled": true,
                    "type": "text",
                    "value": "Fast",
                    "visible": true
                },
                "path": {
                    "enabled": true,
                    "type": "text",
                    "value": "/",
                    "visible": true
                }
            },
            "values": [
                {
                    "language": "{fcfe3ff4-f230-448f-9078-4599da2911d5}",
                    "value": "Fast."
                }
            ]
        },
        {
            "properties": {
                "__categories": [
                ],
                "__groups": [
                ],
                "description": {
                    "enabled": true,
                    "type": "text",
                    "value": "",
                    "visible": true
                },
                "id": {
                    "enabled": true,
                    "type": "uuid",
                    "value": "{77bfb31b-a86a-4b0f-a1f1-3f511147fba4}",
                    "visible": true
                },
                "name": {
                    "enabled": true,
                    "type": "text",
                    "value": "NumDefault",
                    "visible": true
                },
                "path": {
                    "enabled": true,
                    "type": "text",
                    "value": "/",
                    "visible": true
                }
            },
            "values": [
                {
                    "language": "{fcfe3ff4-f230-448f-9078-4599da2911d5}",
                    "value": "Touch to Enter Code"
                }
            ]
        },
        {
            "properties": {
                "__categories": [
                ],
                "__groups": [
                ],
                "description": {
                    "enabled": true,
                    "type": "text",
                    "value": "",
                    "visible": true
                },
                "id": {
                    "enabled": true,
                    "type": "uuid",
                    "value": "{78d8c723-46b2-407d-b54f-5a4bceba1955}",
                    "visible": true
                },
                "name": {
                    "enabled": true,
                    "type": "text",
                    "value": "String_1",
                    "visible": true
                },
                "path": {
                    "enabled": true,
                    "type": "text",
                    "value": "/",
                    "visible": true
                }
            },
            "values": [
                {
                    "language": "{fcfe3ff4-f230-448f-9078-4599da2911d5}",
                    "value": "1"
                }
            ]
        },
        {
            "properties": {
                "__categories": [
                ],
                "__groups": [
                ],
                "description": {
                    "enabled": true,
                    "type": "text",
                    "value": "",
                    "visible": true
                },
                "id": {
                    "enabled": true,
                    "type": "uuid",
                    "value": "{888c4ed7-27be-46b4-b6ff-08a423d530ea}",
                    "visible": true
                },
                "name": {
                    "enabled": true,
                    "type": "text",
                    "value": "String_3",
                    "visible": true
                },
                "path": {
                    "enabled": true,
                    "type": "text",
                    "value": "/",
                    "visible": true
                }
            },
            "values": [
                {
                    "language": "{fcfe3ff4-f230-448f-9078-4599da2911d5}",
                    "value": "3"
                }
            ]
        },
        {
            "properties": {
                "__categories": [
                ],
                "__groups": [
                ],
                "description": {
                    "enabled": true,
                    "type": "text",
                    "value": "",
                    "visible": true
                },
                "id": {
                    "enabled": true,
                    "type": "uuid",
                    "value": "{8d8120ef-a1e9-4d33-9b03-911938dbf1be}",
                    "visible": true
                },
                "name": {
                    "enabled": true,
                    "type": "text",
                    "value": "Str1",
                    "visible": true
                },
                "path": {
                    "enabled": true,
                    "type": "text",
                    "value": "/",
                    "visible": true
                }
            },
            "values": [
                {
                    "language": "{fcfe3ff4-f230-448f-9078-4599da2911d5}",
                    "value": "1"
                }
            ]
        },
        {
            "properties": {
                "__categories": [
                ],
                "__groups": [
                ],
                "description": {
                    "enabled": true,
                    "type": "text",
                    "value": "",
                    "visible": true
                },
                "id": {
                    "enabled": true,
                    "type": "uuid",
                    "value": "{9c02bf5e-3a44-488f-991d-8484c8347122}",
                    "visible": true
                },
                "name": {
                    "enabled": true,
                    "type": "text",
                    "value": "String_7",
                    "visible": true
                },
                "path": {
                    "enabled": true,
                    "type": "text",
                    "value": "/",
                    "visible": true
                }
            },
            "values": [
                {
                    "language": "{fcfe3ff4-f230-448f-9078-4599da2911d5}",
                    "value": "7"
                }
            ]
        },
        {
            "properties": {
                "__categories": [
                ],
                "__groups": [
                ],
                "description": {
                    "enabled": true,
                    "type": "text",
                    "value": "",
                    "visible": true
                },
                "id": {
                    "enabled": true,
                    "type": "uuid",
                    "value": "{9ec81d3b-cd9b-400b-84ed-b47407982251}",
                    "visible": true
                },
                "name": {
                    "enabled": true,
                    "type": "text",
                    "value": "String_9",
                    "visible": true
                },
                "path": {
                    "enabled": true,
                    "type": "text",
                    "value": "/",
                    "visible": true
                }
            },
            "values": [
                {
                    "language": "{fcfe3ff4-f230-448f-9078-4599da2911d5}",
                    "value": "9"
                }
            ]
        },
        {
            "properties": {
                "__categories": [
                ],
                "__groups": [
                ],
                "description": {
                    "enabled": true,
                    "type": "text",
                    "value": "",
                    "visible": true
                },
                "id": {
                    "enabled": true,
                    "type": "uuid",
                    "value": "{a08fec27-80be-4b2e-b9f3-09aa3309e89f}",
                    "visible": true
                },
                "name": {
                    "enabled": true,
                    "type": "text",
                    "value": "Easy",
                    "visible": true
                },
                "path": {
                    "enabled": true,
                    "type": "text",
                    "value": "/",
                    "visible": true
                }
            },
            "values": [
                {
                    "language": "{fcfe3ff4-f230-448f-9078-4599da2911d5}",
                    "value": "Easy."
                }
            ]
        },
        {
            "properties": {
                "__categories": [
                ],
                "__groups": [
                ],
                "description": {
                    "enabled": true,
                    "type": "text",
                    "value": "",
                    "visible": true
                },
                "id": {
                    "enabled": true,
                    "type": "uuid",
                    "value": "{a9930d47-c47a-45e2-bdb4-5e3759069da9}",
                    "visible": true
                },
                "name": {
                    "enabled": true,
                    "type": "text",
                    "value": "StringDefault",
                    "visible": true
                },
                "path": {
                    "enabled": true,
                    "type": "text",
                    "value": "/",
                    "visible": true
                }
            },
            "values": [
                {
                    "language": "{fcfe3ff4-f230-448f-9078-4599da2911d5}",
                    "value": "Set to Default Code"
                }
            ]
        },
        {
            "properties": {
                "__categories": [
                ],
                "__groups": [
                ],
                "description": {
                    "enabled": true,
                    "type": "text",
                    "value": "",
                    "visible": true
                },
                "id": {
                    "enabled": true,
                    "type": "uuid",
                    "value": "{c2e9d54e-bbae-4396-81fa-c6831a3aae2c}",
                    "visible": true
                },
                "name": {
                    "enabled": true,
                    "type": "text",
                    "value": "String_6",
                    "visible": true
                },
                "path": {
                    "enabled": true,
                    "type": "text",
                    "value": "/",
                    "visible": true
                }
            },
            "values": [
                {
                    "language": "{fcfe3ff4-f230-448f-9078-4599da2911d5}",
                    "value": "6"
                }
            ]
        },
        {
            "properties": {
                "__categories": [
                ],
                "__groups": [
                ],
                "description": {
                    "enabled": true,
                    "type": "text",
                    "value": "",
                    "visible": true
                },
                "id": {
                    "enabled": true,
                    "type": "uuid",
                    "value": "{c36ffa3c-8028-466a-9388-0d33923eb710}",
                    "visible": true
                },
                "name": {
                    "enabled": true,
                    "type": "text",
                    "value": "StringNewCode",
                    "visible": true
                },
                "path": {
                    "enabled": true,
                    "type": "text",
                    "value": "/",
                    "visible": true
                }
            },
            "values": [
                {
                    "language": "{fcfe3ff4-f230-448f-9078-4599da2911d5}",
                    "value": "New Code"
                }
            ]
        },
        {
            "properties": {
                "__categories": [
                ],
                "__groups": [
                ],
                "description": {
                    "enabled": true,
                    "type": "text",
                    "value": "",
                    "visible": true
                },
                "id": {
                    "enabled": true,
                    "type": "uuid",
                    "value": "{de8e13a7-a8f1-4ce4-adb4-e442704f976f}",
                    "visible": true
                },
                "name": {
                    "enabled": true,
                    "type": "text",
                    "value": "String_8",
                    "visible": true
                },
                "path": {
                    "enabled": true,
                    "type": "text",
                    "value": "/",
                    "visible": true
                }
            },
            "values": [
                {
                    "language": "{fcfe3ff4-f230-448f-9078-4599da2911d5}",
                    "value": "8"
                }
            ]
        },
        {
            "properties": {
                "__categories": [
                ],
                "__groups": [
                ],
                "description": {
                    "enabled": true,
                    "type": "text",
                    "value": "",
                    "visible": true
                },
                "id": {
                    "enabled": true,
                    "type": "uuid",
                    "value": "{e56d6950-6e98-4acb-b4d6-9a7b357d964c}",
                    "visible": true
                },
                "name": {
                    "enabled": true,
                    "type": "text",
                    "value": "String_2",
                    "visible": true
                },
                "path": {
                    "enabled": true,
                    "type": "text",
                    "value": "/",
                    "visible": true
                }
            },
            "values": [
                {
                    "language": "{fcfe3ff4-f230-448f-9078-4599da2911d5}",
                    "value": "2"
                }
            ]
        },
        {
            "properties": {
                "__categories": [
                ],
                "__groups": [
                ],
                "description": {
                    "enabled": true,
                    "type": "text",
                    "value": "",
                    "visible": true
                },
                "id": {
                    "enabled": true,
                    "type": "uuid",
                    "value": "{e87e3223-5728-4e47-8a70-0dc394472c79}",
                    "visible": true
                },
                "name": {
                    "enabled": true,
                    "type": "text",
                    "value": "StrDel",
                    "visible": true
                },
                "path": {
                    "enabled": true,
                    "type": "text",
                    "value": "/",
                    "visible": true
                }
            },
            "values": [
                {
                    "language": "{fcfe3ff4-f230-448f-9078-4599da2911d5}",
                    "value": "Del"
                }
            ]
        },
        {
            "properties": {
                "__categories": [
                ],
                "__groups": [
                ],
                "description": {
                    "enabled": true,
                    "type": "text",
                    "value": "",
                    "visible": true
                },
                "id": {
                    "enabled": true,
                    "type": "uuid",
                    "value": "{fab61ec5-6f63-4724-9bf2-cf2d4355238f}",
                    "visible": true
                },
                "name": {
                    "enabled": true,
                    "type": "text",
                    "value": "String_pound",
                    "visible": true
                },
                "path": {
                    "enabled": true,
                    "type": "text",
                    "value": "/",
                    "visible": true
                }
            },
            "values": [
                {
                    "language": "{fcfe3ff4-f230-448f-9078-4599da2911d5}",
                    "value": "#"
                }
            ]
        }
    ]
}
