{
    "images": [
        {
            "id": "{42562239-a434-40bd-8c6a-e51ae0e764a1}",
            "name": "mchpLogo_small",
            "type": "RGB"
        },
        {
            "id": "{51420b8f-0305-4697-8d61-d1bc0c4bfbd9}",
            "name": "MHGS_logo_smaller",
            "type": "RGB"
        },
        {
            "id": "{dfe217ed-f409-445a-9ef5-5309093dd995}",
            "name": "QuickstartDown_WQVGA",
            "type": "RGB"
        },
        {
            "id": "{c7b922b0-0ea6-4cbc-8554-306a78a0f837}",
            "name": "QuickstartUp_WQVGA",
            "type": "RGB"
        }
    ],
    "paths": [
    ]
}
