{
    "images": [
        {
            "id": "{0f2c86a0-3185-48d7-93da-b2e4b09b510e}",
            "name": "button",
            "type": "RGB"
        },
        {
            "id": "{f0cc8f84-1178-4045-bfba-5e87c7f01e86}",
            "name": "buttonDwn",
            "type": "RGB"
        },
        {
            "id": "{648e942a-7606-44af-aee1-67715bf5d7ee}",
            "name": "buttonT",
            "type": "RGB"
        },
        {
            "id": "{248a9288-9e62-4977-b4db-0086433f2458}",
            "name": "buttonTDwn",
            "type": "RGB"
        }
    ],
    "paths": [
    ]
}
