{
    "bindings": [
        {
            "font": "{399fca0e-6f3e-4996-9e33-6af3dd93809a}",
            "language": "{cb12694b-333d-40dc-a28a-a037a0d8b2ae}",
            "string": "{9cfcaddf-9363-4d5a-8f94-b85b62cd6700}"
        },
        {
            "font": "{399fca0e-6f3e-4996-9e33-6af3dd93809a}",
            "language": "{cb12694b-333d-40dc-a28a-a037a0d8b2ae}",
            "string": "{c17f186b-4f15-4ae7-abfa-11833ae23662}"
        },
        {
            "font": "{399fca0e-6f3e-4996-9e33-6af3dd93809a}",
            "language": "{cb12694b-333d-40dc-a28a-a037a0d8b2ae}",
            "string": "{d863376d-2e83-424b-8866-889e26d4949b}"
        }
    ],
    "defaultLanguage": "{cb12694b-333d-40dc-a28a-a037a0d8b2ae}",
    "encoding": "ASCII",
    "languages": [
        {
            "properties": {
                "__categories": [
                ],
                "__groups": [
                ],
                "enabled": {
                    "enabled": true,
                    "type": "boolean",
                    "value": true,
                    "visible": true
                },
                "id": {
                    "enabled": true,
                    "type": "uuid",
                    "value": "{cb12694b-333d-40dc-a28a-a037a0d8b2ae}",
                    "visible": true
                },
                "name": {
                    "enabled": true,
                    "type": "text",
                    "value": "Default",
                    "visible": true
                }
            }
        }
    ],
    "paths": [
    ],
    "strings": [
        {
            "properties": {
                "__categories": [
                ],
                "__groups": [
                ],
                "description": {
                    "enabled": true,
                    "type": "text",
                    "value": "",
                    "visible": true
                },
                "id": {
                    "enabled": true,
                    "type": "uuid",
                    "value": "{9cfcaddf-9363-4d5a-8f94-b85b62cd6700}",
                    "visible": true
                },
                "name": {
                    "enabled": true,
                    "type": "text",
                    "value": "String_3",
                    "visible": true
                },
                "path": {
                    "enabled": true,
                    "type": "text",
                    "value": "/",
                    "visible": true
                }
            },
            "values": [
                {
                    "language": "{cb12694b-333d-40dc-a28a-a037a0d8b2ae}",
                    "value": "Apple"
                }
            ]
        },
        {
            "properties": {
                "__categories": [
                ],
                "__groups": [
                ],
                "description": {
                    "enabled": true,
                    "type": "text",
                    "value": "",
                    "visible": true
                },
                "id": {
                    "enabled": true,
                    "type": "uuid",
                    "value": "{c17f186b-4f15-4ae7-abfa-11833ae23662}",
                    "visible": true
                },
                "name": {
                    "enabled": true,
                    "type": "text",
                    "value": "String_2",
                    "visible": true
                },
                "path": {
                    "enabled": true,
                    "type": "text",
                    "value": "/",
                    "visible": true
                }
            },
            "values": [
                {
                    "language": "{cb12694b-333d-40dc-a28a-a037a0d8b2ae}",
                    "value": "Banana"
                }
            ]
        },
        {
            "properties": {
                "__categories": [
                ],
                "__groups": [
                ],
                "description": {
                    "enabled": true,
                    "type": "text",
                    "value": "",
                    "visible": true
                },
                "id": {
                    "enabled": true,
                    "type": "uuid",
                    "value": "{d863376d-2e83-424b-8866-889e26d4949b}",
                    "visible": true
                },
                "name": {
                    "enabled": true,
                    "type": "text",
                    "value": "String_1",
                    "visible": true
                },
                "path": {
                    "enabled": true,
                    "type": "text",
                    "value": "/",
                    "visible": true
                }
            },
            "values": [
                {
                    "language": "{cb12694b-333d-40dc-a28a-a037a0d8b2ae}",
                    "value": "Orange"
                }
            ]
        }
    ]
}
