{
    "properties": {
        "__categories": [
            {
                "expanded": true,
                "id": "fontInfo",
                "visible": true
            },
            {
                "expanded": true,
                "id": "name",
                "visible": true
            }
        ],
        "__groups": [
        ],
        "antialias": {
            "enabled": true,
            "type": "boolean",
            "value": true,
            "visible": true
        },
        "dataMemoryLocation": {
            "enabled": false,
            "type": "memorylocation",
            "value": "{169ecd3c-391b-4b18-9a8e-5a6e57d87ae1}",
            "visible": true
        },
        "dataSize": {
            "enabled": true,
            "type": "integer",
            "value": 0,
            "visible": false
        },
        "glyphCount": {
            "enabled": false,
            "type": "integer",
            "value": 95,
            "visible": true
        },
        "glyphDataSize": {
            "enabled": false,
            "type": "integer",
            "value": 12424,
            "visible": true
        },
        "glyphMemoryLocation": {
            "enabled": true,
            "type": "memorylocation",
            "value": "{169ecd3c-391b-4b18-9a8e-5a6e57d87ae1}",
            "visible": true
        },
        "height": {
            "enabled": true,
            "type": "integer",
            "value": 21,
            "visible": false
        },
        "id": {
            "enabled": true,
            "type": "uuid",
            "value": "{f148ba5e-aaea-4f23-929b-8b3294a20ad0}",
            "visible": true
        },
        "kerningDataSize": {
            "enabled": false,
            "type": "integer",
            "value": 1904,
            "visible": true
        },
        "maxBaseline": {
            "enabled": true,
            "type": "integer",
            "value": 15,
            "visible": false
        },
        "maxHeight": {
            "enabled": true,
            "type": "integer",
            "value": 21,
            "visible": false
        },
        "name": {
            "enabled": true,
            "type": "text",
            "value": "",
            "visible": true
        },
        "outputName": {
            "enabled": true,
            "type": "text",
            "value": "Font0",
            "visible": true
        },
        "pointSize": {
            "enabled": true,
            "type": "integer",
            "value": 20,
            "visible": true
        },
        "righttoleft": {
            "enabled": true,
            "type": "boolean",
            "value": false,
            "visible": true
        },
        "sourceName": {
            "enabled": false,
            "type": "text",
            "value": "NotoSans-Medium.ttf",
            "visible": true
        }
    }
}
