{
    "bindings": [
        {
            "font": "{ac9f5a4f-a53b-4349-98df-41c0c6252876}",
            "language": "{3aae5a21-4238-4f2a-aaba-67010d927910}",
            "string": "{0c0c0147-ba20-4aa4-bcb8-6feb0e5bf920}"
        },
        {
            "font": "{cdf90b54-b5a3-499e-b359-aadf1b8de50d}",
            "language": "{b1ad582d-27f9-4bca-ab5e-e5b55b4edd0b}",
            "string": "{0c0c0147-ba20-4aa4-bcb8-6feb0e5bf920}"
        },
        {
            "font": "{ac9f5a4f-a53b-4349-98df-41c0c6252876}",
            "language": "{3aae5a21-4238-4f2a-aaba-67010d927910}",
            "string": "{4902fdff-2394-43c0-9280-f9aa0545123a}"
        },
        {
            "font": "{ac9f5a4f-a53b-4349-98df-41c0c6252876}",
            "language": "{3aae5a21-4238-4f2a-aaba-67010d927910}",
            "string": "{e1e5991e-c259-490c-aea7-120fadd3cd50}"
        },
        {
            "font": "{ac9f5a4f-a53b-4349-98df-41c0c6252876}",
            "language": "{3aae5a21-4238-4f2a-aaba-67010d927910}",
            "string": "{fd7f2313-d090-438a-92c2-82e9053e0cb4}"
        },
        {
            "font": "{6b91c518-14c2-488a-a10e-79f7d8dd74c3}",
            "language": "{6ecf9935-38c6-4596-91d2-a540b7f27b43}",
            "string": "{e1e5991e-c259-490c-aea7-120fadd3cd50}"
        },
        {
            "font": "{6b91c518-14c2-488a-a10e-79f7d8dd74c3}",
            "language": "{6ecf9935-38c6-4596-91d2-a540b7f27b43}",
            "string": "{fd7f2313-d090-438a-92c2-82e9053e0cb4}"
        },
        {
            "font": "{cdf90b54-b5a3-499e-b359-aadf1b8de50d}",
            "language": "{6ecf9935-38c6-4596-91d2-a540b7f27b43}",
            "string": "{0c0c0147-ba20-4aa4-bcb8-6feb0e5bf920}"
        },
        {
            "font": "{cdf90b54-b5a3-499e-b359-aadf1b8de50d}",
            "language": "{6ecf9935-38c6-4596-91d2-a540b7f27b43}",
            "string": "{4902fdff-2394-43c0-9280-f9aa0545123a}"
        },
        {
            "font": "{cdf90b54-b5a3-499e-b359-aadf1b8de50d}",
            "language": "{b1ad582d-27f9-4bca-ab5e-e5b55b4edd0b}",
            "string": "{4902fdff-2394-43c0-9280-f9aa0545123a}"
        },
        {
            "font": "{6b91c518-14c2-488a-a10e-79f7d8dd74c3}",
            "language": "{b1ad582d-27f9-4bca-ab5e-e5b55b4edd0b}",
            "string": "{e1e5991e-c259-490c-aea7-120fadd3cd50}"
        },
        {
            "font": "{6b91c518-14c2-488a-a10e-79f7d8dd74c3}",
            "language": "{b1ad582d-27f9-4bca-ab5e-e5b55b4edd0b}",
            "string": "{fd7f2313-d090-438a-92c2-82e9053e0cb4}"
        }
    ],
    "defaultLanguage": "{6ecf9935-38c6-4596-91d2-a540b7f27b43}",
    "encoding": "UTF16",
    "languages": [
        {
            "properties": {
                "__categories": [
                ],
                "__groups": [
                ],
                "enabled": {
                    "enabled": true,
                    "type": "boolean",
                    "value": true,
                    "visible": true
                },
                "id": {
                    "enabled": true,
                    "type": "uuid",
                    "value": "{6ecf9935-38c6-4596-91d2-a540b7f27b43}",
                    "visible": true
                },
                "name": {
                    "enabled": true,
                    "type": "text",
                    "value": "English",
                    "visible": true
                }
            }
        },
        {
            "properties": {
                "__categories": [
                ],
                "__groups": [
                ],
                "enabled": {
                    "enabled": true,
                    "type": "boolean",
                    "value": true,
                    "visible": true
                },
                "id": {
                    "enabled": true,
                    "type": "uuid",
                    "value": "{b1ad582d-27f9-4bca-ab5e-e5b55b4edd0b}",
                    "visible": true
                },
                "name": {
                    "enabled": true,
                    "type": "text",
                    "value": "Spanish",
                    "visible": true
                }
            }
        },
        {
            "properties": {
                "__categories": [
                ],
                "__groups": [
                ],
                "enabled": {
                    "enabled": true,
                    "type": "boolean",
                    "value": true,
                    "visible": true
                },
                "id": {
                    "enabled": true,
                    "type": "uuid",
                    "value": "{3aae5a21-4238-4f2a-aaba-67010d927910}",
                    "visible": true
                },
                "name": {
                    "enabled": true,
                    "type": "text",
                    "value": "Chinese",
                    "visible": true
                }
            }
        }
    ],
    "paths": [
    ],
    "strings": [
        {
            "properties": {
                "__categories": [
                ],
                "__groups": [
                ],
                "description": {
                    "enabled": true,
                    "type": "text",
                    "value": "",
                    "visible": true
                },
                "id": {
                    "enabled": true,
                    "type": "uuid",
                    "value": "{0c0c0147-ba20-4aa4-bcb8-6feb0e5bf920}",
                    "visible": true
                },
                "name": {
                    "enabled": true,
                    "type": "text",
                    "value": "StringFixed",
                    "visible": true
                },
                "path": {
                    "enabled": true,
                    "type": "text",
                    "value": "/",
                    "visible": true
                }
            },
            "values": [
                {
                    "language": "{3aae5a21-4238-4f2a-aaba-67010d927910}",
                    "value": "固定長度字串"
                },
                {
                    "language": "{6ecf9935-38c6-4596-91d2-a540b7f27b43}",
                    "value": "Fixed String"
                },
                {
                    "language": "{b1ad582d-27f9-4bca-ab5e-e5b55b4edd0b}",
                    "value": "Texto de longitud fija"
                }
            ]
        },
        {
            "properties": {
                "__categories": [
                ],
                "__groups": [
                ],
                "description": {
                    "enabled": true,
                    "type": "text",
                    "value": "",
                    "visible": true
                },
                "id": {
                    "enabled": true,
                    "type": "uuid",
                    "value": "{4902fdff-2394-43c0-9280-f9aa0545123a}",
                    "visible": true
                },
                "name": {
                    "enabled": true,
                    "type": "text",
                    "value": "StringDynamic",
                    "visible": true
                },
                "path": {
                    "enabled": true,
                    "type": "text",
                    "value": "/",
                    "visible": true
                }
            },
            "values": [
                {
                    "language": "{3aae5a21-4238-4f2a-aaba-67010d927910}",
                    "value": "可變長度字串"
                },
                {
                    "language": "{6ecf9935-38c6-4596-91d2-a540b7f27b43}",
                    "value": "Dynamic String"
                },
                {
                    "language": "{b1ad582d-27f9-4bca-ab5e-e5b55b4edd0b}",
                    "value": "Texto Dinámico"
                }
            ]
        },
        {
            "properties": {
                "__categories": [
                ],
                "__groups": [
                ],
                "description": {
                    "enabled": true,
                    "type": "text",
                    "value": "",
                    "visible": true
                },
                "id": {
                    "enabled": true,
                    "type": "uuid",
                    "value": "{e1e5991e-c259-490c-aea7-120fadd3cd50}",
                    "visible": true
                },
                "name": {
                    "enabled": true,
                    "type": "text",
                    "value": "StringRun",
                    "visible": true
                },
                "path": {
                    "enabled": true,
                    "type": "text",
                    "value": "/",
                    "visible": true
                }
            },
            "values": [
                {
                    "language": "{3aae5a21-4238-4f2a-aaba-67010d927910}",
                    "value": "開始"
                },
                {
                    "language": "{6ecf9935-38c6-4596-91d2-a540b7f27b43}",
                    "value": "Start"
                },
                {
                    "language": "{b1ad582d-27f9-4bca-ab5e-e5b55b4edd0b}",
                    "value": "Comenzar"
                }
            ]
        },
        {
            "properties": {
                "__categories": [
                ],
                "__groups": [
                ],
                "description": {
                    "enabled": true,
                    "type": "text",
                    "value": "",
                    "visible": true
                },
                "id": {
                    "enabled": true,
                    "type": "uuid",
                    "value": "{fd7f2313-d090-438a-92c2-82e9053e0cb4}",
                    "visible": true
                },
                "name": {
                    "enabled": true,
                    "type": "text",
                    "value": "StringStop",
                    "visible": true
                },
                "path": {
                    "enabled": true,
                    "type": "text",
                    "value": "/",
                    "visible": true
                }
            },
            "values": [
                {
                    "language": "{3aae5a21-4238-4f2a-aaba-67010d927910}",
                    "value": "停止"
                },
                {
                    "language": "{6ecf9935-38c6-4596-91d2-a540b7f27b43}",
                    "value": "Stop"
                },
                {
                    "language": "{b1ad582d-27f9-4bca-ab5e-e5b55b4edd0b}",
                    "value": "Parada"
                }
            ]
        }
    ]
}
