{
    "bindings": [
        {
            "font": "{dedfbdb3-132b-4b19-8d8b-0df06590ea2d}",
            "language": "{163d3216-a90f-48d4-9bf7-c596354e9f1a}",
            "string": "{33d4dfcc-b9f4-456a-a8b2-1ecc9679c18a}"
        },
        {
            "font": "{dedfbdb3-132b-4b19-8d8b-0df06590ea2d}",
            "language": "{163d3216-a90f-48d4-9bf7-c596354e9f1a}",
            "string": "{3af4cbd5-f056-4853-9393-e00c5b7d864b}"
        },
        {
            "font": "{dedfbdb3-132b-4b19-8d8b-0df06590ea2d}",
            "language": "{163d3216-a90f-48d4-9bf7-c596354e9f1a}",
            "string": "{622433b3-ee47-47e5-8cbb-b1132a4d3f27}"
        },
        {
            "font": "{dedfbdb3-132b-4b19-8d8b-0df06590ea2d}",
            "language": "{163d3216-a90f-48d4-9bf7-c596354e9f1a}",
            "string": "{a3649420-87f1-4af2-bc74-128ab7ddc983}"
        },
        {
            "font": "{dedfbdb3-132b-4b19-8d8b-0df06590ea2d}",
            "language": "{163d3216-a90f-48d4-9bf7-c596354e9f1a}",
            "string": "{a72ebf38-3a96-4837-be58-914fac019e20}"
        }
    ],
    "defaultLanguage": "{163d3216-a90f-48d4-9bf7-c596354e9f1a}",
    "encoding": "ASCII",
    "languages": [
        {
            "properties": {
                "__categories": [
                ],
                "__groups": [
                ],
                "enabled": {
                    "enabled": true,
                    "type": "boolean",
                    "value": true,
                    "visible": true
                },
                "id": {
                    "enabled": true,
                    "type": "uuid",
                    "value": "{163d3216-a90f-48d4-9bf7-c596354e9f1a}",
                    "visible": true
                },
                "name": {
                    "enabled": true,
                    "type": "text",
                    "value": "Default",
                    "visible": true
                }
            }
        }
    ],
    "paths": [
    ],
    "strings": [
        {
            "properties": {
                "__categories": [
                ],
                "__groups": [
                ],
                "description": {
                    "enabled": true,
                    "type": "text",
                    "value": "",
                    "visible": true
                },
                "id": {
                    "enabled": true,
                    "type": "uuid",
                    "value": "{33d4dfcc-b9f4-456a-a8b2-1ecc9679c18a}",
                    "visible": true
                },
                "name": {
                    "enabled": true,
                    "type": "text",
                    "value": "toggleOff",
                    "visible": true
                },
                "path": {
                    "enabled": true,
                    "type": "text",
                    "value": "/",
                    "visible": true
                }
            },
            "values": [
                {
                    "language": "{163d3216-a90f-48d4-9bf7-c596354e9f1a}",
                    "value": "Button Toggle Off!"
                }
            ]
        },
        {
            "properties": {
                "__categories": [
                ],
                "__groups": [
                ],
                "description": {
                    "enabled": true,
                    "type": "text",
                    "value": "",
                    "visible": true
                },
                "id": {
                    "enabled": true,
                    "type": "uuid",
                    "value": "{3af4cbd5-f056-4853-9393-e00c5b7d864b}",
                    "visible": true
                },
                "name": {
                    "enabled": true,
                    "type": "text",
                    "value": "pressed",
                    "visible": true
                },
                "path": {
                    "enabled": true,
                    "type": "text",
                    "value": "/",
                    "visible": true
                }
            },
            "values": [
                {
                    "language": "{163d3216-a90f-48d4-9bf7-c596354e9f1a}",
                    "value": "Hello World!"
                }
            ]
        },
        {
            "properties": {
                "__categories": [
                ],
                "__groups": [
                ],
                "description": {
                    "enabled": true,
                    "type": "text",
                    "value": "",
                    "visible": true
                },
                "id": {
                    "enabled": true,
                    "type": "uuid",
                    "value": "{622433b3-ee47-47e5-8cbb-b1132a4d3f27}",
                    "visible": true
                },
                "name": {
                    "enabled": true,
                    "type": "text",
                    "value": "press",
                    "visible": true
                },
                "path": {
                    "enabled": true,
                    "type": "text",
                    "value": "/",
                    "visible": true
                }
            },
            "values": [
                {
                    "language": "{163d3216-a90f-48d4-9bf7-c596354e9f1a}",
                    "value": "Press Me"
                }
            ]
        },
        {
            "properties": {
                "__categories": [
                ],
                "__groups": [
                ],
                "description": {
                    "enabled": true,
                    "type": "text",
                    "value": "",
                    "visible": true
                },
                "id": {
                    "enabled": true,
                    "type": "uuid",
                    "value": "{a3649420-87f1-4af2-bc74-128ab7ddc983}",
                    "visible": true
                },
                "name": {
                    "enabled": true,
                    "type": "text",
                    "value": "toggleOn",
                    "visible": true
                },
                "path": {
                    "enabled": true,
                    "type": "text",
                    "value": "/",
                    "visible": true
                }
            },
            "values": [
                {
                    "language": "{163d3216-a90f-48d4-9bf7-c596354e9f1a}",
                    "value": "Button Toggle On!"
                }
            ]
        },
        {
            "properties": {
                "__categories": [
                ],
                "__groups": [
                ],
                "description": {
                    "enabled": true,
                    "type": "text",
                    "value": "",
                    "visible": true
                },
                "id": {
                    "enabled": true,
                    "type": "uuid",
                    "value": "{a72ebf38-3a96-4837-be58-914fac019e20}",
                    "visible": true
                },
                "name": {
                    "enabled": true,
                    "type": "text",
                    "value": "toggle",
                    "visible": true
                },
                "path": {
                    "enabled": true,
                    "type": "text",
                    "value": "/",
                    "visible": true
                }
            },
            "values": [
                {
                    "language": "{163d3216-a90f-48d4-9bf7-c596354e9f1a}",
                    "value": "Toggle"
                }
            ]
        }
    ]
}
