{
    "fonts": [
        {
            "id": "{14d019c6-4025-4151-996a-221008de84f9}",
            "name": "Alata56"
        },
        {
            "id": "{17fcf911-271d-4063-860d-8a837754452a}",
            "name": "Alata40"
        },
        {
            "id": "{9b9e85bc-bf21-47aa-b453-4b98d14da995}",
            "name": "Alata80"
        },
        {
            "id": "{49fc7e6f-76ac-4663-aa55-45f4a2dbd157}",
            "name": "Lora32"
        },
        {
            "id": "{6e3eb90d-d346-4e0f-a190-ee3fd9aa978c}",
            "name": "Roboto"
        },
        {
            "id": "{7e4cd62c-a08f-467a-8fd2-57771c5688ba}",
            "name": "RobotoSmall"
        },
        {
            "id": "{f7c478c9-1e62-4d6b-8eaa-0024a102316d}",
            "name": "Lora24"
        },
        {
            "id": "{0b1deed1-51fd-4306-b7cd-caa2af88c029}",
            "name": "Alata"
        },
        {
            "id": "{5cd202ef-f841-4c15-9fd0-c572f60b6c04}",
            "name": "Lora14"
        },
        {
            "id": "{84fb7afd-3f4e-4fd4-ae9c-b4e1483e4a53}",
            "name": "NotoSans"
        }
    ],
    "paths": [
    ]
}
