{
    "bindings": [
        {
            "font": "{cc33f6da-7011-48cc-94de-731ff2329f8c}",
            "language": "{b2e9d479-4783-4cb2-816f-53b1d1deb867}",
            "string": "{17e212c7-cf6e-4c28-bb73-a95ac7b0cff7}"
        },
        {
            "font": "{cc33f6da-7011-48cc-94de-731ff2329f8c}",
            "language": "{b2e9d479-4783-4cb2-816f-53b1d1deb867}",
            "string": "{1cb7c955-3c41-423f-9ccf-67c2066f288f}"
        },
        {
            "font": "{c0087308-99cb-4dfc-bc24-e8374dac4b6e}",
            "language": "{b2e9d479-4783-4cb2-816f-53b1d1deb867}",
            "string": "{310ae8e4-bc9b-4506-80b1-5b12331b8696}"
        },
        {
            "font": "{cc33f6da-7011-48cc-94de-731ff2329f8c}",
            "language": "{b2e9d479-4783-4cb2-816f-53b1d1deb867}",
            "string": "{3e0fcf96-fe9b-4d9c-acdc-12404db428e3}"
        },
        {
            "font": "{cc33f6da-7011-48cc-94de-731ff2329f8c}",
            "language": "{b2e9d479-4783-4cb2-816f-53b1d1deb867}",
            "string": "{3e85c714-36ea-49b2-a43c-1b729149f236}"
        },
        {
            "font": "{cc33f6da-7011-48cc-94de-731ff2329f8c}",
            "language": "{b2e9d479-4783-4cb2-816f-53b1d1deb867}",
            "string": "{575de3af-7f96-462a-a7a9-73f08e30a7cd}"
        },
        {
            "font": "{3304d38b-6ff1-47fd-9dfa-6651a5274417}",
            "language": "{b2e9d479-4783-4cb2-816f-53b1d1deb867}",
            "string": "{5d616fed-295c-4954-83ec-71073272d23f}"
        },
        {
            "font": "{cc33f6da-7011-48cc-94de-731ff2329f8c}",
            "language": "{b2e9d479-4783-4cb2-816f-53b1d1deb867}",
            "string": "{7d4f45a2-f208-4d57-ad77-681501d55016}"
        },
        {
            "font": "{cc33f6da-7011-48cc-94de-731ff2329f8c}",
            "language": "{b2e9d479-4783-4cb2-816f-53b1d1deb867}",
            "string": "{8438eaeb-7c06-4d17-af3f-e4190f451552}"
        },
        {
            "font": "{cc33f6da-7011-48cc-94de-731ff2329f8c}",
            "language": "{b2e9d479-4783-4cb2-816f-53b1d1deb867}",
            "string": "{8fd61e44-aeb2-4b41-83b9-5fcfea6260ae}"
        },
        {
            "font": "{cc33f6da-7011-48cc-94de-731ff2329f8c}",
            "language": "{b2e9d479-4783-4cb2-816f-53b1d1deb867}",
            "string": "{91d25a06-d361-4979-8d6b-88fcc5e3007f}"
        },
        {
            "font": "{cc33f6da-7011-48cc-94de-731ff2329f8c}",
            "language": "{b2e9d479-4783-4cb2-816f-53b1d1deb867}",
            "string": "{9fcf64fa-4303-4c85-8761-37ee55bfa960}"
        },
        {
            "font": "{cc33f6da-7011-48cc-94de-731ff2329f8c}",
            "language": "{b2e9d479-4783-4cb2-816f-53b1d1deb867}",
            "string": "{b1b12f4a-40f1-499b-8035-cf76bcf1fc57}"
        },
        {
            "font": "{3304d38b-6ff1-47fd-9dfa-6651a5274417}",
            "language": "{b2e9d479-4783-4cb2-816f-53b1d1deb867}",
            "string": "{b42af810-7897-4c31-9bd3-93b709b1a5fd}"
        },
        {
            "font": "{cc33f6da-7011-48cc-94de-731ff2329f8c}",
            "language": "{b2e9d479-4783-4cb2-816f-53b1d1deb867}",
            "string": "{b74079b2-1a14-4f3d-9132-1b5a99916a49}"
        },
        {
            "font": "{cc33f6da-7011-48cc-94de-731ff2329f8c}",
            "language": "{b2e9d479-4783-4cb2-816f-53b1d1deb867}",
            "string": "{b9cabf02-0c68-4f5a-abba-d585358bb950}"
        },
        {
            "font": "{cc33f6da-7011-48cc-94de-731ff2329f8c}",
            "language": "{b2e9d479-4783-4cb2-816f-53b1d1deb867}",
            "string": "{ba6fcccb-2926-4d76-ba48-990fef75e320}"
        },
        {
            "font": "{cc33f6da-7011-48cc-94de-731ff2329f8c}",
            "language": "{b2e9d479-4783-4cb2-816f-53b1d1deb867}",
            "string": "{bd0d579b-3687-421b-9e29-60dcafbcfe17}"
        },
        {
            "font": "{3304d38b-6ff1-47fd-9dfa-6651a5274417}",
            "language": "{b2e9d479-4783-4cb2-816f-53b1d1deb867}",
            "string": "{bed94024-b39f-48af-8d51-703f33a7f95c}"
        },
        {
            "font": "{cc33f6da-7011-48cc-94de-731ff2329f8c}",
            "language": "{b2e9d479-4783-4cb2-816f-53b1d1deb867}",
            "string": "{d1e609bb-b930-4b2d-b9fb-32dc94606fd3}"
        },
        {
            "font": "{3304d38b-6ff1-47fd-9dfa-6651a5274417}",
            "language": "{b2e9d479-4783-4cb2-816f-53b1d1deb867}",
            "string": "{d8d937d4-be3f-4d53-8bbe-1eda1bd676b0}"
        },
        {
            "font": "{cc33f6da-7011-48cc-94de-731ff2329f8c}",
            "language": "{b2e9d479-4783-4cb2-816f-53b1d1deb867}",
            "string": "{e0af587a-60f7-4b71-9bc6-1631ed107ed4}"
        }
    ],
    "defaultLanguage": "{b2e9d479-4783-4cb2-816f-53b1d1deb867}",
    "encoding": "ASCII",
    "languages": [
        {
            "properties": {
                "__categories": [
                ],
                "__groups": [
                ],
                "enabled": {
                    "enabled": true,
                    "type": "boolean",
                    "value": true,
                    "visible": true
                },
                "id": {
                    "enabled": true,
                    "type": "uuid",
                    "value": "{b2e9d479-4783-4cb2-816f-53b1d1deb867}",
                    "visible": true
                },
                "name": {
                    "enabled": true,
                    "type": "text",
                    "value": "Default",
                    "visible": true
                }
            }
        }
    ],
    "paths": [
    ],
    "strings": [
        {
            "properties": {
                "__categories": [
                ],
                "__groups": [
                ],
                "description": {
                    "enabled": true,
                    "type": "text",
                    "value": "",
                    "visible": true
                },
                "id": {
                    "enabled": true,
                    "type": "uuid",
                    "value": "{17e212c7-cf6e-4c28-bb73-a95ac7b0cff7}",
                    "visible": true
                },
                "name": {
                    "enabled": true,
                    "type": "text",
                    "value": "No5",
                    "visible": true
                },
                "path": {
                    "enabled": true,
                    "type": "text",
                    "value": "/",
                    "visible": true
                }
            },
            "values": [
                {
                    "language": "{b2e9d479-4783-4cb2-816f-53b1d1deb867}",
                    "value": "5"
                }
            ]
        },
        {
            "properties": {
                "__categories": [
                ],
                "__groups": [
                ],
                "description": {
                    "enabled": true,
                    "type": "text",
                    "value": "",
                    "visible": true
                },
                "id": {
                    "enabled": true,
                    "type": "uuid",
                    "value": "{1cb7c955-3c41-423f-9ccf-67c2066f288f}",
                    "visible": true
                },
                "name": {
                    "enabled": true,
                    "type": "text",
                    "value": "WinO",
                    "visible": true
                },
                "path": {
                    "enabled": true,
                    "type": "text",
                    "value": "/",
                    "visible": true
                }
            },
            "values": [
                {
                    "language": "{b2e9d479-4783-4cb2-816f-53b1d1deb867}",
                    "value": "      O WINS!!!"
                }
            ]
        },
        {
            "properties": {
                "__categories": [
                ],
                "__groups": [
                ],
                "description": {
                    "enabled": true,
                    "type": "text",
                    "value": "",
                    "visible": true
                },
                "id": {
                    "enabled": true,
                    "type": "uuid",
                    "value": "{310ae8e4-bc9b-4506-80b1-5b12331b8696}",
                    "visible": true
                },
                "name": {
                    "enabled": true,
                    "type": "text",
                    "value": "Touch",
                    "visible": true
                },
                "path": {
                    "enabled": true,
                    "type": "text",
                    "value": "/",
                    "visible": true
                }
            },
            "values": [
                {
                    "language": "{b2e9d479-4783-4cb2-816f-53b1d1deb867}",
                    "value": "Touch to insert"
                }
            ]
        },
        {
            "properties": {
                "__categories": [
                ],
                "__groups": [
                ],
                "description": {
                    "enabled": true,
                    "type": "text",
                    "value": "",
                    "visible": true
                },
                "id": {
                    "enabled": true,
                    "type": "uuid",
                    "value": "{3e0fcf96-fe9b-4d9c-acdc-12404db428e3}",
                    "visible": true
                },
                "name": {
                    "enabled": true,
                    "type": "text",
                    "value": "No8",
                    "visible": true
                },
                "path": {
                    "enabled": true,
                    "type": "text",
                    "value": "/",
                    "visible": true
                }
            },
            "values": [
                {
                    "language": "{b2e9d479-4783-4cb2-816f-53b1d1deb867}",
                    "value": "8"
                }
            ]
        },
        {
            "properties": {
                "__categories": [
                ],
                "__groups": [
                ],
                "description": {
                    "enabled": true,
                    "type": "text",
                    "value": "",
                    "visible": true
                },
                "id": {
                    "enabled": true,
                    "type": "uuid",
                    "value": "{3e85c714-36ea-49b2-a43c-1b729149f236}",
                    "visible": true
                },
                "name": {
                    "enabled": true,
                    "type": "text",
                    "value": "OVariable",
                    "visible": true
                },
                "path": {
                    "enabled": true,
                    "type": "text",
                    "value": "/",
                    "visible": true
                }
            },
            "values": [
                {
                    "language": "{b2e9d479-4783-4cb2-816f-53b1d1deb867}",
                    "value": "O"
                }
            ]
        },
        {
            "properties": {
                "__categories": [
                ],
                "__groups": [
                ],
                "description": {
                    "enabled": true,
                    "type": "text",
                    "value": "",
                    "visible": true
                },
                "id": {
                    "enabled": true,
                    "type": "uuid",
                    "value": "{575de3af-7f96-462a-a7a9-73f08e30a7cd}",
                    "visible": true
                },
                "name": {
                    "enabled": true,
                    "type": "text",
                    "value": "No3",
                    "visible": true
                },
                "path": {
                    "enabled": true,
                    "type": "text",
                    "value": "/",
                    "visible": true
                }
            },
            "values": [
                {
                    "language": "{b2e9d479-4783-4cb2-816f-53b1d1deb867}",
                    "value": "3"
                }
            ]
        },
        {
            "properties": {
                "__categories": [
                ],
                "__groups": [
                ],
                "description": {
                    "enabled": true,
                    "type": "text",
                    "value": "",
                    "visible": true
                },
                "id": {
                    "enabled": true,
                    "type": "uuid",
                    "value": "{5d616fed-295c-4954-83ec-71073272d23f}",
                    "visible": true
                },
                "name": {
                    "enabled": true,
                    "type": "text",
                    "value": "Rand",
                    "visible": true
                },
                "path": {
                    "enabled": true,
                    "type": "text",
                    "value": "/",
                    "visible": true
                }
            },
            "values": [
                {
                    "language": "{b2e9d479-4783-4cb2-816f-53b1d1deb867}",
                    "value": "RandLogoGame"
                }
            ]
        },
        {
            "properties": {
                "__categories": [
                ],
                "__groups": [
                ],
                "description": {
                    "enabled": true,
                    "type": "text",
                    "value": "",
                    "visible": true
                },
                "id": {
                    "enabled": true,
                    "type": "uuid",
                    "value": "{7d4f45a2-f208-4d57-ad77-681501d55016}",
                    "visible": true
                },
                "name": {
                    "enabled": true,
                    "type": "text",
                    "value": "No4",
                    "visible": true
                },
                "path": {
                    "enabled": true,
                    "type": "text",
                    "value": "/",
                    "visible": true
                }
            },
            "values": [
                {
                    "language": "{b2e9d479-4783-4cb2-816f-53b1d1deb867}",
                    "value": "4"
                }
            ]
        },
        {
            "properties": {
                "__categories": [
                ],
                "__groups": [
                ],
                "description": {
                    "enabled": true,
                    "type": "text",
                    "value": "",
                    "visible": true
                },
                "id": {
                    "enabled": true,
                    "type": "uuid",
                    "value": "{8438eaeb-7c06-4d17-af3f-e4190f451552}",
                    "visible": true
                },
                "name": {
                    "enabled": true,
                    "type": "text",
                    "value": "XVariable",
                    "visible": true
                },
                "path": {
                    "enabled": true,
                    "type": "text",
                    "value": "/",
                    "visible": true
                }
            },
            "values": [
                {
                    "language": "{b2e9d479-4783-4cb2-816f-53b1d1deb867}",
                    "value": "X"
                }
            ]
        },
        {
            "properties": {
                "__categories": [
                ],
                "__groups": [
                ],
                "description": {
                    "enabled": true,
                    "type": "text",
                    "value": "",
                    "visible": true
                },
                "id": {
                    "enabled": true,
                    "type": "uuid",
                    "value": "{8fd61e44-aeb2-4b41-83b9-5fcfea6260ae}",
                    "visible": true
                },
                "name": {
                    "enabled": true,
                    "type": "text",
                    "value": "OGame",
                    "visible": true
                },
                "path": {
                    "enabled": true,
                    "type": "text",
                    "value": "/",
                    "visible": true
                }
            },
            "values": [
                {
                    "language": "{b2e9d479-4783-4cb2-816f-53b1d1deb867}",
                    "value": "Next player: O"
                }
            ]
        },
        {
            "properties": {
                "__categories": [
                ],
                "__groups": [
                ],
                "description": {
                    "enabled": true,
                    "type": "text",
                    "value": "",
                    "visible": true
                },
                "id": {
                    "enabled": true,
                    "type": "uuid",
                    "value": "{91d25a06-d361-4979-8d6b-88fcc5e3007f}",
                    "visible": true
                },
                "name": {
                    "enabled": true,
                    "type": "text",
                    "value": "No7",
                    "visible": true
                },
                "path": {
                    "enabled": true,
                    "type": "text",
                    "value": "/",
                    "visible": true
                }
            },
            "values": [
                {
                    "language": "{b2e9d479-4783-4cb2-816f-53b1d1deb867}",
                    "value": "7"
                }
            ]
        },
        {
            "properties": {
                "__categories": [
                ],
                "__groups": [
                ],
                "description": {
                    "enabled": true,
                    "type": "text",
                    "value": "",
                    "visible": true
                },
                "id": {
                    "enabled": true,
                    "type": "uuid",
                    "value": "{9fcf64fa-4303-4c85-8761-37ee55bfa960}",
                    "visible": true
                },
                "name": {
                    "enabled": true,
                    "type": "text",
                    "value": "No9",
                    "visible": true
                },
                "path": {
                    "enabled": true,
                    "type": "text",
                    "value": "/",
                    "visible": true
                }
            },
            "values": [
                {
                    "language": "{b2e9d479-4783-4cb2-816f-53b1d1deb867}",
                    "value": "9"
                }
            ]
        },
        {
            "properties": {
                "__categories": [
                ],
                "__groups": [
                ],
                "description": {
                    "enabled": true,
                    "type": "text",
                    "value": "",
                    "visible": true
                },
                "id": {
                    "enabled": true,
                    "type": "uuid",
                    "value": "{b1b12f4a-40f1-499b-8035-cf76bcf1fc57}",
                    "visible": true
                },
                "name": {
                    "enabled": true,
                    "type": "text",
                    "value": "WinX",
                    "visible": true
                },
                "path": {
                    "enabled": true,
                    "type": "text",
                    "value": "/",
                    "visible": true
                }
            },
            "values": [
                {
                    "language": "{b2e9d479-4783-4cb2-816f-53b1d1deb867}",
                    "value": "      X Wins!!!"
                }
            ]
        },
        {
            "properties": {
                "__categories": [
                ],
                "__groups": [
                ],
                "description": {
                    "enabled": true,
                    "type": "text",
                    "value": "",
                    "visible": true
                },
                "id": {
                    "enabled": true,
                    "type": "uuid",
                    "value": "{b42af810-7897-4c31-9bd3-93b709b1a5fd}",
                    "visible": true
                },
                "name": {
                    "enabled": true,
                    "type": "text",
                    "value": "XandOGame",
                    "visible": true
                },
                "path": {
                    "enabled": true,
                    "type": "text",
                    "value": "/",
                    "visible": true
                }
            },
            "values": [
                {
                    "language": "{b2e9d479-4783-4cb2-816f-53b1d1deb867}",
                    "value": "X&O game"
                }
            ]
        },
        {
            "properties": {
                "__categories": [
                ],
                "__groups": [
                ],
                "description": {
                    "enabled": true,
                    "type": "text",
                    "value": "",
                    "visible": true
                },
                "id": {
                    "enabled": true,
                    "type": "uuid",
                    "value": "{b74079b2-1a14-4f3d-9132-1b5a99916a49}",
                    "visible": true
                },
                "name": {
                    "enabled": true,
                    "type": "text",
                    "value": "XGame",
                    "visible": true
                },
                "path": {
                    "enabled": true,
                    "type": "text",
                    "value": "/",
                    "visible": true
                }
            },
            "values": [
                {
                    "language": "{b2e9d479-4783-4cb2-816f-53b1d1deb867}",
                    "value": "Next player: X"
                }
            ]
        },
        {
            "properties": {
                "__categories": [
                ],
                "__groups": [
                ],
                "description": {
                    "enabled": true,
                    "type": "text",
                    "value": "",
                    "visible": true
                },
                "id": {
                    "enabled": true,
                    "type": "uuid",
                    "value": "{b9cabf02-0c68-4f5a-abba-d585358bb950}",
                    "visible": true
                },
                "name": {
                    "enabled": true,
                    "type": "text",
                    "value": "No1",
                    "visible": true
                },
                "path": {
                    "enabled": true,
                    "type": "text",
                    "value": "/",
                    "visible": true
                }
            },
            "values": [
                {
                    "language": "{b2e9d479-4783-4cb2-816f-53b1d1deb867}",
                    "value": "1"
                }
            ]
        },
        {
            "properties": {
                "__categories": [
                ],
                "__groups": [
                ],
                "description": {
                    "enabled": true,
                    "type": "text",
                    "value": "",
                    "visible": true
                },
                "id": {
                    "enabled": true,
                    "type": "uuid",
                    "value": "{ba6fcccb-2926-4d76-ba48-990fef75e320}",
                    "visible": true
                },
                "name": {
                    "enabled": true,
                    "type": "text",
                    "value": "No2",
                    "visible": true
                },
                "path": {
                    "enabled": true,
                    "type": "text",
                    "value": "/",
                    "visible": true
                }
            },
            "values": [
                {
                    "language": "{b2e9d479-4783-4cb2-816f-53b1d1deb867}",
                    "value": "2"
                }
            ]
        },
        {
            "properties": {
                "__categories": [
                ],
                "__groups": [
                ],
                "description": {
                    "enabled": true,
                    "type": "text",
                    "value": "",
                    "visible": true
                },
                "id": {
                    "enabled": true,
                    "type": "uuid",
                    "value": "{bd0d579b-3687-421b-9e29-60dcafbcfe17}",
                    "visible": true
                },
                "name": {
                    "enabled": true,
                    "type": "text",
                    "value": "Lose",
                    "visible": true
                },
                "path": {
                    "enabled": true,
                    "type": "text",
                    "value": "/",
                    "visible": true
                }
            },
            "values": [
                {
                    "language": "{b2e9d479-4783-4cb2-816f-53b1d1deb867}",
                    "value": "      LOSE!!!"
                }
            ]
        },
        {
            "properties": {
                "__categories": [
                ],
                "__groups": [
                ],
                "description": {
                    "enabled": true,
                    "type": "text",
                    "value": "",
                    "visible": true
                },
                "id": {
                    "enabled": true,
                    "type": "uuid",
                    "value": "{bed94024-b39f-48af-8d51-703f33a7f95c}",
                    "visible": true
                },
                "name": {
                    "enabled": true,
                    "type": "text",
                    "value": "Key",
                    "visible": true
                },
                "path": {
                    "enabled": true,
                    "type": "text",
                    "value": "/",
                    "visible": true
                }
            },
            "values": [
                {
                    "language": "{b2e9d479-4783-4cb2-816f-53b1d1deb867}",
                    "value": " Pressed Key "
                }
            ]
        },
        {
            "properties": {
                "__categories": [
                ],
                "__groups": [
                ],
                "description": {
                    "enabled": true,
                    "type": "text",
                    "value": "",
                    "visible": true
                },
                "id": {
                    "enabled": true,
                    "type": "uuid",
                    "value": "{d1e609bb-b930-4b2d-b9fb-32dc94606fd3}",
                    "visible": true
                },
                "name": {
                    "enabled": true,
                    "type": "text",
                    "value": "Clear",
                    "visible": true
                },
                "path": {
                    "enabled": true,
                    "type": "text",
                    "value": "/",
                    "visible": true
                }
            },
            "values": [
            ]
        },
        {
            "properties": {
                "__categories": [
                ],
                "__groups": [
                ],
                "description": {
                    "enabled": true,
                    "type": "text",
                    "value": "",
                    "visible": true
                },
                "id": {
                    "enabled": true,
                    "type": "uuid",
                    "value": "{d8d937d4-be3f-4d53-8bbe-1eda1bd676b0}",
                    "visible": true
                },
                "name": {
                    "enabled": true,
                    "type": "text",
                    "value": "Restart",
                    "visible": true
                },
                "path": {
                    "enabled": true,
                    "type": "text",
                    "value": "/",
                    "visible": true
                }
            },
            "values": [
                {
                    "language": "{b2e9d479-4783-4cb2-816f-53b1d1deb867}",
                    "value": "Restart"
                }
            ]
        },
        {
            "properties": {
                "__categories": [
                ],
                "__groups": [
                ],
                "description": {
                    "enabled": true,
                    "type": "text",
                    "value": "",
                    "visible": true
                },
                "id": {
                    "enabled": true,
                    "type": "uuid",
                    "value": "{e0af587a-60f7-4b71-9bc6-1631ed107ed4}",
                    "visible": true
                },
                "name": {
                    "enabled": true,
                    "type": "text",
                    "value": "No6",
                    "visible": true
                },
                "path": {
                    "enabled": true,
                    "type": "text",
                    "value": "/",
                    "visible": true
                }
            },
            "values": [
                {
                    "language": "{b2e9d479-4783-4cb2-816f-53b1d1deb867}",
                    "value": "6"
                }
            ]
        }
    ]
}
