{
    "bindings": [
        {
            "font": "{abdf3688-de7e-49a8-aca8-70b31ac49b9a}",
            "language": "{b0445afa-2684-45c3-9cda-3a2f7191f195}",
            "string": "{16a1901d-bc5f-4883-aa34-c371af2ac685}"
        },
        {
            "font": "{abdf3688-de7e-49a8-aca8-70b31ac49b9a}",
            "language": "{b0445afa-2684-45c3-9cda-3a2f7191f195}",
            "string": "{690c0f62-9e2a-49ab-b261-150cdd9dbb5b}"
        },
        {
            "font": "{abdf3688-de7e-49a8-aca8-70b31ac49b9a}",
            "language": "{b0445afa-2684-45c3-9cda-3a2f7191f195}",
            "string": "{a3c655bc-720d-41c1-881a-e0607e81c55f}"
        },
        {
            "font": "{abdf3688-de7e-49a8-aca8-70b31ac49b9a}",
            "language": "{b0445afa-2684-45c3-9cda-3a2f7191f195}",
            "string": "{eb95ed49-0c2e-4457-8d29-ed473cee495c}"
        }
    ],
    "defaultLanguage": "{b0445afa-2684-45c3-9cda-3a2f7191f195}",
    "encoding": "ASCII",
    "languages": [
        {
            "properties": {
                "__categories": [
                ],
                "__groups": [
                ],
                "enabled": {
                    "enabled": true,
                    "type": "boolean",
                    "value": true,
                    "visible": true
                },
                "id": {
                    "enabled": true,
                    "type": "uuid",
                    "value": "{b0445afa-2684-45c3-9cda-3a2f7191f195}",
                    "visible": true
                },
                "name": {
                    "enabled": true,
                    "type": "text",
                    "value": "Default",
                    "visible": true
                }
            }
        }
    ],
    "paths": [
    ],
    "strings": [
        {
            "properties": {
                "__categories": [
                ],
                "__groups": [
                ],
                "description": {
                    "enabled": true,
                    "type": "text",
                    "value": "",
                    "visible": true
                },
                "id": {
                    "enabled": true,
                    "type": "uuid",
                    "value": "{16a1901d-bc5f-4883-aa34-c371af2ac685}",
                    "visible": true
                },
                "name": {
                    "enabled": true,
                    "type": "text",
                    "value": "strScreen1",
                    "visible": true
                },
                "path": {
                    "enabled": true,
                    "type": "text",
                    "value": "/",
                    "visible": true
                }
            },
            "values": [
                {
                    "language": "{b0445afa-2684-45c3-9cda-3a2f7191f195}",
                    "value": "Screen1"
                }
            ]
        },
        {
            "properties": {
                "__categories": [
                ],
                "__groups": [
                ],
                "description": {
                    "enabled": true,
                    "type": "text",
                    "value": "",
                    "visible": true
                },
                "id": {
                    "enabled": true,
                    "type": "uuid",
                    "value": "{690c0f62-9e2a-49ab-b261-150cdd9dbb5b}",
                    "visible": true
                },
                "name": {
                    "enabled": true,
                    "type": "text",
                    "value": "strDefaultCount",
                    "visible": true
                },
                "path": {
                    "enabled": true,
                    "type": "text",
                    "value": "/",
                    "visible": true
                }
            },
            "values": [
                {
                    "language": "{b0445afa-2684-45c3-9cda-3a2f7191f195}",
                    "value": "1"
                }
            ]
        },
        {
            "properties": {
                "__categories": [
                ],
                "__groups": [
                ],
                "description": {
                    "enabled": true,
                    "type": "text",
                    "value": "",
                    "visible": true
                },
                "id": {
                    "enabled": true,
                    "type": "uuid",
                    "value": "{a3c655bc-720d-41c1-881a-e0607e81c55f}",
                    "visible": true
                },
                "name": {
                    "enabled": true,
                    "type": "text",
                    "value": "strScreen0",
                    "visible": true
                },
                "path": {
                    "enabled": true,
                    "type": "text",
                    "value": "/",
                    "visible": true
                }
            },
            "values": [
                {
                    "language": "{b0445afa-2684-45c3-9cda-3a2f7191f195}",
                    "value": "Screen 0"
                }
            ]
        },
        {
            "properties": {
                "__categories": [
                ],
                "__groups": [
                ],
                "description": {
                    "enabled": true,
                    "type": "text",
                    "value": "",
                    "visible": true
                },
                "id": {
                    "enabled": true,
                    "type": "uuid",
                    "value": "{eb95ed49-0c2e-4457-8d29-ed473cee495c}",
                    "visible": true
                },
                "name": {
                    "enabled": true,
                    "type": "text",
                    "value": "strScreen2",
                    "visible": true
                },
                "path": {
                    "enabled": true,
                    "type": "text",
                    "value": "/",
                    "visible": true
                }
            },
            "values": [
                {
                    "language": "{b0445afa-2684-45c3-9cda-3a2f7191f195}",
                    "value": "Screen 2"
                }
            ]
        }
    ]
}
