{
    "activeLayer": "{0002d425-492c-498d-8e57-e50476112f25}",
    "events": {
        "hideEvent": {
            "enabled": "true",
            "properties": {
                "__categories": [
                ],
                "__groups": [
                ],
                "enabled": {
                    "enabled": true,
                    "type": "boolean",
                    "value": true,
                    "visible": true
                },
                "id": {
                    "enabled": true,
                    "type": "uuid",
                    "value": "{df89f9c4-f520-472f-ad83-ab84de7988ad}",
                    "visible": true
                }
            }
        },
        "showEvent": {
            "enabled": "true",
            "properties": {
                "__categories": [
                ],
                "__groups": [
                ],
                "enabled": {
                    "enabled": true,
                    "type": "boolean",
                    "value": true,
                    "visible": true
                },
                "id": {
                    "enabled": true,
                    "type": "uuid",
                    "value": "{a1a9b0c5-37e3-47af-b812-04674142986d}",
                    "visible": true
                }
            }
        },
        "updateEvent": {
            "enabled": "false",
            "properties": {
                "__categories": [
                ],
                "__groups": [
                ],
                "enabled": {
                    "enabled": true,
                    "type": "boolean",
                    "value": false,
                    "visible": true
                },
                "id": {
                    "enabled": true,
                    "type": "uuid",
                    "value": "{086980f3-9c5f-45c2-b3fc-22a74fd8163f}",
                    "visible": true
                }
            }
        }
    },
    "layers": [
        {
            "children": [
                {
                    "properties": {
                        "__categories": [
                            {
                                "expanded": true,
                                "id": "widget",
                                "visible": true
                            },
                            {
                                "expanded": true,
                                "id": "editorOptions",
                                "visible": true
                            }
                        ],
                        "__groups": [
                            {
                                "expanded": false,
                                "id": "position",
                                "visible": true
                            },
                            {
                                "expanded": false,
                                "id": "size",
                                "visible": true
                            },
                            {
                                "expanded": false,
                                "id": "alignment",
                                "visible": true
                            },
                            {
                                "expanded": false,
                                "id": "margins",
                                "visible": true
                            }
                        ],
                        "alphaEnable": {
                            "enabled": true,
                            "type": "boolean",
                            "value": false,
                            "visible": true
                        },
                        "alphaLevel": {
                            "enabled": true,
                            "type": "integer",
                            "value": 255,
                            "visible": true
                        },
                        "background": {
                            "enabled": true,
                            "type": "combo",
                            "value": 1,
                            "visible": true
                        },
                        "border": {
                            "enabled": true,
                            "type": "combo",
                            "value": 1,
                            "visible": true
                        },
                        "editorExpanded": {
                            "enabled": true,
                            "type": "boolean",
                            "value": true,
                            "visible": true
                        },
                        "editorHidden": {
                            "enabled": true,
                            "type": "boolean",
                            "value": false,
                            "visible": true
                        },
                        "editorLocked": {
                            "enabled": true,
                            "type": "boolean",
                            "value": false,
                            "visible": true
                        },
                        "enabled": {
                            "enabled": true,
                            "type": "boolean",
                            "value": true,
                            "visible": true
                        },
                        "halign": {
                            "enabled": true,
                            "type": "combo",
                            "value": 1,
                            "visible": true
                        },
                        "height": {
                            "enabled": true,
                            "type": "integer",
                            "value": 480,
                            "visible": true
                        },
                        "id": {
                            "enabled": true,
                            "type": "uuid",
                            "value": "{a2455dad-f3ce-406a-9697-4a2487c07dc3}",
                            "visible": true
                        },
                        "marginBottom": {
                            "enabled": true,
                            "type": "integer",
                            "value": 4,
                            "visible": true
                        },
                        "marginLeft": {
                            "enabled": true,
                            "type": "integer",
                            "value": 4,
                            "visible": true
                        },
                        "marginRight": {
                            "enabled": true,
                            "type": "integer",
                            "value": 4,
                            "visible": true
                        },
                        "marginTop": {
                            "enabled": true,
                            "type": "integer",
                            "value": 4,
                            "visible": true
                        },
                        "name": {
                            "enabled": true,
                            "type": "text",
                            "value": "Panel_0",
                            "visible": true
                        },
                        "scheme": {
                            "enabled": true,
                            "type": "scheme",
                            "value": "{a47fdd66-b5c9-4c44-b467-c2de7725c683}",
                            "visible": true
                        },
                        "valign": {
                            "enabled": true,
                            "type": "combo",
                            "value": 1,
                            "visible": true
                        },
                        "visible": {
                            "enabled": true,
                            "type": "boolean",
                            "value": true,
                            "visible": true
                        },
                        "width": {
                            "enabled": true,
                            "type": "integer",
                            "value": 800,
                            "visible": true
                        },
                        "x": {
                            "enabled": true,
                            "type": "integer",
                            "value": 0,
                            "visible": true
                        },
                        "y": {
                            "enabled": true,
                            "type": "integer",
                            "value": 0,
                            "visible": true
                        }
                    },
                    "type": "PanelWidget"
                },
                {
                    "cells": [
                        {
                            "__categories": [
                                {
                                    "expanded": true,
                                    "id": "cell",
                                    "visible": true
                                }
                            ],
                            "__groups": [
                            ],
                            "action": {
                                "enabled": true,
                                "type": "combo",
                                "value": 0,
                                "visible": true
                            },
                            "background": {
                                "enabled": true,
                                "type": "combo",
                                "value": 1,
                                "visible": true
                            },
                            "enabled": {
                                "enabled": true,
                                "type": "boolean",
                                "value": true,
                                "visible": true
                            },
                            "imageMargin": {
                                "enabled": true,
                                "type": "integer",
                                "value": 10,
                                "visible": true
                            },
                            "position": {
                                "enabled": true,
                                "type": "combo",
                                "value": 2,
                                "visible": true
                            },
                            "pressIcon": {
                                "enabled": true,
                                "type": "image",
                                "value": "{72b83110-ed07-4900-8da5-19c1917f1015}",
                                "visible": true
                            },
                            "releaseIcon": {
                                "enabled": true,
                                "type": "image",
                                "value": "{a467d997-980c-4d6d-9864-f3f27773e936}",
                                "visible": true
                            },
                            "string": {
                                "enabled": true,
                                "type": "string",
                                "value": "{00000000-0000-0000-0000-000000000000}",
                                "visible": true
                            },
                            "value": {
                                "enabled": true,
                                "type": "string",
                                "value": "{00000000-0000-0000-0000-000000000000}",
                                "visible": true
                            }
                        },
                        {
                            "__categories": [
                                {
                                    "expanded": true,
                                    "id": "cell",
                                    "visible": true
                                }
                            ],
                            "__groups": [
                            ],
                            "action": {
                                "enabled": true,
                                "type": "combo",
                                "value": 0,
                                "visible": true
                            },
                            "background": {
                                "enabled": true,
                                "type": "combo",
                                "value": 1,
                                "visible": true
                            },
                            "enabled": {
                                "enabled": true,
                                "type": "boolean",
                                "value": true,
                                "visible": true
                            },
                            "imageMargin": {
                                "enabled": true,
                                "type": "integer",
                                "value": 10,
                                "visible": true
                            },
                            "position": {
                                "enabled": true,
                                "type": "combo",
                                "value": 2,
                                "visible": true
                            },
                            "pressIcon": {
                                "enabled": true,
                                "type": "image",
                                "value": "{72b83110-ed07-4900-8da5-19c1917f1015}",
                                "visible": true
                            },
                            "releaseIcon": {
                                "enabled": true,
                                "type": "image",
                                "value": "{a467d997-980c-4d6d-9864-f3f27773e936}",
                                "visible": true
                            },
                            "string": {
                                "enabled": true,
                                "type": "string",
                                "value": "{00000000-0000-0000-0000-000000000000}",
                                "visible": true
                            },
                            "value": {
                                "enabled": true,
                                "type": "string",
                                "value": "{00000000-0000-0000-0000-000000000000}",
                                "visible": true
                            }
                        },
                        {
                            "__categories": [
                                {
                                    "expanded": true,
                                    "id": "cell",
                                    "visible": true
                                }
                            ],
                            "__groups": [
                            ],
                            "action": {
                                "enabled": true,
                                "type": "combo",
                                "value": 0,
                                "visible": true
                            },
                            "background": {
                                "enabled": true,
                                "type": "combo",
                                "value": 1,
                                "visible": true
                            },
                            "enabled": {
                                "enabled": true,
                                "type": "boolean",
                                "value": true,
                                "visible": true
                            },
                            "imageMargin": {
                                "enabled": true,
                                "type": "integer",
                                "value": 10,
                                "visible": true
                            },
                            "position": {
                                "enabled": true,
                                "type": "combo",
                                "value": 2,
                                "visible": true
                            },
                            "pressIcon": {
                                "enabled": true,
                                "type": "image",
                                "value": "{72b83110-ed07-4900-8da5-19c1917f1015}",
                                "visible": true
                            },
                            "releaseIcon": {
                                "enabled": true,
                                "type": "image",
                                "value": "{a467d997-980c-4d6d-9864-f3f27773e936}",
                                "visible": true
                            },
                            "string": {
                                "enabled": true,
                                "type": "string",
                                "value": "{00000000-0000-0000-0000-000000000000}",
                                "visible": true
                            },
                            "value": {
                                "enabled": true,
                                "type": "string",
                                "value": "{00000000-0000-0000-0000-000000000000}",
                                "visible": true
                            }
                        },
                        {
                            "__categories": [
                                {
                                    "expanded": true,
                                    "id": "cell",
                                    "visible": true
                                }
                            ],
                            "__groups": [
                            ],
                            "action": {
                                "enabled": true,
                                "type": "combo",
                                "value": 0,
                                "visible": true
                            },
                            "background": {
                                "enabled": true,
                                "type": "combo",
                                "value": 1,
                                "visible": true
                            },
                            "enabled": {
                                "enabled": true,
                                "type": "boolean",
                                "value": true,
                                "visible": true
                            },
                            "imageMargin": {
                                "enabled": true,
                                "type": "integer",
                                "value": 10,
                                "visible": true
                            },
                            "position": {
                                "enabled": true,
                                "type": "combo",
                                "value": 2,
                                "visible": true
                            },
                            "pressIcon": {
                                "enabled": true,
                                "type": "image",
                                "value": "{72b83110-ed07-4900-8da5-19c1917f1015}",
                                "visible": true
                            },
                            "releaseIcon": {
                                "enabled": true,
                                "type": "image",
                                "value": "{a467d997-980c-4d6d-9864-f3f27773e936}",
                                "visible": true
                            },
                            "string": {
                                "enabled": true,
                                "type": "string",
                                "value": "{00000000-0000-0000-0000-000000000000}",
                                "visible": true
                            },
                            "value": {
                                "enabled": true,
                                "type": "string",
                                "value": "{00000000-0000-0000-0000-000000000000}",
                                "visible": true
                            }
                        },
                        {
                            "__categories": [
                                {
                                    "expanded": true,
                                    "id": "cell",
                                    "visible": true
                                }
                            ],
                            "__groups": [
                            ],
                            "action": {
                                "enabled": true,
                                "type": "combo",
                                "value": 0,
                                "visible": true
                            },
                            "background": {
                                "enabled": true,
                                "type": "combo",
                                "value": 1,
                                "visible": true
                            },
                            "enabled": {
                                "enabled": true,
                                "type": "boolean",
                                "value": true,
                                "visible": true
                            },
                            "imageMargin": {
                                "enabled": true,
                                "type": "integer",
                                "value": 10,
                                "visible": true
                            },
                            "position": {
                                "enabled": true,
                                "type": "combo",
                                "value": 2,
                                "visible": true
                            },
                            "pressIcon": {
                                "enabled": true,
                                "type": "image",
                                "value": "{72b83110-ed07-4900-8da5-19c1917f1015}",
                                "visible": true
                            },
                            "releaseIcon": {
                                "enabled": true,
                                "type": "image",
                                "value": "{a467d997-980c-4d6d-9864-f3f27773e936}",
                                "visible": true
                            },
                            "string": {
                                "enabled": true,
                                "type": "string",
                                "value": "{00000000-0000-0000-0000-000000000000}",
                                "visible": true
                            },
                            "value": {
                                "enabled": true,
                                "type": "string",
                                "value": "{00000000-0000-0000-0000-000000000000}",
                                "visible": true
                            }
                        },
                        {
                            "__categories": [
                                {
                                    "expanded": true,
                                    "id": "cell",
                                    "visible": true
                                }
                            ],
                            "__groups": [
                            ],
                            "action": {
                                "enabled": true,
                                "type": "combo",
                                "value": 0,
                                "visible": true
                            },
                            "background": {
                                "enabled": true,
                                "type": "combo",
                                "value": 1,
                                "visible": true
                            },
                            "enabled": {
                                "enabled": true,
                                "type": "boolean",
                                "value": true,
                                "visible": true
                            },
                            "imageMargin": {
                                "enabled": true,
                                "type": "integer",
                                "value": 10,
                                "visible": true
                            },
                            "position": {
                                "enabled": true,
                                "type": "combo",
                                "value": 2,
                                "visible": true
                            },
                            "pressIcon": {
                                "enabled": true,
                                "type": "image",
                                "value": "{72b83110-ed07-4900-8da5-19c1917f1015}",
                                "visible": true
                            },
                            "releaseIcon": {
                                "enabled": true,
                                "type": "image",
                                "value": "{a467d997-980c-4d6d-9864-f3f27773e936}",
                                "visible": true
                            },
                            "string": {
                                "enabled": true,
                                "type": "string",
                                "value": "{00000000-0000-0000-0000-000000000000}",
                                "visible": true
                            },
                            "value": {
                                "enabled": true,
                                "type": "string",
                                "value": "{00000000-0000-0000-0000-000000000000}",
                                "visible": true
                            }
                        },
                        {
                            "__categories": [
                                {
                                    "expanded": true,
                                    "id": "cell",
                                    "visible": true
                                }
                            ],
                            "__groups": [
                            ],
                            "action": {
                                "enabled": true,
                                "type": "combo",
                                "value": 0,
                                "visible": true
                            },
                            "background": {
                                "enabled": true,
                                "type": "combo",
                                "value": 1,
                                "visible": true
                            },
                            "enabled": {
                                "enabled": true,
                                "type": "boolean",
                                "value": true,
                                "visible": true
                            },
                            "imageMargin": {
                                "enabled": true,
                                "type": "integer",
                                "value": 10,
                                "visible": true
                            },
                            "position": {
                                "enabled": true,
                                "type": "combo",
                                "value": 2,
                                "visible": true
                            },
                            "pressIcon": {
                                "enabled": true,
                                "type": "image",
                                "value": "{72b83110-ed07-4900-8da5-19c1917f1015}",
                                "visible": true
                            },
                            "releaseIcon": {
                                "enabled": true,
                                "type": "image",
                                "value": "{a467d997-980c-4d6d-9864-f3f27773e936}",
                                "visible": true
                            },
                            "string": {
                                "enabled": true,
                                "type": "string",
                                "value": "{00000000-0000-0000-0000-000000000000}",
                                "visible": true
                            },
                            "value": {
                                "enabled": true,
                                "type": "string",
                                "value": "{00000000-0000-0000-0000-000000000000}",
                                "visible": true
                            }
                        },
                        {
                            "__categories": [
                                {
                                    "expanded": true,
                                    "id": "cell",
                                    "visible": true
                                }
                            ],
                            "__groups": [
                            ],
                            "action": {
                                "enabled": true,
                                "type": "combo",
                                "value": 0,
                                "visible": true
                            },
                            "background": {
                                "enabled": true,
                                "type": "combo",
                                "value": 1,
                                "visible": true
                            },
                            "enabled": {
                                "enabled": true,
                                "type": "boolean",
                                "value": true,
                                "visible": true
                            },
                            "imageMargin": {
                                "enabled": true,
                                "type": "integer",
                                "value": 10,
                                "visible": true
                            },
                            "position": {
                                "enabled": true,
                                "type": "combo",
                                "value": 2,
                                "visible": true
                            },
                            "pressIcon": {
                                "enabled": true,
                                "type": "image",
                                "value": "{72b83110-ed07-4900-8da5-19c1917f1015}",
                                "visible": true
                            },
                            "releaseIcon": {
                                "enabled": true,
                                "type": "image",
                                "value": "{a467d997-980c-4d6d-9864-f3f27773e936}",
                                "visible": true
                            },
                            "string": {
                                "enabled": true,
                                "type": "string",
                                "value": "{00000000-0000-0000-0000-000000000000}",
                                "visible": true
                            },
                            "value": {
                                "enabled": true,
                                "type": "string",
                                "value": "{00000000-0000-0000-0000-000000000000}",
                                "visible": true
                            }
                        },
                        {
                            "__categories": [
                                {
                                    "expanded": true,
                                    "id": "cell",
                                    "visible": true
                                }
                            ],
                            "__groups": [
                            ],
                            "action": {
                                "enabled": true,
                                "type": "combo",
                                "value": 0,
                                "visible": true
                            },
                            "background": {
                                "enabled": true,
                                "type": "combo",
                                "value": 1,
                                "visible": true
                            },
                            "enabled": {
                                "enabled": true,
                                "type": "boolean",
                                "value": true,
                                "visible": true
                            },
                            "imageMargin": {
                                "enabled": true,
                                "type": "integer",
                                "value": 10,
                                "visible": true
                            },
                            "position": {
                                "enabled": true,
                                "type": "combo",
                                "value": 2,
                                "visible": true
                            },
                            "pressIcon": {
                                "enabled": true,
                                "type": "image",
                                "value": "{72b83110-ed07-4900-8da5-19c1917f1015}",
                                "visible": true
                            },
                            "releaseIcon": {
                                "enabled": true,
                                "type": "image",
                                "value": "{a467d997-980c-4d6d-9864-f3f27773e936}",
                                "visible": true
                            },
                            "string": {
                                "enabled": true,
                                "type": "string",
                                "value": "{00000000-0000-0000-0000-000000000000}",
                                "visible": true
                            },
                            "value": {
                                "enabled": true,
                                "type": "string",
                                "value": "{00000000-0000-0000-0000-000000000000}",
                                "visible": true
                            }
                        }
                    ],
                    "events": {
                        "keyClickEvent": {
                            "enabled": "true",
                            "properties": {
                                "__categories": [
                                ],
                                "__groups": [
                                ],
                                "enabled": {
                                    "enabled": true,
                                    "type": "boolean",
                                    "value": true,
                                    "visible": true
                                },
                                "id": {
                                    "enabled": true,
                                    "type": "uuid",
                                    "value": "{9b0a0d62-1290-45c7-a0cc-c2fe0585143f}",
                                    "visible": true
                                }
                            }
                        }
                    },
                    "properties": {
                        "__categories": [
                            {
                                "expanded": true,
                                "id": "widget",
                                "visible": true
                            },
                            {
                                "expanded": true,
                                "id": "keypad",
                                "visible": true
                            },
                            {
                                "expanded": true,
                                "id": "event",
                                "visible": true
                            },
                            {
                                "expanded": true,
                                "id": "editorOptions",
                                "visible": true
                            }
                        ],
                        "__groups": [
                            {
                                "expanded": false,
                                "id": "position",
                                "visible": true
                            },
                            {
                                "expanded": false,
                                "id": "size",
                                "visible": true
                            },
                            {
                                "expanded": false,
                                "id": "alignment",
                                "visible": true
                            },
                            {
                                "expanded": false,
                                "id": "margins",
                                "visible": true
                            }
                        ],
                        "alphaEnable": {
                            "enabled": true,
                            "type": "boolean",
                            "value": false,
                            "visible": true
                        },
                        "alphaLevel": {
                            "enabled": true,
                            "type": "integer",
                            "value": 255,
                            "visible": true
                        },
                        "background": {
                            "enabled": true,
                            "type": "combo",
                            "value": 0,
                            "visible": true
                        },
                        "border": {
                            "enabled": true,
                            "type": "combo",
                            "value": 2,
                            "visible": true
                        },
                        "colCount": {
                            "enabled": true,
                            "type": "integer",
                            "value": 3,
                            "visible": true
                        },
                        "editorExpanded": {
                            "enabled": true,
                            "type": "boolean",
                            "value": true,
                            "visible": true
                        },
                        "editorHidden": {
                            "enabled": true,
                            "type": "boolean",
                            "value": false,
                            "visible": true
                        },
                        "editorLocked": {
                            "enabled": true,
                            "type": "boolean",
                            "value": false,
                            "visible": true
                        },
                        "enabled": {
                            "enabled": true,
                            "type": "boolean",
                            "value": true,
                            "visible": true
                        },
                        "halign": {
                            "enabled": true,
                            "type": "combo",
                            "value": 1,
                            "visible": true
                        },
                        "height": {
                            "enabled": true,
                            "type": "integer",
                            "value": 200,
                            "visible": true
                        },
                        "id": {
                            "enabled": true,
                            "type": "uuid",
                            "value": "{6322c8c2-8a4d-46c1-8daa-f593daed8e28}",
                            "visible": true
                        },
                        "marginBottom": {
                            "enabled": true,
                            "type": "integer",
                            "value": 4,
                            "visible": true
                        },
                        "marginLeft": {
                            "enabled": true,
                            "type": "integer",
                            "value": 4,
                            "visible": true
                        },
                        "marginRight": {
                            "enabled": true,
                            "type": "integer",
                            "value": 4,
                            "visible": true
                        },
                        "marginTop": {
                            "enabled": true,
                            "type": "integer",
                            "value": 4,
                            "visible": true
                        },
                        "name": {
                            "enabled": true,
                            "type": "text",
                            "value": "KeyPadWidget",
                            "visible": true
                        },
                        "rowCount": {
                            "enabled": true,
                            "type": "integer",
                            "value": 3,
                            "visible": true
                        },
                        "scheme": {
                            "enabled": true,
                            "type": "scheme",
                            "value": "{104caf00-19ba-4f67-848e-7b202223542a}",
                            "visible": true
                        },
                        "triggerMode": {
                            "enabled": true,
                            "type": "combo",
                            "value": 0,
                            "visible": true
                        },
                        "valign": {
                            "enabled": true,
                            "type": "combo",
                            "value": 1,
                            "visible": true
                        },
                        "visible": {
                            "enabled": true,
                            "type": "boolean",
                            "value": true,
                            "visible": true
                        },
                        "width": {
                            "enabled": true,
                            "type": "integer",
                            "value": 200,
                            "visible": true
                        },
                        "x": {
                            "enabled": true,
                            "type": "integer",
                            "value": 298,
                            "visible": true
                        },
                        "y": {
                            "enabled": true,
                            "type": "integer",
                            "value": 173,
                            "visible": true
                        }
                    },
                    "type": "KeyPadWidget"
                },
                {
                    "events": {
                        "pressEvent": {
                            "enabled": "true",
                            "properties": {
                                "__categories": [
                                ],
                                "__groups": [
                                ],
                                "enabled": {
                                    "enabled": true,
                                    "type": "boolean",
                                    "value": true,
                                    "visible": true
                                },
                                "id": {
                                    "enabled": true,
                                    "type": "uuid",
                                    "value": "{9b8199c6-4c62-499e-8cab-1fd173aea861}",
                                    "visible": true
                                }
                            }
                        },
                        "releaseEvent": {
                            "enabled": "false",
                            "properties": {
                                "__categories": [
                                ],
                                "__groups": [
                                ],
                                "enabled": {
                                    "enabled": true,
                                    "type": "boolean",
                                    "value": false,
                                    "visible": true
                                },
                                "id": {
                                    "enabled": true,
                                    "type": "uuid",
                                    "value": "{a2b9d451-9963-4173-b27e-2a768a8c73a5}",
                                    "visible": true
                                }
                            }
                        }
                    },
                    "properties": {
                        "__categories": [
                            {
                                "expanded": true,
                                "id": "widget",
                                "visible": true
                            },
                            {
                                "expanded": true,
                                "id": "button",
                                "visible": true
                            },
                            {
                                "expanded": true,
                                "id": "event",
                                "visible": true
                            },
                            {
                                "expanded": true,
                                "id": "editorOptions",
                                "visible": true
                            }
                        ],
                        "__groups": [
                            {
                                "expanded": false,
                                "id": "position",
                                "visible": true
                            },
                            {
                                "expanded": false,
                                "id": "size",
                                "visible": true
                            },
                            {
                                "expanded": true,
                                "id": "alignment",
                                "visible": true
                            },
                            {
                                "expanded": false,
                                "id": "margins",
                                "visible": true
                            }
                        ],
                        "alphaEnable": {
                            "enabled": true,
                            "type": "boolean",
                            "value": false,
                            "visible": true
                        },
                        "alphaLevel": {
                            "enabled": true,
                            "type": "integer",
                            "value": 255,
                            "visible": true
                        },
                        "background": {
                            "enabled": true,
                            "type": "combo",
                            "value": 1,
                            "visible": true
                        },
                        "border": {
                            "enabled": true,
                            "type": "combo",
                            "value": 0,
                            "visible": true
                        },
                        "editorExpanded": {
                            "enabled": true,
                            "type": "boolean",
                            "value": true,
                            "visible": true
                        },
                        "editorHidden": {
                            "enabled": true,
                            "type": "boolean",
                            "value": false,
                            "visible": true
                        },
                        "editorLocked": {
                            "enabled": true,
                            "type": "boolean",
                            "value": false,
                            "visible": true
                        },
                        "enabled": {
                            "enabled": true,
                            "type": "boolean",
                            "value": true,
                            "visible": true
                        },
                        "halign": {
                            "enabled": true,
                            "type": "combo",
                            "value": 1,
                            "visible": true
                        },
                        "height": {
                            "enabled": true,
                            "type": "integer",
                            "value": 35,
                            "visible": true
                        },
                        "id": {
                            "enabled": true,
                            "type": "uuid",
                            "value": "{e7db1c5c-aed2-4fe9-9b08-984bb852557e}",
                            "visible": true
                        },
                        "imageMargin": {
                            "enabled": true,
                            "type": "integer",
                            "value": 10,
                            "visible": true
                        },
                        "imagePosition": {
                            "enabled": true,
                            "type": "combo",
                            "value": 0,
                            "visible": true
                        },
                        "marginBottom": {
                            "enabled": true,
                            "type": "integer",
                            "value": 4,
                            "visible": true
                        },
                        "marginLeft": {
                            "enabled": true,
                            "type": "integer",
                            "value": 4,
                            "visible": true
                        },
                        "marginRight": {
                            "enabled": true,
                            "type": "integer",
                            "value": 4,
                            "visible": true
                        },
                        "marginTop": {
                            "enabled": true,
                            "type": "integer",
                            "value": 4,
                            "visible": true
                        },
                        "name": {
                            "enabled": true,
                            "type": "text",
                            "value": "ButtonWidget_Logo",
                            "visible": true
                        },
                        "pressOffset": {
                            "enabled": true,
                            "type": "integer",
                            "value": 1,
                            "visible": true
                        },
                        "pressed": {
                            "enabled": true,
                            "type": "boolean",
                            "value": false,
                            "visible": false
                        },
                        "pressedImage": {
                            "enabled": true,
                            "type": "image",
                            "value": "",
                            "visible": true
                        },
                        "releasedImage": {
                            "enabled": true,
                            "type": "image",
                            "value": "",
                            "visible": true
                        },
                        "scheme": {
                            "enabled": true,
                            "type": "scheme",
                            "value": "{104caf00-19ba-4f67-848e-7b202223542a}",
                            "visible": true
                        },
                        "string": {
                            "enabled": true,
                            "type": "string",
                            "value": "{5d616fed-295c-4954-83ec-71073272d23f}",
                            "visible": true
                        },
                        "toggleable": {
                            "enabled": true,
                            "type": "boolean",
                            "value": false,
                            "visible": true
                        },
                        "valign": {
                            "enabled": true,
                            "type": "combo",
                            "value": 0,
                            "visible": true
                        },
                        "visible": {
                            "enabled": true,
                            "type": "boolean",
                            "value": true,
                            "visible": true
                        },
                        "width": {
                            "enabled": true,
                            "type": "integer",
                            "value": 168,
                            "visible": true
                        },
                        "x": {
                            "enabled": true,
                            "type": "integer",
                            "value": 28,
                            "visible": true
                        },
                        "y": {
                            "enabled": true,
                            "type": "integer",
                            "value": 17,
                            "visible": true
                        }
                    },
                    "type": "ButtonWidget"
                },
                {
                    "properties": {
                        "__categories": [
                            {
                                "expanded": true,
                                "id": "widget",
                                "visible": true
                            },
                            {
                                "expanded": true,
                                "id": "label",
                                "visible": true
                            },
                            {
                                "expanded": true,
                                "id": "editorOptions",
                                "visible": true
                            }
                        ],
                        "__groups": [
                            {
                                "expanded": false,
                                "id": "position",
                                "visible": true
                            },
                            {
                                "expanded": false,
                                "id": "size",
                                "visible": true
                            },
                            {
                                "expanded": false,
                                "id": "alignment",
                                "visible": true
                            },
                            {
                                "expanded": false,
                                "id": "margins",
                                "visible": true
                            }
                        ],
                        "alphaEnable": {
                            "enabled": true,
                            "type": "boolean",
                            "value": false,
                            "visible": true
                        },
                        "alphaLevel": {
                            "enabled": true,
                            "type": "integer",
                            "value": 255,
                            "visible": true
                        },
                        "background": {
                            "enabled": true,
                            "type": "combo",
                            "value": 1,
                            "visible": true
                        },
                        "border": {
                            "enabled": true,
                            "type": "combo",
                            "value": 0,
                            "visible": true
                        },
                        "editorExpanded": {
                            "enabled": true,
                            "type": "boolean",
                            "value": true,
                            "visible": true
                        },
                        "editorHidden": {
                            "enabled": true,
                            "type": "boolean",
                            "value": false,
                            "visible": true
                        },
                        "editorLocked": {
                            "enabled": true,
                            "type": "boolean",
                            "value": false,
                            "visible": true
                        },
                        "enabled": {
                            "enabled": true,
                            "type": "boolean",
                            "value": true,
                            "visible": true
                        },
                        "halign": {
                            "enabled": true,
                            "type": "combo",
                            "value": 0,
                            "visible": true
                        },
                        "height": {
                            "enabled": true,
                            "type": "integer",
                            "value": 39,
                            "visible": true
                        },
                        "id": {
                            "enabled": true,
                            "type": "uuid",
                            "value": "{24ff143b-b7f7-4a13-9521-c3714a97a31b}",
                            "visible": true
                        },
                        "marginBottom": {
                            "enabled": true,
                            "type": "integer",
                            "value": 4,
                            "visible": true
                        },
                        "marginLeft": {
                            "enabled": true,
                            "type": "integer",
                            "value": 4,
                            "visible": true
                        },
                        "marginRight": {
                            "enabled": true,
                            "type": "integer",
                            "value": 4,
                            "visible": true
                        },
                        "marginTop": {
                            "enabled": true,
                            "type": "integer",
                            "value": 4,
                            "visible": true
                        },
                        "name": {
                            "enabled": true,
                            "type": "text",
                            "value": "LabelWidget_Player",
                            "visible": true
                        },
                        "scheme": {
                            "enabled": true,
                            "type": "scheme",
                            "value": "{104caf00-19ba-4f67-848e-7b202223542a}",
                            "visible": true
                        },
                        "string": {
                            "enabled": true,
                            "type": "string",
                            "value": "{00000000-0000-0000-0000-000000000000}",
                            "visible": true
                        },
                        "valign": {
                            "enabled": true,
                            "type": "combo",
                            "value": 1,
                            "visible": true
                        },
                        "visible": {
                            "enabled": true,
                            "type": "boolean",
                            "value": true,
                            "visible": true
                        },
                        "width": {
                            "enabled": true,
                            "type": "integer",
                            "value": 198,
                            "visible": true
                        },
                        "x": {
                            "enabled": true,
                            "type": "integer",
                            "value": 299,
                            "visible": true
                        },
                        "y": {
                            "enabled": true,
                            "type": "integer",
                            "value": 90,
                            "visible": true
                        }
                    },
                    "type": "LabelWidget"
                },
                {
                    "properties": {
                        "__categories": [
                            {
                                "expanded": true,
                                "id": "widget",
                                "visible": true
                            },
                            {
                                "expanded": true,
                                "id": "label",
                                "visible": true
                            },
                            {
                                "expanded": true,
                                "id": "editorOptions",
                                "visible": true
                            }
                        ],
                        "__groups": [
                            {
                                "expanded": false,
                                "id": "position",
                                "visible": true
                            },
                            {
                                "expanded": false,
                                "id": "size",
                                "visible": true
                            },
                            {
                                "expanded": false,
                                "id": "alignment",
                                "visible": true
                            },
                            {
                                "expanded": false,
                                "id": "margins",
                                "visible": true
                            }
                        ],
                        "alphaEnable": {
                            "enabled": true,
                            "type": "boolean",
                            "value": false,
                            "visible": true
                        },
                        "alphaLevel": {
                            "enabled": true,
                            "type": "integer",
                            "value": 255,
                            "visible": true
                        },
                        "background": {
                            "enabled": true,
                            "type": "combo",
                            "value": 1,
                            "visible": true
                        },
                        "border": {
                            "enabled": true,
                            "type": "combo",
                            "value": 1,
                            "visible": true
                        },
                        "editorExpanded": {
                            "enabled": true,
                            "type": "boolean",
                            "value": true,
                            "visible": true
                        },
                        "editorHidden": {
                            "enabled": true,
                            "type": "boolean",
                            "value": false,
                            "visible": true
                        },
                        "editorLocked": {
                            "enabled": true,
                            "type": "boolean",
                            "value": false,
                            "visible": true
                        },
                        "enabled": {
                            "enabled": true,
                            "type": "boolean",
                            "value": false,
                            "visible": true
                        },
                        "halign": {
                            "enabled": true,
                            "type": "combo",
                            "value": 0,
                            "visible": true
                        },
                        "height": {
                            "enabled": true,
                            "type": "integer",
                            "value": 68,
                            "visible": true
                        },
                        "id": {
                            "enabled": true,
                            "type": "uuid",
                            "value": "{d9b6a0e8-3875-4f14-83b0-802edbba48d9}",
                            "visible": true
                        },
                        "marginBottom": {
                            "enabled": true,
                            "type": "integer",
                            "value": 4,
                            "visible": true
                        },
                        "marginLeft": {
                            "enabled": true,
                            "type": "integer",
                            "value": 4,
                            "visible": true
                        },
                        "marginRight": {
                            "enabled": true,
                            "type": "integer",
                            "value": 4,
                            "visible": true
                        },
                        "marginTop": {
                            "enabled": true,
                            "type": "integer",
                            "value": 4,
                            "visible": true
                        },
                        "name": {
                            "enabled": true,
                            "type": "text",
                            "value": "LabelWidget_Winner",
                            "visible": true
                        },
                        "scheme": {
                            "enabled": true,
                            "type": "scheme",
                            "value": "{104caf00-19ba-4f67-848e-7b202223542a}",
                            "visible": true
                        },
                        "string": {
                            "enabled": true,
                            "type": "string",
                            "value": "{00000000-0000-0000-0000-000000000000}",
                            "visible": true
                        },
                        "valign": {
                            "enabled": true,
                            "type": "combo",
                            "value": 1,
                            "visible": true
                        },
                        "visible": {
                            "enabled": true,
                            "type": "boolean",
                            "value": false,
                            "visible": true
                        },
                        "width": {
                            "enabled": true,
                            "type": "integer",
                            "value": 199,
                            "visible": true
                        },
                        "x": {
                            "enabled": true,
                            "type": "integer",
                            "value": 298,
                            "visible": true
                        },
                        "y": {
                            "enabled": true,
                            "type": "integer",
                            "value": 239,
                            "visible": true
                        }
                    },
                    "type": "LabelWidget"
                },
                {
                    "events": {
                        "pressEvent": {
                            "enabled": "true",
                            "properties": {
                                "__categories": [
                                ],
                                "__groups": [
                                ],
                                "enabled": {
                                    "enabled": true,
                                    "type": "boolean",
                                    "value": true,
                                    "visible": true
                                },
                                "id": {
                                    "enabled": true,
                                    "type": "uuid",
                                    "value": "{9207a380-0295-4527-bc67-49ea26bf2e0b}",
                                    "visible": true
                                }
                            }
                        },
                        "releaseEvent": {
                            "enabled": "false",
                            "properties": {
                                "__categories": [
                                ],
                                "__groups": [
                                ],
                                "enabled": {
                                    "enabled": true,
                                    "type": "boolean",
                                    "value": false,
                                    "visible": true
                                },
                                "id": {
                                    "enabled": true,
                                    "type": "uuid",
                                    "value": "{298238a3-d4fc-416e-8f8c-02aeb31c8171}",
                                    "visible": true
                                }
                            }
                        }
                    },
                    "properties": {
                        "__categories": [
                            {
                                "expanded": true,
                                "id": "widget",
                                "visible": true
                            },
                            {
                                "expanded": true,
                                "id": "button",
                                "visible": true
                            },
                            {
                                "expanded": true,
                                "id": "event",
                                "visible": true
                            },
                            {
                                "expanded": true,
                                "id": "editorOptions",
                                "visible": true
                            }
                        ],
                        "__groups": [
                            {
                                "expanded": false,
                                "id": "position",
                                "visible": true
                            },
                            {
                                "expanded": false,
                                "id": "size",
                                "visible": true
                            },
                            {
                                "expanded": false,
                                "id": "alignment",
                                "visible": true
                            },
                            {
                                "expanded": false,
                                "id": "margins",
                                "visible": true
                            }
                        ],
                        "alphaEnable": {
                            "enabled": true,
                            "type": "boolean",
                            "value": false,
                            "visible": true
                        },
                        "alphaLevel": {
                            "enabled": true,
                            "type": "integer",
                            "value": 255,
                            "visible": true
                        },
                        "background": {
                            "enabled": true,
                            "type": "combo",
                            "value": 1,
                            "visible": true
                        },
                        "border": {
                            "enabled": true,
                            "type": "combo",
                            "value": 0,
                            "visible": true
                        },
                        "editorExpanded": {
                            "enabled": true,
                            "type": "boolean",
                            "value": true,
                            "visible": true
                        },
                        "editorHidden": {
                            "enabled": true,
                            "type": "boolean",
                            "value": false,
                            "visible": true
                        },
                        "editorLocked": {
                            "enabled": true,
                            "type": "boolean",
                            "value": false,
                            "visible": true
                        },
                        "enabled": {
                            "enabled": true,
                            "type": "boolean",
                            "value": true,
                            "visible": true
                        },
                        "halign": {
                            "enabled": true,
                            "type": "combo",
                            "value": 1,
                            "visible": true
                        },
                        "height": {
                            "enabled": true,
                            "type": "integer",
                            "value": 33,
                            "visible": true
                        },
                        "id": {
                            "enabled": true,
                            "type": "uuid",
                            "value": "{6464627e-5b3e-4c0f-9c98-979ad6e142f2}",
                            "visible": true
                        },
                        "imageMargin": {
                            "enabled": true,
                            "type": "integer",
                            "value": 10,
                            "visible": true
                        },
                        "imagePosition": {
                            "enabled": true,
                            "type": "combo",
                            "value": 0,
                            "visible": true
                        },
                        "marginBottom": {
                            "enabled": true,
                            "type": "integer",
                            "value": 4,
                            "visible": true
                        },
                        "marginLeft": {
                            "enabled": true,
                            "type": "integer",
                            "value": 4,
                            "visible": true
                        },
                        "marginRight": {
                            "enabled": true,
                            "type": "integer",
                            "value": 4,
                            "visible": true
                        },
                        "marginTop": {
                            "enabled": true,
                            "type": "integer",
                            "value": 4,
                            "visible": true
                        },
                        "name": {
                            "enabled": true,
                            "type": "text",
                            "value": "ButtonWidget_Game_Rst",
                            "visible": true
                        },
                        "pressOffset": {
                            "enabled": true,
                            "type": "integer",
                            "value": 1,
                            "visible": true
                        },
                        "pressed": {
                            "enabled": true,
                            "type": "boolean",
                            "value": false,
                            "visible": false
                        },
                        "pressedImage": {
                            "enabled": true,
                            "type": "image",
                            "value": "",
                            "visible": true
                        },
                        "releasedImage": {
                            "enabled": true,
                            "type": "image",
                            "value": "",
                            "visible": true
                        },
                        "scheme": {
                            "enabled": true,
                            "type": "scheme",
                            "value": "{104caf00-19ba-4f67-848e-7b202223542a}",
                            "visible": true
                        },
                        "string": {
                            "enabled": true,
                            "type": "string",
                            "value": "{d8d937d4-be3f-4d53-8bbe-1eda1bd676b0}",
                            "visible": true
                        },
                        "toggleable": {
                            "enabled": true,
                            "type": "boolean",
                            "value": false,
                            "visible": true
                        },
                        "valign": {
                            "enabled": true,
                            "type": "combo",
                            "value": 0,
                            "visible": true
                        },
                        "visible": {
                            "enabled": true,
                            "type": "boolean",
                            "value": true,
                            "visible": true
                        },
                        "width": {
                            "enabled": true,
                            "type": "integer",
                            "value": 90,
                            "visible": true
                        },
                        "x": {
                            "enabled": true,
                            "type": "integer",
                            "value": 640,
                            "visible": true
                        },
                        "y": {
                            "enabled": true,
                            "type": "integer",
                            "value": 17,
                            "visible": true
                        }
                    },
                    "type": "ButtonWidget"
                }
            ],
            "properties": {
                "__categories": [
                    {
                        "expanded": true,
                        "id": "LayerObject",
                        "visible": true
                    },
                    {
                        "expanded": true,
                        "id": "editorOptions",
                        "visible": true
                    }
                ],
                "__groups": [
                    {
                        "expanded": false,
                        "id": "position",
                        "visible": false
                    },
                    {
                        "expanded": false,
                        "id": "size",
                        "visible": false
                    },
                    {
                        "expanded": false,
                        "id": "alignment",
                        "visible": true
                    },
                    {
                        "expanded": false,
                        "id": "margins",
                        "visible": true
                    }
                ],
                "alphaEnable": {
                    "enabled": true,
                    "type": "boolean",
                    "value": false,
                    "visible": true
                },
                "alphaLevel": {
                    "enabled": true,
                    "type": "integer",
                    "value": 255,
                    "visible": true
                },
                "background": {
                    "enabled": true,
                    "type": "combo",
                    "value": 1,
                    "visible": true
                },
                "border": {
                    "enabled": true,
                    "type": "combo",
                    "value": 0,
                    "visible": true
                },
                "clearMode": {
                    "enabled": true,
                    "type": "combo",
                    "value": 0,
                    "visible": true
                },
                "colorMode": {
                    "enabled": true,
                    "type": "combo",
                    "value": 6,
                    "visible": true
                },
                "editorExpanded": {
                    "enabled": true,
                    "type": "boolean",
                    "value": true,
                    "visible": true
                },
                "editorHidden": {
                    "enabled": true,
                    "type": "boolean",
                    "value": false,
                    "visible": true
                },
                "editorLocked": {
                    "enabled": true,
                    "type": "boolean",
                    "value": false,
                    "visible": true
                },
                "enabled": {
                    "enabled": true,
                    "type": "boolean",
                    "value": true,
                    "visible": true
                },
                "halign": {
                    "enabled": true,
                    "type": "combo",
                    "value": 1,
                    "visible": true
                },
                "height": {
                    "enabled": true,
                    "type": "integer",
                    "value": 480,
                    "visible": true
                },
                "id": {
                    "enabled": true,
                    "type": "uuid",
                    "value": "{0002d425-492c-498d-8e57-e50476112f25}",
                    "visible": true
                },
                "marginBottom": {
                    "enabled": true,
                    "type": "integer",
                    "value": 4,
                    "visible": true
                },
                "marginLeft": {
                    "enabled": true,
                    "type": "integer",
                    "value": 4,
                    "visible": true
                },
                "marginRight": {
                    "enabled": true,
                    "type": "integer",
                    "value": 4,
                    "visible": true
                },
                "marginTop": {
                    "enabled": true,
                    "type": "integer",
                    "value": 4,
                    "visible": true
                },
                "name": {
                    "enabled": true,
                    "type": "text",
                    "value": "Layer_0",
                    "visible": true
                },
                "renderMode": {
                    "enabled": true,
                    "type": "combo",
                    "value": 1,
                    "visible": true
                },
                "scheme": {
                    "enabled": true,
                    "type": "scheme",
                    "value": "{00000000-0000-0000-0000-000000000000}",
                    "visible": true
                },
                "sizeLocked": {
                    "enabled": true,
                    "type": "boolean",
                    "value": true,
                    "visible": true
                },
                "valign": {
                    "enabled": true,
                    "type": "combo",
                    "value": 1,
                    "visible": true
                },
                "visible": {
                    "enabled": true,
                    "type": "boolean",
                    "value": true,
                    "visible": true
                },
                "width": {
                    "enabled": true,
                    "type": "integer",
                    "value": 800,
                    "visible": true
                },
                "x": {
                    "enabled": true,
                    "type": "integer",
                    "value": 0,
                    "visible": true
                },
                "y": {
                    "enabled": true,
                    "type": "integer",
                    "value": 0,
                    "visible": true
                }
            }
        }
    ],
    "properties": {
        "__categories": [
            {
                "expanded": true,
                "id": "screen",
                "visible": true
            },
            {
                "expanded": true,
                "id": "event",
                "visible": true
            }
        ],
        "__groups": [
        ],
        "createAtStartup": {
            "enabled": true,
            "type": "boolean",
            "value": false,
            "visible": false
        },
        "enabled": {
            "enabled": true,
            "type": "boolean",
            "value": true,
            "visible": true
        },
        "id": {
            "enabled": true,
            "type": "uuid",
            "value": "{9117bb46-ca3e-4f04-a994-27e94d7c93de}",
            "visible": true
        },
        "name": {
            "enabled": true,
            "type": "text",
            "value": "Game_Screen",
            "visible": true
        },
        "persistent": {
            "enabled": true,
            "type": "boolean",
            "value": false,
            "visible": true
        }
    }
}
