{
    "__categories": [
        {
            "expanded": true,
            "id": "raw",
            "visible": true
        }
    ],
    "__groups": [
    ],
    "bitsPerPixel": {
        "enabled": false,
        "type": "integer",
        "value": 24,
        "visible": true
    },
    "colorCount": {
        "enabled": false,
        "type": "integer",
        "value": 265,
        "visible": true
    },
    "colorMaskMode": {
        "enabled": true,
        "type": "combo",
        "value": 0,
        "visible": true
    },
    "colorMode": {
        "enabled": true,
        "type": "combo",
        "value": 5,
        "visible": true
    },
    "maskColor": {
        "enabled": true,
        "image": "{ff2f0535-7933-4e07-9a60-94ed94231207}",
        "type": "imagecolor",
        "value": 0,
        "visible": false
    },
    "outputSize": {
        "enabled": false,
        "type": "integer",
        "value": 12675,
        "visible": true
    },
    "renderMode": {
        "enabled": true,
        "type": "combo",
        "value": 0,
        "visible": true
    },
    "useRLE": {
        "enabled": true,
        "type": "boolean",
        "value": false,
        "visible": true
    }
}
