{
    "bindings": [
        {
            "font": "{e3058985-6d68-4924-b885-6eba51f1b907}",
            "language": "{915e7294-9ff0-44fc-8c01-36f06ccf6117}",
            "string": "{09cadd77-e652-4e4a-8b68-37b39058bac8}"
        },
        {
            "font": "{e3058985-6d68-4924-b885-6eba51f1b907}",
            "language": "{915e7294-9ff0-44fc-8c01-36f06ccf6117}",
            "string": "{52d905a4-a506-493a-a337-3b3f47488af6}"
        },
        {
            "font": "{e3058985-6d68-4924-b885-6eba51f1b907}",
            "language": "{915e7294-9ff0-44fc-8c01-36f06ccf6117}",
            "string": "{9adc0f3c-ffec-4dc7-bfd4-14b23b914f17}"
        },
        {
            "font": "{e3058985-6d68-4924-b885-6eba51f1b907}",
            "language": "{915e7294-9ff0-44fc-8c01-36f06ccf6117}",
            "string": "{ce39f9a4-61c2-45a0-b7bc-ffcaf6dbd8d1}"
        },
        {
            "font": "{e3058985-6d68-4924-b885-6eba51f1b907}",
            "language": "{915e7294-9ff0-44fc-8c01-36f06ccf6117}",
            "string": "{cfe0474f-d9a7-4dab-9c0e-b93b328c4ec0}"
        },
        {
            "font": "{e3058985-6d68-4924-b885-6eba51f1b907}",
            "language": "{915e7294-9ff0-44fc-8c01-36f06ccf6117}",
            "string": "{ec110e4e-b2c0-4eb8-953e-24c8610ff476}"
        }
    ],
    "defaultLanguage": "{915e7294-9ff0-44fc-8c01-36f06ccf6117}",
    "encoding": "ASCII",
    "languages": [
        {
            "properties": {
                "__categories": [
                ],
                "__groups": [
                ],
                "enabled": {
                    "enabled": true,
                    "type": "boolean",
                    "value": true,
                    "visible": true
                },
                "id": {
                    "enabled": true,
                    "type": "uuid",
                    "value": "{915e7294-9ff0-44fc-8c01-36f06ccf6117}",
                    "visible": true
                },
                "name": {
                    "enabled": true,
                    "type": "text",
                    "value": "Default",
                    "visible": true
                }
            }
        }
    ],
    "paths": [
    ],
    "strings": [
        {
            "properties": {
                "__categories": [
                ],
                "__groups": [
                ],
                "description": {
                    "enabled": true,
                    "type": "text",
                    "value": "",
                    "visible": true
                },
                "id": {
                    "enabled": true,
                    "type": "uuid",
                    "value": "{09cadd77-e652-4e4a-8b68-37b39058bac8}",
                    "visible": true
                },
                "name": {
                    "enabled": true,
                    "type": "text",
                    "value": "RandomStr",
                    "visible": true
                },
                "path": {
                    "enabled": true,
                    "type": "text",
                    "value": "/",
                    "visible": true
                }
            },
            "values": [
                {
                    "language": "{915e7294-9ff0-44fc-8c01-36f06ccf6117}",
                    "value": "Random"
                }
            ]
        },
        {
            "properties": {
                "__categories": [
                ],
                "__groups": [
                ],
                "description": {
                    "enabled": true,
                    "type": "text",
                    "value": "",
                    "visible": true
                },
                "id": {
                    "enabled": true,
                    "type": "uuid",
                    "value": "{52d905a4-a506-493a-a337-3b3f47488af6}",
                    "visible": true
                },
                "name": {
                    "enabled": true,
                    "type": "text",
                    "value": "EraseStr",
                    "visible": true
                },
                "path": {
                    "enabled": true,
                    "type": "text",
                    "value": "/",
                    "visible": true
                }
            },
            "values": [
                {
                    "language": "{915e7294-9ff0-44fc-8c01-36f06ccf6117}",
                    "value": "Erase"
                }
            ]
        },
        {
            "properties": {
                "__categories": [
                ],
                "__groups": [
                ],
                "description": {
                    "enabled": true,
                    "type": "text",
                    "value": "",
                    "visible": true
                },
                "id": {
                    "enabled": true,
                    "type": "uuid",
                    "value": "{9adc0f3c-ffec-4dc7-bfd4-14b23b914f17}",
                    "visible": true
                },
                "name": {
                    "enabled": true,
                    "type": "text",
                    "value": "BlueStr",
                    "visible": true
                },
                "path": {
                    "enabled": true,
                    "type": "text",
                    "value": "/",
                    "visible": true
                }
            },
            "values": [
                {
                    "language": "{915e7294-9ff0-44fc-8c01-36f06ccf6117}",
                    "value": "Blue"
                }
            ]
        },
        {
            "properties": {
                "__categories": [
                ],
                "__groups": [
                ],
                "description": {
                    "enabled": true,
                    "type": "text",
                    "value": "",
                    "visible": true
                },
                "id": {
                    "enabled": true,
                    "type": "uuid",
                    "value": "{ce39f9a4-61c2-45a0-b7bc-ffcaf6dbd8d1}",
                    "visible": true
                },
                "name": {
                    "enabled": true,
                    "type": "text",
                    "value": "LineWidthStr",
                    "visible": true
                },
                "path": {
                    "enabled": true,
                    "type": "text",
                    "value": "/",
                    "visible": true
                }
            },
            "values": [
                {
                    "language": "{915e7294-9ff0-44fc-8c01-36f06ccf6117}",
                    "value": "Line width:"
                }
            ]
        },
        {
            "properties": {
                "__categories": [
                ],
                "__groups": [
                ],
                "description": {
                    "enabled": true,
                    "type": "text",
                    "value": "",
                    "visible": true
                },
                "id": {
                    "enabled": true,
                    "type": "uuid",
                    "value": "{cfe0474f-d9a7-4dab-9c0e-b93b328c4ec0}",
                    "visible": true
                },
                "name": {
                    "enabled": true,
                    "type": "text",
                    "value": "RedStr",
                    "visible": true
                },
                "path": {
                    "enabled": true,
                    "type": "text",
                    "value": "/",
                    "visible": true
                }
            },
            "values": [
                {
                    "language": "{915e7294-9ff0-44fc-8c01-36f06ccf6117}",
                    "value": "Red"
                }
            ]
        },
        {
            "properties": {
                "__categories": [
                ],
                "__groups": [
                ],
                "description": {
                    "enabled": true,
                    "type": "text",
                    "value": "",
                    "visible": true
                },
                "id": {
                    "enabled": true,
                    "type": "uuid",
                    "value": "{ec110e4e-b2c0-4eb8-953e-24c8610ff476}",
                    "visible": true
                },
                "name": {
                    "enabled": true,
                    "type": "text",
                    "value": "GreenStr",
                    "visible": true
                },
                "path": {
                    "enabled": true,
                    "type": "text",
                    "value": "/",
                    "visible": true
                }
            },
            "values": [
                {
                    "language": "{915e7294-9ff0-44fc-8c01-36f06ccf6117}",
                    "value": "Green"
                }
            ]
        }
    ]
}
