{
    "properties": {
        "__categories": [
            {
                "expanded": true,
                "id": "imageProperties",
                "visible": true
            }
        ],
        "__groups": [
            {
                "expanded": false,
                "id": "preprocessGroup",
                "visible": false
            }
        ],
        "id": {
            "enabled": true,
            "type": "uuid",
            "value": "{db0bd34a-c277-4b3d-a764-d8d27235af3d}",
            "visible": true
        },
        "memoryLocation": {
            "enabled": true,
            "type": "memorylocation",
            "value": "{3648fab4-1cf8-49e7-a467-9d9bb889d311}",
            "visible": true
        },
        "name": {
            "enabled": true,
            "type": "text",
            "value": "",
            "visible": true
        },
        "originalType": {
            "enabled": true,
            "type": "integer",
            "value": 2,
            "visible": true
        },
        "outputFormat": {
            "enabled": true,
            "type": "combo",
            "value": 0,
            "visible": true
        },
        "outputHeight": {
            "enabled": false,
            "type": "integer",
            "value": 240,
            "visible": true
        },
        "outputName": {
            "enabled": true,
            "type": "text",
            "value": "background",
            "visible": true
        },
        "outputWidth": {
            "enabled": false,
            "type": "integer",
            "value": 480,
            "visible": true
        },
        "preprocess": {
            "enabled": true,
            "type": "boolean",
            "value": false,
            "visible": true
        },
        "preprocessColorMode": {
            "enabled": true,
            "type": "combo",
            "value": 5,
            "visible": true
        },
        "preprocessLocation": {
            "enabled": true,
            "type": "memorylocation",
            "value": "",
            "visible": true
        },
        "sourceBPP": {
            "enabled": false,
            "type": "integer",
            "value": 24,
            "visible": true
        },
        "sourceFormat": {
            "enabled": false,
            "type": "text",
            "value": "jpg",
            "visible": true
        },
        "sourceHeight": {
            "enabled": false,
            "type": "integer",
            "value": 240,
            "visible": true
        },
        "sourceName": {
            "enabled": false,
            "type": "text",
            "value": "Converted-378772-1707844479-C76718-AdobeStock_562899897.jpg",
            "visible": true
        },
        "sourceSize": {
            "enabled": false,
            "type": "integer",
            "value": 111042,
            "visible": true
        },
        "sourceWidth": {
            "enabled": false,
            "type": "integer",
            "value": 480,
            "visible": true
        }
    }
}
