{
    "properties": {
        "__categories": [
            {
                "expanded": true,
                "id": "imageProperties",
                "visible": true
            }
        ],
        "__groups": [
            {
                "expanded": false,
                "id": "preprocessGroup",
                "visible": false
            }
        ],
        "id": {
            "enabled": true,
            "type": "uuid",
            "value": "{c615a2f4-83ad-41a1-863e-86c863cc2c48}",
            "visible": true
        },
        "memoryLocation": {
            "enabled": true,
            "type": "memorylocation",
            "value": "{3bd1e673-3cae-44a8-aba3-a167141bd0c4}",
            "visible": true
        },
        "name": {
            "enabled": true,
            "type": "text",
            "value": "",
            "visible": true
        },
        "originalType": {
            "enabled": true,
            "type": "integer",
            "value": 1,
            "visible": true
        },
        "outputFormat": {
            "enabled": true,
            "type": "combo",
            "value": 0,
            "visible": true
        },
        "outputHeight": {
            "enabled": false,
            "type": "integer",
            "value": 39,
            "visible": true
        },
        "outputName": {
            "enabled": true,
            "type": "text",
            "value": "PressedImg_rst",
            "visible": true
        },
        "outputWidth": {
            "enabled": false,
            "type": "integer",
            "value": 129,
            "visible": true
        },
        "preprocess": {
            "enabled": true,
            "type": "boolean",
            "value": false,
            "visible": true
        },
        "preprocessColorMode": {
            "enabled": true,
            "type": "combo",
            "value": 5,
            "visible": true
        },
        "preprocessLocation": {
            "enabled": true,
            "type": "memorylocation",
            "value": "",
            "visible": true
        },
        "sourceBPP": {
            "enabled": false,
            "type": "integer",
            "value": 32,
            "visible": true
        },
        "sourceFormat": {
            "enabled": false,
            "type": "text",
            "value": "png",
            "visible": true
        },
        "sourceHeight": {
            "enabled": false,
            "type": "integer",
            "value": 39,
            "visible": true
        },
        "sourceName": {
            "enabled": false,
            "type": "text",
            "value": "Screenshot 2024-11-15 105523.png",
            "visible": true
        },
        "sourceSize": {
            "enabled": false,
            "type": "integer",
            "value": 211,
            "visible": true
        },
        "sourceWidth": {
            "enabled": false,
            "type": "integer",
            "value": 129,
            "visible": true
        }
    }
}
