{
    "bindings": [
        {
            "font": "{7ecb903b-89c3-4d4a-8b21-25d6d870ad07}",
            "language": "{205b8a2f-54fe-4463-95f6-daef32e19322}",
            "string": "{45033599-2dfc-46d1-96da-1ec9f2c74e0f}"
        },
        {
            "font": "{7ecb903b-89c3-4d4a-8b21-25d6d870ad07}",
            "language": "{205b8a2f-54fe-4463-95f6-daef32e19322}",
            "string": "{91392187-6879-4e40-8a03-fc1204de3ae3}"
        },
        {
            "font": "{9d057bb7-1e3a-43db-ae94-df58acd4c122}",
            "language": "{205b8a2f-54fe-4463-95f6-daef32e19322}",
            "string": "{b0279e58-5b50-4fb6-8e40-ffe7cd06be36}"
        }
    ],
    "defaultLanguage": "{205b8a2f-54fe-4463-95f6-daef32e19322}",
    "encoding": "ASCII",
    "languages": [
        {
            "properties": {
                "__categories": [
                ],
                "__groups": [
                ],
                "enabled": {
                    "enabled": true,
                    "type": "boolean",
                    "value": true,
                    "visible": true
                },
                "id": {
                    "enabled": true,
                    "type": "uuid",
                    "value": "{205b8a2f-54fe-4463-95f6-daef32e19322}",
                    "visible": true
                },
                "name": {
                    "enabled": true,
                    "type": "text",
                    "value": "Default",
                    "visible": true
                }
            }
        }
    ],
    "paths": [
    ],
    "strings": [
        {
            "properties": {
                "__categories": [
                ],
                "__groups": [
                ],
                "description": {
                    "enabled": true,
                    "type": "text",
                    "value": "White scheme label",
                    "visible": true
                },
                "id": {
                    "enabled": true,
                    "type": "uuid",
                    "value": "{45033599-2dfc-46d1-96da-1ec9f2c74e0f}",
                    "visible": true
                },
                "name": {
                    "enabled": true,
                    "type": "text",
                    "value": "White_scheme",
                    "visible": true
                },
                "path": {
                    "enabled": true,
                    "type": "text",
                    "value": "/",
                    "visible": true
                }
            },
            "values": [
                {
                    "language": "{205b8a2f-54fe-4463-95f6-daef32e19322}",
                    "value": "White scheme"
                }
            ]
        },
        {
            "properties": {
                "__categories": [
                ],
                "__groups": [
                ],
                "description": {
                    "enabled": true,
                    "type": "text",
                    "value": "",
                    "visible": true
                },
                "id": {
                    "enabled": true,
                    "type": "uuid",
                    "value": "{91392187-6879-4e40-8a03-fc1204de3ae3}",
                    "visible": true
                },
                "name": {
                    "enabled": true,
                    "type": "text",
                    "value": "AlphaBlending",
                    "visible": true
                },
                "path": {
                    "enabled": true,
                    "type": "text",
                    "value": "/",
                    "visible": true
                }
            },
            "values": [
                {
                    "language": "{205b8a2f-54fe-4463-95f6-daef32e19322}",
                    "value": "Alpha Blending"
                }
            ]
        },
        {
            "properties": {
                "__categories": [
                ],
                "__groups": [
                ],
                "description": {
                    "enabled": true,
                    "type": "text",
                    "value": "No scheme label",
                    "visible": true
                },
                "id": {
                    "enabled": true,
                    "type": "uuid",
                    "value": "{b0279e58-5b50-4fb6-8e40-ffe7cd06be36}",
                    "visible": true
                },
                "name": {
                    "enabled": true,
                    "type": "text",
                    "value": "No_scheme",
                    "visible": true
                },
                "path": {
                    "enabled": true,
                    "type": "text",
                    "value": "/",
                    "visible": true
                }
            },
            "values": [
                {
                    "language": "{205b8a2f-54fe-4463-95f6-daef32e19322}",
                    "value": "No scheme"
                }
            ]
        }
    ]
}
