{
    "bindings": [
        {
            "font": "{3124eefa-5125-461d-a666-c490a95a9ad0}",
            "language": "{97d3d547-5c6c-4f33-ac9b-f399f1cdb3d7}",
            "string": "{4e803434-3d65-462e-a1ec-52f1cbbc59ef}"
        },
        {
            "font": "{3124eefa-5125-461d-a666-c490a95a9ad0}",
            "language": "{97d3d547-5c6c-4f33-ac9b-f399f1cdb3d7}",
            "string": "{aa4db1cb-77b9-4732-85a7-714f59d9cc1b}"
        },
        {
            "font": "{3124eefa-5125-461d-a666-c490a95a9ad0}",
            "language": "{97d3d547-5c6c-4f33-ac9b-f399f1cdb3d7}",
            "string": "{b3b06f18-06b7-4bff-a487-220dc01676fd}"
        },
        {
            "font": "{3124eefa-5125-461d-a666-c490a95a9ad0}",
            "language": "{97d3d547-5c6c-4f33-ac9b-f399f1cdb3d7}",
            "string": "{cea8832e-07fe-4772-97f6-31b29369d49d}"
        },
        {
            "font": "{3124eefa-5125-461d-a666-c490a95a9ad0}",
            "language": "{97d3d547-5c6c-4f33-ac9b-f399f1cdb3d7}",
            "string": "{dfc9cabf-ad6d-4cfa-bfc5-63cdf10cb0ea}"
        }
    ],
    "defaultLanguage": "{97d3d547-5c6c-4f33-ac9b-f399f1cdb3d7}",
    "encoding": "ASCII",
    "languages": [
        {
            "properties": {
                "__categories": [
                ],
                "__groups": [
                ],
                "enabled": {
                    "enabled": true,
                    "type": "boolean",
                    "value": true,
                    "visible": true
                },
                "id": {
                    "enabled": true,
                    "type": "uuid",
                    "value": "{97d3d547-5c6c-4f33-ac9b-f399f1cdb3d7}",
                    "visible": true
                },
                "name": {
                    "enabled": true,
                    "type": "text",
                    "value": "Default",
                    "visible": true
                }
            }
        }
    ],
    "paths": [
    ],
    "strings": [
        {
            "properties": {
                "__categories": [
                ],
                "__groups": [
                ],
                "description": {
                    "enabled": true,
                    "type": "text",
                    "value": "",
                    "visible": true
                },
                "id": {
                    "enabled": true,
                    "type": "uuid",
                    "value": "{4e803434-3d65-462e-a1ec-52f1cbbc59ef}",
                    "visible": true
                },
                "name": {
                    "enabled": true,
                    "type": "text",
                    "value": "apple",
                    "visible": true
                },
                "path": {
                    "enabled": true,
                    "type": "text",
                    "value": "/",
                    "visible": true
                }
            },
            "values": [
                {
                    "language": "{97d3d547-5c6c-4f33-ac9b-f399f1cdb3d7}",
                    "value": "apples"
                }
            ]
        },
        {
            "properties": {
                "__categories": [
                ],
                "__groups": [
                ],
                "description": {
                    "enabled": true,
                    "type": "text",
                    "value": "",
                    "visible": true
                },
                "id": {
                    "enabled": true,
                    "type": "uuid",
                    "value": "{aa4db1cb-77b9-4732-85a7-714f59d9cc1b}",
                    "visible": true
                },
                "name": {
                    "enabled": true,
                    "type": "text",
                    "value": "Kilograms",
                    "visible": true
                },
                "path": {
                    "enabled": true,
                    "type": "text",
                    "value": "/",
                    "visible": true
                }
            },
            "values": [
                {
                    "language": "{97d3d547-5c6c-4f33-ac9b-f399f1cdb3d7}",
                    "value": "Kilograms"
                }
            ]
        },
        {
            "properties": {
                "__categories": [
                ],
                "__groups": [
                ],
                "description": {
                    "enabled": true,
                    "type": "text",
                    "value": "",
                    "visible": true
                },
                "id": {
                    "enabled": true,
                    "type": "uuid",
                    "value": "{b3b06f18-06b7-4bff-a487-220dc01676fd}",
                    "visible": true
                },
                "name": {
                    "enabled": true,
                    "type": "text",
                    "value": "cherry",
                    "visible": true
                },
                "path": {
                    "enabled": true,
                    "type": "text",
                    "value": "/",
                    "visible": true
                }
            },
            "values": [
                {
                    "language": "{97d3d547-5c6c-4f33-ac9b-f399f1cdb3d7}",
                    "value": "cherries"
                }
            ]
        },
        {
            "properties": {
                "__categories": [
                ],
                "__groups": [
                ],
                "description": {
                    "enabled": true,
                    "type": "text",
                    "value": "",
                    "visible": true
                },
                "id": {
                    "enabled": true,
                    "type": "uuid",
                    "value": "{cea8832e-07fe-4772-97f6-31b29369d49d}",
                    "visible": true
                },
                "name": {
                    "enabled": true,
                    "type": "text",
                    "value": "Pounds",
                    "visible": true
                },
                "path": {
                    "enabled": true,
                    "type": "text",
                    "value": "/",
                    "visible": true
                }
            },
            "values": [
                {
                    "language": "{97d3d547-5c6c-4f33-ac9b-f399f1cdb3d7}",
                    "value": "Pounds"
                }
            ]
        },
        {
            "properties": {
                "__categories": [
                ],
                "__groups": [
                ],
                "description": {
                    "enabled": true,
                    "type": "text",
                    "value": "",
                    "visible": true
                },
                "id": {
                    "enabled": true,
                    "type": "uuid",
                    "value": "{dfc9cabf-ad6d-4cfa-bfc5-63cdf10cb0ea}",
                    "visible": true
                },
                "name": {
                    "enabled": true,
                    "type": "text",
                    "value": "banana",
                    "visible": true
                },
                "path": {
                    "enabled": true,
                    "type": "text",
                    "value": "/",
                    "visible": true
                }
            },
            "values": [
                {
                    "language": "{97d3d547-5c6c-4f33-ac9b-f399f1cdb3d7}",
                    "value": "bananas"
                }
            ]
        }
    ]
}
