{
    "images": [
        {
            "id": "{08938665-0b10-4628-b500-1af542517b63}",
            "name": "mchpLogo_small",
            "type": "RGB"
        },
        {
            "id": "{170b894f-b817-49b1-b78f-a9bb2f78a071}",
            "name": "MHGS_logo_smaller",
            "type": "RGB"
        },
        {
            "id": "{95272e44-eefe-4c54-98f7-e6ae72305b99}",
            "name": "QuickstartDown_WQVGA",
            "type": "RGB"
        },
        {
            "id": "{2b54afcc-111e-4cc7-8b56-e3bb44245ea0}",
            "name": "QuickstartUp_WQVGA",
            "type": "RGB"
        }
    ],
    "paths": [
    ]
}
