{
    "bindings": [
        {
            "font": "{f34c8885-4aa4-4cbf-a58f-c6f5964fca95}",
            "language": "{03baa157-d1c5-48d5-9700-61c081da3202}",
            "string": "{0b967718-9617-4f03-91c1-1abdd0c064ab}"
        },
        {
            "font": "{f34c8885-4aa4-4cbf-a58f-c6f5964fca95}",
            "language": "{03baa157-d1c5-48d5-9700-61c081da3202}",
            "string": "{12b18107-6501-4a23-b770-a95727bc3061}"
        },
        {
            "font": "{f34c8885-4aa4-4cbf-a58f-c6f5964fca95}",
            "language": "{03baa157-d1c5-48d5-9700-61c081da3202}",
            "string": "{13c90d9c-0f84-4067-ae3a-dc3f37dde1c8}"
        },
        {
            "font": "{f34c8885-4aa4-4cbf-a58f-c6f5964fca95}",
            "language": "{03baa157-d1c5-48d5-9700-61c081da3202}",
            "string": "{15c56c43-52f1-42d8-866b-b4cbec98d23f}"
        },
        {
            "font": "{f34c8885-4aa4-4cbf-a58f-c6f5964fca95}",
            "language": "{03baa157-d1c5-48d5-9700-61c081da3202}",
            "string": "{2aaa0795-8235-4060-acc5-f7dd9a95f936}"
        },
        {
            "font": "{f34c8885-4aa4-4cbf-a58f-c6f5964fca95}",
            "language": "{03baa157-d1c5-48d5-9700-61c081da3202}",
            "string": "{3bce1eeb-be1b-4c2b-a9c7-fa705a65b665}"
        },
        {
            "font": "{f34c8885-4aa4-4cbf-a58f-c6f5964fca95}",
            "language": "{03baa157-d1c5-48d5-9700-61c081da3202}",
            "string": "{3d5c5fcc-2e38-4a9f-8a39-0ad4b1849e5b}"
        },
        {
            "font": "{f34c8885-4aa4-4cbf-a58f-c6f5964fca95}",
            "language": "{03baa157-d1c5-48d5-9700-61c081da3202}",
            "string": "{7a927c64-c4d8-4dba-9ca8-b8e96ebb0892}"
        },
        {
            "font": "{f34c8885-4aa4-4cbf-a58f-c6f5964fca95}",
            "language": "{03baa157-d1c5-48d5-9700-61c081da3202}",
            "string": "{d4147a60-fbde-43b5-98a7-6cb468989b3f}"
        },
        {
            "font": "{f34c8885-4aa4-4cbf-a58f-c6f5964fca95}",
            "language": "{03baa157-d1c5-48d5-9700-61c081da3202}",
            "string": "{ea2717f9-5a66-4997-a608-24076dfacd73}"
        },
        {
            "font": "{f34c8885-4aa4-4cbf-a58f-c6f5964fca95}",
            "language": "{03baa157-d1c5-48d5-9700-61c081da3202}",
            "string": "{f7d578ae-0e5e-4ef6-9aaa-182b4e13c44c}"
        }
    ],
    "defaultLanguage": "{03baa157-d1c5-48d5-9700-61c081da3202}",
    "encoding": "ASCII",
    "languages": [
        {
            "properties": {
                "__categories": [
                ],
                "__groups": [
                ],
                "enabled": {
                    "enabled": true,
                    "type": "boolean",
                    "value": true,
                    "visible": true
                },
                "id": {
                    "enabled": true,
                    "type": "uuid",
                    "value": "{03baa157-d1c5-48d5-9700-61c081da3202}",
                    "visible": true
                },
                "name": {
                    "enabled": true,
                    "type": "text",
                    "value": "Default",
                    "visible": true
                }
            }
        }
    ],
    "paths": [
    ],
    "strings": [
        {
            "properties": {
                "__categories": [
                ],
                "__groups": [
                ],
                "description": {
                    "enabled": true,
                    "type": "text",
                    "value": "",
                    "visible": true
                },
                "id": {
                    "enabled": true,
                    "type": "uuid",
                    "value": "{0b967718-9617-4f03-91c1-1abdd0c064ab}",
                    "visible": true
                },
                "name": {
                    "enabled": true,
                    "type": "text",
                    "value": "Battery2",
                    "visible": true
                },
                "path": {
                    "enabled": true,
                    "type": "text",
                    "value": "/",
                    "visible": true
                }
            },
            "values": [
                {
                    "language": "{03baa157-d1c5-48d5-9700-61c081da3202}",
                    "value": "20%"
                }
            ]
        },
        {
            "properties": {
                "__categories": [
                ],
                "__groups": [
                ],
                "description": {
                    "enabled": true,
                    "type": "text",
                    "value": "",
                    "visible": true
                },
                "id": {
                    "enabled": true,
                    "type": "uuid",
                    "value": "{12b18107-6501-4a23-b770-a95727bc3061}",
                    "visible": true
                },
                "name": {
                    "enabled": true,
                    "type": "text",
                    "value": "Battery4",
                    "visible": true
                },
                "path": {
                    "enabled": true,
                    "type": "text",
                    "value": "/",
                    "visible": true
                }
            },
            "values": [
                {
                    "language": "{03baa157-d1c5-48d5-9700-61c081da3202}",
                    "value": "100%"
                }
            ]
        },
        {
            "properties": {
                "__categories": [
                ],
                "__groups": [
                ],
                "description": {
                    "enabled": true,
                    "type": "text",
                    "value": "",
                    "visible": true
                },
                "id": {
                    "enabled": true,
                    "type": "uuid",
                    "value": "{13c90d9c-0f84-4067-ae3a-dc3f37dde1c8}",
                    "visible": true
                },
                "name": {
                    "enabled": true,
                    "type": "text",
                    "value": "Easy",
                    "visible": true
                },
                "path": {
                    "enabled": true,
                    "type": "text",
                    "value": "/",
                    "visible": true
                }
            },
            "values": [
                {
                    "language": "{03baa157-d1c5-48d5-9700-61c081da3202}",
                    "value": "Easy."
                }
            ]
        },
        {
            "properties": {
                "__categories": [
                ],
                "__groups": [
                ],
                "description": {
                    "enabled": true,
                    "type": "text",
                    "value": "",
                    "visible": true
                },
                "id": {
                    "enabled": true,
                    "type": "uuid",
                    "value": "{15c56c43-52f1-42d8-866b-b4cbec98d23f}",
                    "visible": true
                },
                "name": {
                    "enabled": true,
                    "type": "text",
                    "value": "No_Repeat",
                    "visible": true
                },
                "path": {
                    "enabled": true,
                    "type": "text",
                    "value": "/",
                    "visible": true
                }
            },
            "values": [
                {
                    "language": "{03baa157-d1c5-48d5-9700-61c081da3202}",
                    "value": "Disabled Repeat"
                }
            ]
        },
        {
            "properties": {
                "__categories": [
                ],
                "__groups": [
                ],
                "description": {
                    "enabled": true,
                    "type": "text",
                    "value": "",
                    "visible": true
                },
                "id": {
                    "enabled": true,
                    "type": "uuid",
                    "value": "{2aaa0795-8235-4060-acc5-f7dd9a95f936}",
                    "visible": true
                },
                "name": {
                    "enabled": true,
                    "type": "text",
                    "value": "Fast",
                    "visible": true
                },
                "path": {
                    "enabled": true,
                    "type": "text",
                    "value": "/",
                    "visible": true
                }
            },
            "values": [
                {
                    "language": "{03baa157-d1c5-48d5-9700-61c081da3202}",
                    "value": "Fast."
                }
            ]
        },
        {
            "properties": {
                "__categories": [
                ],
                "__groups": [
                ],
                "description": {
                    "enabled": true,
                    "type": "text",
                    "value": "",
                    "visible": true
                },
                "id": {
                    "enabled": true,
                    "type": "uuid",
                    "value": "{3bce1eeb-be1b-4c2b-a9c7-fa705a65b665}",
                    "visible": true
                },
                "name": {
                    "enabled": true,
                    "type": "text",
                    "value": "Play",
                    "visible": true
                },
                "path": {
                    "enabled": true,
                    "type": "text",
                    "value": "/",
                    "visible": true
                }
            },
            "values": [
                {
                    "language": "{03baa157-d1c5-48d5-9700-61c081da3202}",
                    "value": "Enabled Play By Default"
                }
            ]
        },
        {
            "properties": {
                "__categories": [
                ],
                "__groups": [
                ],
                "description": {
                    "enabled": true,
                    "type": "text",
                    "value": "",
                    "visible": true
                },
                "id": {
                    "enabled": true,
                    "type": "uuid",
                    "value": "{3d5c5fcc-2e38-4a9f-8a39-0ad4b1849e5b}",
                    "visible": true
                },
                "name": {
                    "enabled": true,
                    "type": "text",
                    "value": "Repeat",
                    "visible": true
                },
                "path": {
                    "enabled": true,
                    "type": "text",
                    "value": "/",
                    "visible": true
                }
            },
            "values": [
                {
                    "language": "{03baa157-d1c5-48d5-9700-61c081da3202}",
                    "value": "Enabled Repeat"
                }
            ]
        },
        {
            "properties": {
                "__categories": [
                ],
                "__groups": [
                ],
                "description": {
                    "enabled": true,
                    "type": "text",
                    "value": "",
                    "visible": true
                },
                "id": {
                    "enabled": true,
                    "type": "uuid",
                    "value": "{7a927c64-c4d8-4dba-9ca8-b8e96ebb0892}",
                    "visible": true
                },
                "name": {
                    "enabled": true,
                    "type": "text",
                    "value": "Battery0",
                    "visible": true
                },
                "path": {
                    "enabled": true,
                    "type": "text",
                    "value": "/",
                    "visible": true
                }
            },
            "values": [
                {
                    "language": "{03baa157-d1c5-48d5-9700-61c081da3202}",
                    "value": "0%"
                }
            ]
        },
        {
            "properties": {
                "__categories": [
                ],
                "__groups": [
                ],
                "description": {
                    "enabled": true,
                    "type": "text",
                    "value": "",
                    "visible": true
                },
                "id": {
                    "enabled": true,
                    "type": "uuid",
                    "value": "{d4147a60-fbde-43b5-98a7-6cb468989b3f}",
                    "visible": true
                },
                "name": {
                    "enabled": true,
                    "type": "text",
                    "value": "Battery3",
                    "visible": true
                },
                "path": {
                    "enabled": true,
                    "type": "text",
                    "value": "/",
                    "visible": true
                }
            },
            "values": [
                {
                    "language": "{03baa157-d1c5-48d5-9700-61c081da3202}",
                    "value": "40%"
                }
            ]
        },
        {
            "properties": {
                "__categories": [
                ],
                "__groups": [
                ],
                "description": {
                    "enabled": true,
                    "type": "text",
                    "value": "",
                    "visible": true
                },
                "id": {
                    "enabled": true,
                    "type": "uuid",
                    "value": "{ea2717f9-5a66-4997-a608-24076dfacd73}",
                    "visible": true
                },
                "name": {
                    "enabled": true,
                    "type": "text",
                    "value": "Battery1",
                    "visible": true
                },
                "path": {
                    "enabled": true,
                    "type": "text",
                    "value": "/",
                    "visible": true
                }
            },
            "values": [
                {
                    "language": "{03baa157-d1c5-48d5-9700-61c081da3202}",
                    "value": "10%"
                }
            ]
        },
        {
            "properties": {
                "__categories": [
                ],
                "__groups": [
                ],
                "description": {
                    "enabled": true,
                    "type": "text",
                    "value": "",
                    "visible": true
                },
                "id": {
                    "enabled": true,
                    "type": "uuid",
                    "value": "{f7d578ae-0e5e-4ef6-9aaa-182b4e13c44c}",
                    "visible": true
                },
                "name": {
                    "enabled": true,
                    "type": "text",
                    "value": "Smart",
                    "visible": true
                },
                "path": {
                    "enabled": true,
                    "type": "text",
                    "value": "/",
                    "visible": true
                }
            },
            "values": [
                {
                    "language": "{03baa157-d1c5-48d5-9700-61c081da3202}",
                    "value": "Smart."
                }
            ]
        }
    ]
}
