{
    "bindings": [
        {
            "font": "{1f3b760b-2b1e-45ae-8470-ef94772cd6c2}",
            "language": "{280018e1-9f57-4484-83df-84799c33ec9c}",
            "string": "{17988765-879e-4047-8601-e73df3823401}"
        },
        {
            "font": "{1f3b760b-2b1e-45ae-8470-ef94772cd6c2}",
            "language": "{280018e1-9f57-4484-83df-84799c33ec9c}",
            "string": "{32ffc1c7-2280-402d-a144-b7978a2dce76}"
        },
        {
            "font": "{1f3b760b-2b1e-45ae-8470-ef94772cd6c2}",
            "language": "{280018e1-9f57-4484-83df-84799c33ec9c}",
            "string": "{93d41530-a819-4129-a326-025f00f7bfb4}"
        },
        {
            "font": "{1f3b760b-2b1e-45ae-8470-ef94772cd6c2}",
            "language": "{280018e1-9f57-4484-83df-84799c33ec9c}",
            "string": "{b45d7a0f-63e5-4780-af44-061e272e873b}"
        }
    ],
    "defaultLanguage": "{280018e1-9f57-4484-83df-84799c33ec9c}",
    "encoding": "ASCII",
    "languages": [
        {
            "properties": {
                "__categories": [
                ],
                "__groups": [
                ],
                "enabled": {
                    "enabled": true,
                    "type": "boolean",
                    "value": true,
                    "visible": true
                },
                "id": {
                    "enabled": true,
                    "type": "uuid",
                    "value": "{280018e1-9f57-4484-83df-84799c33ec9c}",
                    "visible": true
                },
                "name": {
                    "enabled": true,
                    "type": "text",
                    "value": "Default",
                    "visible": true
                }
            }
        }
    ],
    "paths": [
    ],
    "strings": [
        {
            "properties": {
                "__categories": [
                ],
                "__groups": [
                ],
                "description": {
                    "enabled": true,
                    "type": "text",
                    "value": "",
                    "visible": true
                },
                "id": {
                    "enabled": true,
                    "type": "uuid",
                    "value": "{17988765-879e-4047-8601-e73df3823401}",
                    "visible": true
                },
                "name": {
                    "enabled": true,
                    "type": "text",
                    "value": "Rotate",
                    "visible": true
                },
                "path": {
                    "enabled": true,
                    "type": "text",
                    "value": "/",
                    "visible": true
                }
            },
            "values": [
                {
                    "language": "{280018e1-9f57-4484-83df-84799c33ec9c}",
                    "value": "Rotate"
                }
            ]
        },
        {
            "properties": {
                "__categories": [
                ],
                "__groups": [
                ],
                "description": {
                    "enabled": true,
                    "type": "text",
                    "value": "",
                    "visible": true
                },
                "id": {
                    "enabled": true,
                    "type": "uuid",
                    "value": "{32ffc1c7-2280-402d-a144-b7978a2dce76}",
                    "visible": true
                },
                "name": {
                    "enabled": true,
                    "type": "text",
                    "value": "Easy",
                    "visible": true
                },
                "path": {
                    "enabled": true,
                    "type": "text",
                    "value": "/",
                    "visible": true
                }
            },
            "values": [
                {
                    "language": "{280018e1-9f57-4484-83df-84799c33ec9c}",
                    "value": "Easy."
                }
            ]
        },
        {
            "properties": {
                "__categories": [
                ],
                "__groups": [
                ],
                "description": {
                    "enabled": true,
                    "type": "text",
                    "value": "",
                    "visible": true
                },
                "id": {
                    "enabled": true,
                    "type": "uuid",
                    "value": "{93d41530-a819-4129-a326-025f00f7bfb4}",
                    "visible": true
                },
                "name": {
                    "enabled": true,
                    "type": "text",
                    "value": "Smart",
                    "visible": true
                },
                "path": {
                    "enabled": true,
                    "type": "text",
                    "value": "/",
                    "visible": true
                }
            },
            "values": [
                {
                    "language": "{280018e1-9f57-4484-83df-84799c33ec9c}",
                    "value": "Smart."
                }
            ]
        },
        {
            "properties": {
                "__categories": [
                ],
                "__groups": [
                ],
                "description": {
                    "enabled": true,
                    "type": "text",
                    "value": "",
                    "visible": true
                },
                "id": {
                    "enabled": true,
                    "type": "uuid",
                    "value": "{b45d7a0f-63e5-4780-af44-061e272e873b}",
                    "visible": true
                },
                "name": {
                    "enabled": true,
                    "type": "text",
                    "value": "Fast",
                    "visible": true
                },
                "path": {
                    "enabled": true,
                    "type": "text",
                    "value": "/",
                    "visible": true
                }
            },
            "values": [
                {
                    "language": "{280018e1-9f57-4484-83df-84799c33ec9c}",
                    "value": "Fast."
                }
            ]
        }
    ]
}
