{
    "bindings": [
        {
            "font": "{0804ce3b-caaf-46d3-8239-0601aabd7e57}",
            "language": "{27ac2877-85df-480e-b206-1d4b3761ea01}",
            "string": "{251e1702-a7ad-4b90-8069-727b38d5d0c7}"
        },
        {
            "font": "{73e3a8fb-80e0-4336-a4f8-9ecc27283394}",
            "language": "{27ac2877-85df-480e-b206-1d4b3761ea01}",
            "string": "{33fbdd60-5d4f-4844-b3fc-ef266f643802}"
        },
        {
            "font": "{73e3a8fb-80e0-4336-a4f8-9ecc27283394}",
            "language": "{27ac2877-85df-480e-b206-1d4b3761ea01}",
            "string": "{4a37454b-fd12-4bea-b88f-89f5e52370d5}"
        },
        {
            "font": "{0804ce3b-caaf-46d3-8239-0601aabd7e57}",
            "language": "{27ac2877-85df-480e-b206-1d4b3761ea01}",
            "string": "{4aa53bd3-922b-44c6-8ec6-bfc39974f4d8}"
        },
        {
            "font": "{2f57d821-4f3f-49d0-93ae-da0ecd230bbe}",
            "language": "{27ac2877-85df-480e-b206-1d4b3761ea01}",
            "string": "{5016998f-c359-4cff-bd19-52882285e770}"
        },
        {
            "font": "{2f57d821-4f3f-49d0-93ae-da0ecd230bbe}",
            "language": "{27ac2877-85df-480e-b206-1d4b3761ea01}",
            "string": "{53acbcea-3a39-4b1f-bd2c-756167ada681}"
        },
        {
            "font": "{2f57d821-4f3f-49d0-93ae-da0ecd230bbe}",
            "language": "{27ac2877-85df-480e-b206-1d4b3761ea01}",
            "string": "{5e03be7b-8a02-4c89-a5b7-d5c35abe203f}"
        },
        {
            "font": "{0804ce3b-caaf-46d3-8239-0601aabd7e57}",
            "language": "{27ac2877-85df-480e-b206-1d4b3761ea01}",
            "string": "{5f597b5c-34bb-436d-bb86-b254a9674e31}"
        },
        {
            "font": "{0804ce3b-caaf-46d3-8239-0601aabd7e57}",
            "language": "{27ac2877-85df-480e-b206-1d4b3761ea01}",
            "string": "{79988dd6-5b57-4eb1-9064-b159d328f484}"
        },
        {
            "font": "{0804ce3b-caaf-46d3-8239-0601aabd7e57}",
            "language": "{27ac2877-85df-480e-b206-1d4b3761ea01}",
            "string": "{805236b6-b621-4af0-8387-6d508d64ad0c}"
        },
        {
            "font": "{0804ce3b-caaf-46d3-8239-0601aabd7e57}",
            "language": "{27ac2877-85df-480e-b206-1d4b3761ea01}",
            "string": "{83ab5abd-8e0f-4697-ab05-6857715c3020}"
        },
        {
            "font": "{2f57d821-4f3f-49d0-93ae-da0ecd230bbe}",
            "language": "{27ac2877-85df-480e-b206-1d4b3761ea01}",
            "string": "{90e578e0-f6bb-44d1-bca0-d81325a9cf67}"
        },
        {
            "font": "{0804ce3b-caaf-46d3-8239-0601aabd7e57}",
            "language": "{27ac2877-85df-480e-b206-1d4b3761ea01}",
            "string": "{c170afa7-8c8a-46ac-8beb-abf10a45c086}"
        },
        {
            "font": "{0804ce3b-caaf-46d3-8239-0601aabd7e57}",
            "language": "{27ac2877-85df-480e-b206-1d4b3761ea01}",
            "string": "{c619aedd-c5c4-4e97-85e4-ae787df9ac44}"
        },
        {
            "font": "{73e3a8fb-80e0-4336-a4f8-9ecc27283394}",
            "language": "{27ac2877-85df-480e-b206-1d4b3761ea01}",
            "string": "{e0ac6456-3db8-409c-ad6a-76db8718b388}"
        },
        {
            "font": "{0804ce3b-caaf-46d3-8239-0601aabd7e57}",
            "language": "{27ac2877-85df-480e-b206-1d4b3761ea01}",
            "string": "{e14e132a-b210-4628-96a5-06bd68d1961c}"
        },
        {
            "font": "{73e3a8fb-80e0-4336-a4f8-9ecc27283394}",
            "language": "{27ac2877-85df-480e-b206-1d4b3761ea01}",
            "string": "{e38ef064-14b0-48fa-bff7-c28fb307e703}"
        },
        {
            "font": "{0804ce3b-caaf-46d3-8239-0601aabd7e57}",
            "language": "{27ac2877-85df-480e-b206-1d4b3761ea01}",
            "string": "{e716c084-97a9-4e99-9516-0dc128872f2e}"
        },
        {
            "font": "{0804ce3b-caaf-46d3-8239-0601aabd7e57}",
            "language": "{27ac2877-85df-480e-b206-1d4b3761ea01}",
            "string": "{ef36d604-2709-4279-82f9-2fd1c56623a4}"
        },
        {
            "font": "{73e3a8fb-80e0-4336-a4f8-9ecc27283394}",
            "language": "{27ac2877-85df-480e-b206-1d4b3761ea01}",
            "string": "{4a6b97ab-37d1-45f7-a0bf-9984fb7c5458}"
        }
    ],
    "defaultLanguage": "{27ac2877-85df-480e-b206-1d4b3761ea01}",
    "encoding": "ASCII",
    "languages": [
        {
            "properties": {
                "__categories": [
                ],
                "__groups": [
                ],
                "enabled": {
                    "enabled": true,
                    "type": "boolean",
                    "value": true,
                    "visible": true
                },
                "id": {
                    "enabled": true,
                    "type": "uuid",
                    "value": "{27ac2877-85df-480e-b206-1d4b3761ea01}",
                    "visible": true
                },
                "name": {
                    "enabled": true,
                    "type": "text",
                    "value": "Default",
                    "visible": true
                }
            }
        }
    ],
    "paths": [
    ],
    "strings": [
        {
            "properties": {
                "__categories": [
                ],
                "__groups": [
                ],
                "description": {
                    "enabled": true,
                    "type": "text",
                    "value": "",
                    "visible": true
                },
                "id": {
                    "enabled": true,
                    "type": "uuid",
                    "value": "{251e1702-a7ad-4b90-8069-727b38d5d0c7}",
                    "visible": true
                },
                "name": {
                    "enabled": true,
                    "type": "text",
                    "value": "ctime",
                    "visible": true
                },
                "path": {
                    "enabled": true,
                    "type": "text",
                    "value": "/",
                    "visible": true
                }
            },
            "values": [
                {
                    "language": "{27ac2877-85df-480e-b206-1d4b3761ea01}",
                    "value": "10"
                }
            ]
        },
        {
            "properties": {
                "__categories": [
                ],
                "__groups": [
                ],
                "description": {
                    "enabled": true,
                    "type": "text",
                    "value": "",
                    "visible": true
                },
                "id": {
                    "enabled": true,
                    "type": "uuid",
                    "value": "{33fbdd60-5d4f-4844-b3fc-ef266f643802}",
                    "visible": true
                },
                "name": {
                    "enabled": true,
                    "type": "text",
                    "value": "rtc",
                    "visible": true
                },
                "path": {
                    "enabled": true,
                    "type": "text",
                    "value": "/",
                    "visible": true
                }
            },
            "values": [
                {
                    "language": "{27ac2877-85df-480e-b206-1d4b3761ea01}",
                    "value": "09/15/2022 - 15:05 "
                }
            ]
        },
        {
            "properties": {
                "__categories": [
                ],
                "__groups": [
                ],
                "description": {
                    "enabled": true,
                    "type": "text",
                    "value": "",
                    "visible": true
                },
                "id": {
                    "enabled": true,
                    "type": "uuid",
                    "value": "{4a37454b-fd12-4bea-b88f-89f5e52370d5}",
                    "visible": true
                },
                "name": {
                    "enabled": true,
                    "type": "text",
                    "value": "denergy_label",
                    "visible": true
                },
                "path": {
                    "enabled": true,
                    "type": "text",
                    "value": "/",
                    "visible": true
                }
            },
            "values": [
                {
                    "language": "{27ac2877-85df-480e-b206-1d4b3761ea01}",
                    "value": "Delivered\\nEnergy"
                }
            ]
        },
        {
            "properties": {
                "__categories": [
                ],
                "__groups": [
                ],
                "description": {
                    "enabled": true,
                    "type": "text",
                    "value": "",
                    "visible": true
                },
                "id": {
                    "enabled": true,
                    "type": "uuid",
                    "value": "{4a6b97ab-37d1-45f7-a0bf-9984fb7c5458}",
                    "visible": true
                },
                "name": {
                    "enabled": true,
                    "type": "text",
                    "value": "ctime_label",
                    "visible": true
                },
                "path": {
                    "enabled": true,
                    "type": "text",
                    "value": "/",
                    "visible": true
                }
            },
            "values": [
                {
                    "language": "{27ac2877-85df-480e-b206-1d4b3761ea01}",
                    "value": "Charge\\nTime"
                }
            ]
        },
        {
            "properties": {
                "__categories": [
                ],
                "__groups": [
                ],
                "description": {
                    "enabled": true,
                    "type": "text",
                    "value": "",
                    "visible": true
                },
                "id": {
                    "enabled": true,
                    "type": "uuid",
                    "value": "{4aa53bd3-922b-44c6-8ec6-bfc39974f4d8}",
                    "visible": true
                },
                "name": {
                    "enabled": true,
                    "type": "text",
                    "value": "ctime_unit",
                    "visible": true
                },
                "path": {
                    "enabled": true,
                    "type": "text",
                    "value": "/",
                    "visible": true
                }
            },
            "values": [
                {
                    "language": "{27ac2877-85df-480e-b206-1d4b3761ea01}",
                    "value": "min"
                }
            ]
        },
        {
            "properties": {
                "__categories": [
                ],
                "__groups": [
                ],
                "description": {
                    "enabled": true,
                    "type": "text",
                    "value": "",
                    "visible": true
                },
                "id": {
                    "enabled": true,
                    "type": "uuid",
                    "value": "{5016998f-c359-4cff-bd19-52882285e770}",
                    "visible": true
                },
                "name": {
                    "enabled": true,
                    "type": "text",
                    "value": "remaining_time",
                    "visible": true
                },
                "path": {
                    "enabled": true,
                    "type": "text",
                    "value": "/",
                    "visible": true
                }
            },
            "values": [
                {
                    "language": "{27ac2877-85df-480e-b206-1d4b3761ea01}",
                    "value": "Remaining time"
                }
            ]
        },
        {
            "properties": {
                "__categories": [
                ],
                "__groups": [
                ],
                "description": {
                    "enabled": true,
                    "type": "text",
                    "value": "",
                    "visible": true
                },
                "id": {
                    "enabled": true,
                    "type": "uuid",
                    "value": "{53acbcea-3a39-4b1f-bd2c-756167ada681}",
                    "visible": true
                },
                "name": {
                    "enabled": true,
                    "type": "text",
                    "value": "Notice",
                    "visible": true
                },
                "path": {
                    "enabled": true,
                    "type": "text",
                    "value": "/",
                    "visible": true
                }
            },
            "values": [
                {
                    "language": "{27ac2877-85df-480e-b206-1d4b3761ea01}",
                    "value": "Please,\\nplug your car"
                }
            ]
        },
        {
            "properties": {
                "__categories": [
                ],
                "__groups": [
                ],
                "description": {
                    "enabled": true,
                    "type": "text",
                    "value": "",
                    "visible": true
                },
                "id": {
                    "enabled": true,
                    "type": "uuid",
                    "value": "{5e03be7b-8a02-4c89-a5b7-d5c35abe203f}",
                    "visible": true
                },
                "name": {
                    "enabled": true,
                    "type": "text",
                    "value": "charging_notice",
                    "visible": true
                },
                "path": {
                    "enabled": true,
                    "type": "text",
                    "value": "/",
                    "visible": true
                }
            },
            "values": [
                {
                    "language": "{27ac2877-85df-480e-b206-1d4b3761ea01}",
                    "value": "Charging..."
                }
            ]
        },
        {
            "properties": {
                "__categories": [
                ],
                "__groups": [
                ],
                "description": {
                    "enabled": true,
                    "type": "text",
                    "value": "",
                    "visible": true
                },
                "id": {
                    "enabled": true,
                    "type": "uuid",
                    "value": "{5f597b5c-34bb-436d-bb86-b254a9674e31}",
                    "visible": true
                },
                "name": {
                    "enabled": true,
                    "type": "text",
                    "value": "energy_unit",
                    "visible": true
                },
                "path": {
                    "enabled": true,
                    "type": "text",
                    "value": "/",
                    "visible": true
                }
            },
            "values": [
                {
                    "language": "{27ac2877-85df-480e-b206-1d4b3761ea01}",
                    "value": "kWh"
                }
            ]
        },
        {
            "properties": {
                "__categories": [
                ],
                "__groups": [
                ],
                "description": {
                    "enabled": true,
                    "type": "text",
                    "value": "",
                    "visible": true
                },
                "id": {
                    "enabled": true,
                    "type": "uuid",
                    "value": "{79988dd6-5b57-4eb1-9064-b159d328f484}",
                    "visible": true
                },
                "name": {
                    "enabled": true,
                    "type": "text",
                    "value": "charge_percent",
                    "visible": true
                },
                "path": {
                    "enabled": true,
                    "type": "text",
                    "value": "/",
                    "visible": true
                }
            },
            "values": [
            ]
        },
        {
            "properties": {
                "__categories": [
                ],
                "__groups": [
                ],
                "description": {
                    "enabled": true,
                    "type": "text",
                    "value": "",
                    "visible": true
                },
                "id": {
                    "enabled": true,
                    "type": "uuid",
                    "value": "{805236b6-b621-4af0-8387-6d508d64ad0c}",
                    "visible": true
                },
                "name": {
                    "enabled": true,
                    "type": "text",
                    "value": "remaining_charge",
                    "visible": true
                },
                "path": {
                    "enabled": true,
                    "type": "text",
                    "value": "/",
                    "visible": true
                }
            },
            "values": [
                {
                    "language": "{27ac2877-85df-480e-b206-1d4b3761ea01}",
                    "value": "10%"
                }
            ]
        },
        {
            "properties": {
                "__categories": [
                ],
                "__groups": [
                ],
                "description": {
                    "enabled": true,
                    "type": "text",
                    "value": "",
                    "visible": true
                },
                "id": {
                    "enabled": true,
                    "type": "uuid",
                    "value": "{83ab5abd-8e0f-4697-ab05-6857715c3020}",
                    "visible": true
                },
                "name": {
                    "enabled": true,
                    "type": "text",
                    "value": "pwr",
                    "visible": true
                },
                "path": {
                    "enabled": true,
                    "type": "text",
                    "value": "/",
                    "visible": true
                }
            },
            "values": [
                {
                    "language": "{27ac2877-85df-480e-b206-1d4b3761ea01}",
                    "value": "25"
                }
            ]
        },
        {
            "properties": {
                "__categories": [
                ],
                "__groups": [
                ],
                "description": {
                    "enabled": true,
                    "type": "text",
                    "value": "",
                    "visible": true
                },
                "id": {
                    "enabled": true,
                    "type": "uuid",
                    "value": "{90e578e0-f6bb-44d1-bca0-d81325a9cf67}",
                    "visible": true
                },
                "name": {
                    "enabled": true,
                    "type": "text",
                    "value": "charged_notice",
                    "visible": true
                },
                "path": {
                    "enabled": true,
                    "type": "text",
                    "value": "/",
                    "visible": true
                }
            },
            "values": [
                {
                    "language": "{27ac2877-85df-480e-b206-1d4b3761ea01}",
                    "value": "Battery fully \\ncharged"
                }
            ]
        },
        {
            "properties": {
                "__categories": [
                ],
                "__groups": [
                ],
                "description": {
                    "enabled": true,
                    "type": "text",
                    "value": "",
                    "visible": true
                },
                "id": {
                    "enabled": true,
                    "type": "uuid",
                    "value": "{c170afa7-8c8a-46ac-8beb-abf10a45c086}",
                    "visible": true
                },
                "name": {
                    "enabled": true,
                    "type": "text",
                    "value": "energy",
                    "visible": true
                },
                "path": {
                    "enabled": true,
                    "type": "text",
                    "value": "/",
                    "visible": true
                }
            },
            "values": [
                {
                    "language": "{27ac2877-85df-480e-b206-1d4b3761ea01}",
                    "value": "4"
                }
            ]
        },
        {
            "properties": {
                "__categories": [
                ],
                "__groups": [
                ],
                "description": {
                    "enabled": true,
                    "type": "text",
                    "value": "",
                    "visible": true
                },
                "id": {
                    "enabled": true,
                    "type": "uuid",
                    "value": "{c619aedd-c5c4-4e97-85e4-ae787df9ac44}",
                    "visible": true
                },
                "name": {
                    "enabled": true,
                    "type": "text",
                    "value": "rtime",
                    "visible": true
                },
                "path": {
                    "enabled": true,
                    "type": "text",
                    "value": "/",
                    "visible": true
                }
            },
            "values": [
                {
                    "language": "{27ac2877-85df-480e-b206-1d4b3761ea01}",
                    "value": "180"
                }
            ]
        },
        {
            "properties": {
                "__categories": [
                ],
                "__groups": [
                ],
                "description": {
                    "enabled": true,
                    "type": "text",
                    "value": "",
                    "visible": true
                },
                "id": {
                    "enabled": true,
                    "type": "uuid",
                    "value": "{e0ac6456-3db8-409c-ad6a-76db8718b388}",
                    "visible": true
                },
                "name": {
                    "enabled": true,
                    "type": "text",
                    "value": "op_label",
                    "visible": true
                },
                "path": {
                    "enabled": true,
                    "type": "text",
                    "value": "/",
                    "visible": true
                }
            },
            "values": [
                {
                    "language": "{27ac2877-85df-480e-b206-1d4b3761ea01}",
                    "value": "Output\\nPower"
                }
            ]
        },
        {
            "properties": {
                "__categories": [
                ],
                "__groups": [
                ],
                "description": {
                    "enabled": true,
                    "type": "text",
                    "value": "",
                    "visible": true
                },
                "id": {
                    "enabled": true,
                    "type": "uuid",
                    "value": "{e14e132a-b210-4628-96a5-06bd68d1961c}",
                    "visible": true
                },
                "name": {
                    "enabled": true,
                    "type": "text",
                    "value": "evcharger",
                    "visible": true
                },
                "path": {
                    "enabled": true,
                    "type": "text",
                    "value": "/",
                    "visible": true
                }
            },
            "values": [
                {
                    "language": "{27ac2877-85df-480e-b206-1d4b3761ea01}",
                    "value": "EV Charging"
                }
            ]
        },
        {
            "properties": {
                "__categories": [
                ],
                "__groups": [
                ],
                "description": {
                    "enabled": true,
                    "type": "text",
                    "value": "",
                    "visible": true
                },
                "id": {
                    "enabled": true,
                    "type": "uuid",
                    "value": "{e38ef064-14b0-48fa-bff7-c28fb307e703}",
                    "visible": true
                },
                "name": {
                    "enabled": true,
                    "type": "text",
                    "value": "time_label",
                    "visible": true
                },
                "path": {
                    "enabled": true,
                    "type": "text",
                    "value": "/",
                    "visible": true
                }
            },
            "values": [
                {
                    "language": "{27ac2877-85df-480e-b206-1d4b3761ea01}",
                    "value": "Remaining\\nTime"
                }
            ]
        },
        {
            "properties": {
                "__categories": [
                ],
                "__groups": [
                ],
                "description": {
                    "enabled": true,
                    "type": "text",
                    "value": "",
                    "visible": true
                },
                "id": {
                    "enabled": true,
                    "type": "uuid",
                    "value": "{e716c084-97a9-4e99-9516-0dc128872f2e}",
                    "visible": true
                },
                "name": {
                    "enabled": true,
                    "type": "text",
                    "value": "rtime_unit",
                    "visible": true
                },
                "path": {
                    "enabled": true,
                    "type": "text",
                    "value": "/",
                    "visible": true
                }
            },
            "values": [
                {
                    "language": "{27ac2877-85df-480e-b206-1d4b3761ea01}",
                    "value": "min"
                }
            ]
        },
        {
            "properties": {
                "__categories": [
                ],
                "__groups": [
                ],
                "description": {
                    "enabled": true,
                    "type": "text",
                    "value": "",
                    "visible": true
                },
                "id": {
                    "enabled": true,
                    "type": "uuid",
                    "value": "{ef36d604-2709-4279-82f9-2fd1c56623a4}",
                    "visible": true
                },
                "name": {
                    "enabled": true,
                    "type": "text",
                    "value": "pwr_unit",
                    "visible": true
                },
                "path": {
                    "enabled": true,
                    "type": "text",
                    "value": "/",
                    "visible": true
                }
            },
            "values": [
                {
                    "language": "{27ac2877-85df-480e-b206-1d4b3761ea01}",
                    "value": "kW"
                }
            ]
        }
    ]
}
