{
    "images": [
        {
            "id": "{7475a5e2-aaed-4212-87d6-66912688673b}",
            "name": "mchpLogo_small",
            "type": "RGB"
        },
        {
            "id": "{e6b3526b-4e34-4200-a81e-645e1d8a7d84}",
            "name": "MHGS_logo_smaller",
            "type": "RGB"
        },
        {
            "id": "{f418e75f-a550-4cf5-8b28-58bb3e471e9d}",
            "name": "QuickstartDown_WQVGA",
            "type": "RGB"
        },
        {
            "id": "{58133eb4-7379-47b9-ba95-f79e39944e0e}",
            "name": "QuickstartUp_WQVGA",
            "type": "RGB"
        }
    ],
    "paths": [
    ]
}
