{
    "images": [
        {
            "id": "{7475a5e2-aaed-4212-87d6-66912688673b}",
            "name": "mchpLogo_small",
            "type": "RGB"
        },
        {
            "id": "{f418e75f-a550-4cf5-8b28-58bb3e471e9d}",
            "name": "QuickstartDown_WQVGA",
            "type": "RGB"
        },
        {
            "id": "{58133eb4-7379-47b9-ba95-f79e39944e0e}",
            "name": "QuickstartUp_WQVGA",
            "type": "RGB"
        },
        {
            "id": "{dcde2af0-82d7-4633-bdfe-b66998ac8730}",
            "name": "MGS_120",
            "type": "RGB"
        }
    ],
    "paths": [
    ]
}
